version 2
JvmtiExport can_access_local_variables 0
JvmtiExport can_hotswap_or_post_breakpoint 1
JvmtiExport can_post_on_exceptions 0
# 400 ciObject found
instanceKlass java/util/Formatter$FormatSpecifier
ciInstanceKlass java/lang/Cloneable 1 0 7 100 1 100 1 1 1
instanceKlass java/util/stream/ReduceOps$6ReducingSink
instanceKlass  @bci java/util/stream/IntPipeline max ()Ljava/util/OptionalInt; 1 <appendix> argL0 ; # java/util/stream/IntPipeline$$Lambda+0x000000003f6c7690
instanceKlass com/google/cloud/datastore/core/config/InFilterLimitUtils
instanceKlass  @bci com/google/cloud/datastore/core/query/QueryValidatorImpl countArrayContainsConditions (Lcom/google/cloud/datastore/core/rep/Condition;)I 43 <appendix> argL0 ; # com/google/cloud/datastore/core/query/QueryValidatorImpl$$Lambda+0x000000003f6a6b48
# instanceKlass java/lang/invoke/LambdaForm$MH+0x000000003f47c400
instanceKlass com/google/firebase/rules/lang/common/RegexValidator
# instanceKlass java/lang/invoke/LambdaForm$MH+0x000000003f47c800
instanceKlass com/google/cloud/datastore/core/auth/rules/AsyncPerEntityRulesAuthorizers$FirstPhaseAuthorized
instanceKlass  @bci com/google/cloud/datastore/core/auth/rules/AsyncTwoPhaseRulesAuthorizer lambda$checkCommit$0 (Lcom/google/cloud/datastore/core/auth/rules/RulesRequestContext;Lcom/google/cloud/datastore/core/write/Write;Lcom/google/firebase/rules/runtime/evaluators/AuthRuleEvaluator;)Lcom/google/cloud/datastore/core/auth/rules/AsyncPerEntityRulesAuthorizers$PerEntityWriteAuthorizer; 76 <appendix> argL0 ; # com/google/cloud/datastore/core/auth/rules/AsyncTwoPhaseRulesAuthorizer$$Lambda+0x000000003f6a64b8
instanceKlass  @bci com/google/cloud/datastore/core/auth/rules/AsyncTwoPhaseRulesAuthorizer lambda$checkCommit$0 (Lcom/google/cloud/datastore/core/auth/rules/RulesRequestContext;Lcom/google/cloud/datastore/core/write/Write;Lcom/google/firebase/rules/runtime/evaluators/AuthRuleEvaluator;)Lcom/google/cloud/datastore/core/auth/rules/AsyncPerEntityRulesAuthorizers$PerEntityWriteAuthorizer; 71 <appendix> argL0 ; # com/google/cloud/datastore/core/auth/rules/AsyncTwoPhaseRulesAuthorizer$$Lambda+0x000000003f6a6270
# instanceKlass java/lang/invoke/LambdaForm$MH+0x000000003f5d9400
# instanceKlass java/lang/invoke/LambdaForm$MH+0x000000003f5d9800
# instanceKlass java/lang/invoke/LambdaForm$MH+0x000000003f5da800
# instanceKlass java/lang/invoke/LambdaForm$MH+0x000000003f5f4c00
# instanceKlass java/lang/invoke/LambdaForm$MH+0x000000003f5f5000
# instanceKlass java/lang/invoke/LambdaForm$MH+0x000000003f384000
# instanceKlass java/lang/invoke/LambdaForm$MH+0x000000003f386400
# instanceKlass java/lang/invoke/LambdaForm$MH+0x000000003f584800
# instanceKlass java/lang/invoke/LambdaForm$MH+0x000000003f586400
# instanceKlass java/lang/invoke/LambdaForm$MH+0x000000003f5f4000
instanceKlass sun/net/www/http/KeepAliveEntry
instanceKlass com/google/api/client/http/HttpStatusCodes
instanceKlass com/google/api/client/util/ArrayValueMap
instanceKlass com/google/api/client/http/HttpResponse
instanceKlass sun/net/www/http/Hurryable
instanceKlass java/util/OptionalInt
instanceKlass sun/net/www/HeaderParser
instanceKlass com/google/api/client/util/ByteStreams
instanceKlass com/google/api/client/util/IOUtils
instanceKlass sun/net/www/protocol/http/AuthCacheValue
instanceKlass sun/net/www/http/HttpCapture
instanceKlass sun/net/www/http/KeepAliveKey
instanceKlass sun/net/NetworkClient
instanceKlass io/opencensus/trace/CurrentSpanUtils$ScopeInSpan
instanceKlass com/google/api/client/util/ArrayMap$Entry
instanceKlass com/google/api/client/util/Types
instanceKlass com/google/api/client/util/DataMap$Entry
instanceKlass com/google/api/client/http/javanet/NetHttpRequest$DefaultOutputWriter
instanceKlass com/google/api/client/http/javanet/NetHttpRequest$OutputWriter
instanceKlass java/net/ResponseCache
instanceKlass java/net/CookieHandler
instanceKlass sun/net/util/ProxyUtil
instanceKlass  @bci sun/net/www/protocol/http/AuthCacheImpl getAuthCacheFor (Ljava/net/Authenticator;)Lsun/net/www/protocol/http/AuthCacheImpl; 4 <appendix> argL0 ; # sun/net/www/protocol/http/AuthCacheImpl$$Lambda+0x000000003f6c23d8
instanceKlass java/net/Authenticator
instanceKlass sun/net/www/protocol/http/AuthCacheImpl
instanceKlass sun/net/www/protocol/http/AuthCache
instanceKlass java/net/spi/URLStreamHandlerProvider
instanceKlass jdk/internal/misc/ThreadTracker
instanceKlass java/net/URL$ThreadTrackHolder
instanceKlass com/google/api/client/util/ArrayMap$EntryIterator
instanceKlass com/google/api/client/util/DataMap$EntryIterator
instanceKlass com/google/api/client/util/GenericData$EntryIterator
instanceKlass io/opencensus/common/Scope
instanceKlass io/opencensus/common/NonThrowingCloseable
instanceKlass io/opencensus/trace/CurrentSpanUtils
instanceKlass  @bci java/util/regex/Pattern and (Ljava/util/regex/Pattern$CharPredicate;Ljava/util/regex/Pattern$CharPredicate;Z)Ljava/util/regex/Pattern$CharPredicate; 14 <appendix> member <vmtarget> ; # java/util/regex/Pattern$$Lambda+0x000000003f6c0768
instanceKlass  @bci java/util/regex/CharPredicates ctype (I)Ljava/util/regex/Pattern$CharPredicate; 1 <appendix> member <vmtarget> ; # java/util/regex/CharPredicates$$Lambda+0x000000003f6c04d0
instanceKlass  @bci java/util/regex/CharPredicates range (II)Ljava/util/regex/Pattern$CharPredicate; 2 <appendix> member <vmtarget> ; # java/util/regex/CharPredicates$$Lambda+0x000000003f6c0238
instanceKlass com/google/api/client/http/HttpMediaType
instanceKlass io/opencensus/trace/TraceOptions$Builder
instanceKlass io/opencensus/trace/propagation/TextFormat
instanceKlass io/opencensus/contrib/http/util/HttpPropagationUtil
instanceKlass io/opencensus/trace/propagation/TextFormat$Setter
instanceKlass com/google/api/client/http/OpenCensusUtils
instanceKlass com/google/api/client/util/Sleeper$1
instanceKlass com/google/api/client/util/Sleeper
instanceKlass com/google/api/client/http/HttpRequest
instanceKlass com/google/api/client/http/AbstractInputStreamContent
instanceKlass com/google/api/client/http/HttpRequestFactory
instanceKlass com/google/api/client/util/escape/CharEscapers
instanceKlass com/google/api/client/util/escape/Escaper
instanceKlass java/time/Clock$SystemInstantSource
instanceKlass com/google/api/client/util/Objects
instanceKlass com/google/api/client/http/HttpHeaders$ParseHeaderState
instanceKlass com/google/api/client/http/LowLevelHttpResponse
instanceKlass com/google/api/client/util/DateTime
instanceKlass com/google/api/client/util/Data
instanceKlass com/google/api/client/util/Key
instanceKlass com/google/api/client/util/FieldInfo
instanceKlass com/google/api/client/util/ClassInfo$1
instanceKlass com/google/api/client/util/Preconditions
instanceKlass com/google/api/client/util/ClassInfo
instanceKlass  @bci com/google/cloud/datastore/emulator/impl/events/FunctionsEmulatorEventPublisher publishV2Event (Ljava/lang/String;Ljava/lang/String;Ljava/lang/String;Ljava/lang/String;Ljava/lang/String;Ljava/lang/String;Ljava/lang/String;Lcom/google/protos/google/events/cloud/firestore/v1/Data$Document;Lcom/google/protos/google/events/cloud/firestore/v1/Data$Document;)V 28 <appendix> form vmentry <vmtarget> ; # java/lang/invoke/LambdaForm$DMH+0x000000003f697c00
instanceKlass  @bci com/google/cloud/datastore/emulator/impl/events/FunctionsEmulatorEventPublisher publishV2Event (Ljava/lang/String;Ljava/lang/String;Ljava/lang/String;Ljava/lang/String;Ljava/lang/String;Ljava/lang/String;Ljava/lang/String;Lcom/google/protos/google/events/cloud/firestore/v1/Data$Document;Lcom/google/protos/google/events/cloud/firestore/v1/Data$Document;)V 28 <appendix> member <vmtarget> ; # com/google/cloud/datastore/emulator/impl/events/FunctionsEmulatorEventPublisher$$Lambda+0x000000003f69bd40
instanceKlass  @cpi com/google/cloud/datastore/emulator/impl/events/FunctionsEmulatorEventPublisher 622 form vmentry <vmtarget> ; # java/lang/invoke/LambdaForm$DMH+0x000000003f697800
instanceKlass java/util/Base64$Encoder
instanceKlass java/util/Base64
instanceKlass com/google/protos/google/events/cloud/firestore/v1/Data$DocumentMaskOrBuilder
instanceKlass com/google/protos/google/events/cloud/firestore/v1/Data$DocumentEventDataOrBuilder
instanceKlass com/google/protos/google/events/cloud/firestore/v1/DataInternalDescriptors
instanceKlass com/google/protos/google/events/cloud/firestore/v1/Data$Document$FieldsDefaultEntryHolder
instanceKlass com/google/protos/google/events/cloud/firestore/v1/Data$Document$Builder$FieldsConverter
instanceKlass com/google/protos/google/events/cloud/firestore/v1/Data$DocumentOrBuilder
instanceKlass  @bci com/google/cloud/eventflow/eventfilters/filtering/pathpattern/PathPattern matches (Ljava/lang/String;)Z 118 <appendix> member <vmtarget> ; # com/google/cloud/eventflow/eventfilters/filtering/pathpattern/PathPattern$$Lambda+0x000000003f691c38
instanceKlass com/google/common/math/DoubleUtils
instanceKlass com/google/common/math/DoubleMath
# instanceKlass java/lang/invoke/LambdaForm$MH+0x000000003f697400
# instanceKlass java/lang/invoke/LambdaForm$MH+0x000000003f697000
# instanceKlass java/lang/invoke/LambdaForm$MH+0x000000003f696c00
# instanceKlass java/lang/invoke/LambdaForm$MH+0x000000003f696800
# instanceKlass java/lang/invoke/LambdaForm$MH+0x000000003f696400
# instanceKlass java/lang/invoke/LambdaForm$MH+0x000000003f696000
# instanceKlass java/lang/invoke/LambdaForm$MH+0x000000003f695c00
# instanceKlass java/lang/invoke/LambdaForm$MH+0x000000003f695800
# instanceKlass java/lang/invoke/LambdaForm$MH+0x000000003f695400
# instanceKlass java/lang/invoke/LambdaForm$MH+0x000000003f695000
# instanceKlass java/lang/invoke/LambdaForm$MH+0x000000003f694c00
# instanceKlass java/lang/invoke/LambdaForm$MH+0x000000003f694800
# instanceKlass java/lang/invoke/LambdaForm$MH+0x000000003f694400
# instanceKlass java/lang/invoke/LambdaForm$DMH+0x000000003f694000
instanceKlass io/grpc/netty/NettyServerHandler$4
instanceKlass io/grpc/internal/InternalSubchannel$6
instanceKlass io/grpc/internal/InternalSubchannel$TransportListener$3
instanceKlass io/grpc/netty/NettyClientHandler$4
instanceKlass io/gapi/emulators/netty/TcpProxyHandler$LogOnFailure
instanceKlass io/netty/handler/codec/http2/Http2ConnectionHandler$ClosingChannelFutureListener
instanceKlass io/netty/handler/codec/http2/Http2ConnectionHandler$5
instanceKlass io/netty/handler/codec/http2/DefaultHttp2Connection$1
instanceKlass io/grpc/internal/InternalSubchannel$TransportListener$2
instanceKlass io/grpc/internal/InternalSubchannel$5
instanceKlass io/grpc/SynchronizationContext$ScheduledHandle
instanceKlass io/grpc/SynchronizationContext$1
instanceKlass io/grpc/SynchronizationContext$ManagedRunnable
instanceKlass io/grpc/internal/ManagedChannelImpl$SubchannelImpl$1ShutdownSubchannel
instanceKlass io/grpc/internal/Rescheduler$ChannelFutureRunnable
instanceKlass java/util/concurrent/locks/AbstractQueuedLongSynchronizer$Node
instanceKlass  @bci com/google/cloud/datastore/computation/Remainder drop ()Lcom/google/cloud/datastore/computation/Remainder; 2 <appendix> argL0 ; # com/google/cloud/datastore/computation/Remainder$$Lambda+0x000000003f68bd38
instanceKlass com/google/firebase/rules/runtime/common/UnicodeComparator
instanceKlass  @bci com/google/cloud/datastore/core/auth/rules/AsyncLookupManager$LookupCaches lambda$new$0 (Lcom/google/cloud/datastore/core/auth/rules/AsyncRulesAuthorizer$ReadHandler;Lcom/google/cloud/datastore/core/auth/rules/EntityToExpressionValueConverter;Lcom/google/cloud/datastore/core/rep/EntityRef;)Lcom/google/cloud/datastore/computation/Remainder; 8 <appendix> member <vmtarget> ; # com/google/cloud/datastore/core/auth/rules/AsyncLookupManager$LookupCaches$$Lambda+0x000000003f68b8f8
instanceKlass  @bci com/google/cloud/datastore/core/auth/rules/AsyncReadHandlers$AccessCollectorDecorator lambda$asyncRead$0 (Lcom/google/cloud/datastore/core/rep/EntityRef;[Z[J[I)Lcom/google/cloud/datastore/computation/Remainder; 14 <appendix> member <vmtarget> ; # com/google/cloud/datastore/core/auth/rules/AsyncReadHandlers$AccessCollectorDecorator$$Lambda+0x000000003f68b6c8
instanceKlass  @bci com/google/cloud/datastore/core/auth/rules/AsyncReadHandlers$AccessCollectorDecorator asyncRead (Lcom/google/cloud/datastore/core/rep/EntityRef;)Lcom/google/cloud/datastore/computation/Remainder; 53 <appendix> member <vmtarget> ; # com/google/cloud/datastore/core/auth/rules/AsyncReadHandlers$AccessCollectorDecorator$$Lambda+0x000000003f68b498
instanceKlass  @bci com/google/cloud/datastore/core/auth/rules/AsyncReadHandlers$AccessCollectorDecorator asyncRead (Lcom/google/cloud/datastore/core/rep/EntityRef;)Lcom/google/cloud/datastore/computation/Remainder; 40 <appendix> member <vmtarget> ; # com/google/cloud/datastore/core/auth/rules/AsyncReadHandlers$AccessCollectorDecorator$$Lambda+0x000000003f68b238
instanceKlass com/google/common/cache/ShimAsyncCache$Entry$Value
instanceKlass  @bci com/google/common/cache/ShimAsyncCache nullHostileFuture (Lcom/google/common/util/concurrent/ListenableFuture;)Lcom/google/common/util/concurrent/ListenableFuture; 1 <appendix> argL0 ; # com/google/common/cache/ShimAsyncCache$$Lambda+0x000000003f68ad78
instanceKlass  @bci com/google/cloud/datastore/core/auth/rules/AsyncLookupManager$LookupCaches lambda$new$2 (Lcom/google/cloud/datastore/core/auth/rules/AsyncRulesAuthorizer$ReadHandler;Lcom/google/cloud/datastore/core/rep/EntityRef;)Lcom/google/cloud/datastore/computation/Remainder; 7 <appendix> argL0 ; # com/google/cloud/datastore/core/auth/rules/AsyncLookupManager$LookupCaches$$Lambda+0x000000003f68ab50
instanceKlass  @bci com/google/cloud/datastore/core/auth/rules/AsyncReadHandlers$AccessCollectorDecorator lambda$asyncExists$0 (Lcom/google/cloud/datastore/core/rep/EntityRef;[Z[J)Lcom/google/cloud/datastore/computation/Remainder; 12 <appendix> member <vmtarget> ; # com/google/cloud/datastore/core/auth/rules/AsyncReadHandlers$AccessCollectorDecorator$$Lambda+0x000000003f68a920
instanceKlass  @bci com/google/cloud/datastore/core/auth/rules/AsyncReadHandlers$AccessCollectorDecorator asyncExists (Lcom/google/cloud/datastore/core/rep/EntityRef;)Lcom/google/cloud/datastore/computation/Remainder; 40 <appendix> member <vmtarget> ; # com/google/cloud/datastore/core/auth/rules/AsyncReadHandlers$AccessCollectorDecorator$$Lambda+0x000000003f68a6f0
instanceKlass  @bci com/google/cloud/datastore/core/auth/rules/AsyncReadHandlers$AccessCollectorDecorator asyncExists (Lcom/google/cloud/datastore/core/rep/EntityRef;)Lcom/google/cloud/datastore/computation/Remainder; 29 <appendix> member <vmtarget> ; # com/google/cloud/datastore/core/auth/rules/AsyncReadHandlers$AccessCollectorDecorator$$Lambda+0x000000003f68a490
instanceKlass  @bci com/google/cloud/datastore/core/auth/rules/AsyncLookupManager$1 load (Ljava/lang/Object;)Lcom/google/common/util/concurrent/ListenableFuture; 5 <appendix> member <vmtarget> ; # com/google/cloud/datastore/core/auth/rules/AsyncLookupManager$1$$Lambda+0x000000003f68a230
instanceKlass  @bci com/google/common/cache/ShimAsyncCache$Entry listen (Lcom/google/common/util/concurrent/ListenableFuture;Lcom/google/common/cache/ShimAsyncCache$RecordCompletion;)V 19 <appendix> member <vmtarget> ; # com/google/common/cache/ShimAsyncCache$Entry$$Lambda+0x000000003f68a000
instanceKlass com/google/common/cache/ShimAsyncCache$PersistentQueue
instanceKlass com/google/common/cache/ShimAsyncCache$Entry$Waiting
instanceKlass com/google/common/cache/ShimAsyncCache$Entry$EntryState
instanceKlass com/google/common/cache/ShimAsyncCache$Entry
instanceKlass  @bci com/google/cloud/datastore/core/auth/rules/AsyncTwoPhaseRulesAuthorizer checkResource (Lcom/google/cloud/datastore/core/auth/rules/RuleContextBuilderAndResource;Lcom/google/cloud/datastore/core/auth/rules/RulesRequestContext;Lcom/google/firebase/rules/runtime/evaluators/AuthRuleEvaluator;Lcom/google/cloud/datastore/core/auth/rules/AsyncLookupManager;Lcom/google/cloud/datastore/core/auth/rules/AsyncRulesAuthorizer$ReadHandler;)Lcom/google/cloud/datastore/computation/Remainder; 61 <appendix> member <vmtarget> ; # com/google/cloud/datastore/core/auth/rules/AsyncTwoPhaseRulesAuthorizer$$Lambda+0x000000003f68da80
instanceKlass  @bci com/google/cloud/datastore/core/auth/rules/AsyncLookupManager addDynamicLookupFunctionsAndVariables (Lcom/google/cloud/datastore/core/auth/rules/AsyncRulesAuthorizer$ReadHandler;Lcom/google/cloud/datastore/core/auth/rules/DatastoreRuleContextBuilder;)Lcom/google/cloud/datastore/core/auth/rules/DatastoreRuleContextBuilder; 163 <appendix> member <vmtarget> ; # com/google/cloud/datastore/core/auth/rules/AsyncLookupManager$$Lambda+0x000000003f68d850
instanceKlass  @bci com/google/cloud/datastore/core/auth/rules/AsyncLookupManager addDynamicLookupFunctionsAndVariables (Lcom/google/cloud/datastore/core/auth/rules/AsyncRulesAuthorizer$ReadHandler;Lcom/google/cloud/datastore/core/auth/rules/DatastoreRuleContextBuilder;)Lcom/google/cloud/datastore/core/auth/rules/DatastoreRuleContextBuilder; 130 <appendix> member <vmtarget> ; # com/google/cloud/datastore/core/auth/rules/AsyncLookupManager$$Lambda+0x000000003f68d620
instanceKlass  @bci com/google/cloud/datastore/core/auth/rules/AsyncLookupManager addDynamicLookupFunctionsAndVariables (Lcom/google/cloud/datastore/core/auth/rules/AsyncRulesAuthorizer$ReadHandler;Lcom/google/cloud/datastore/core/auth/rules/DatastoreRuleContextBuilder;)Lcom/google/cloud/datastore/core/auth/rules/DatastoreRuleContextBuilder; 97 <appendix> member <vmtarget> ; # com/google/cloud/datastore/core/auth/rules/AsyncLookupManager$$Lambda+0x000000003f68d3f0
instanceKlass  @bci com/google/cloud/datastore/core/auth/rules/AsyncLookupManager addDynamicLookupFunctionsAndVariables (Lcom/google/cloud/datastore/core/auth/rules/AsyncRulesAuthorizer$ReadHandler;Lcom/google/cloud/datastore/core/auth/rules/DatastoreRuleContextBuilder;)Lcom/google/cloud/datastore/core/auth/rules/DatastoreRuleContextBuilder; 64 <appendix> member <vmtarget> ; # com/google/cloud/datastore/core/auth/rules/AsyncLookupManager$$Lambda+0x000000003f68d1c0
instanceKlass  @bci com/google/cloud/datastore/core/auth/rules/AsyncLookupManager addDynamicLookupFunctionsAndVariables (Lcom/google/cloud/datastore/core/auth/rules/AsyncRulesAuthorizer$ReadHandler;Lcom/google/cloud/datastore/core/auth/rules/DatastoreRuleContextBuilder;)Lcom/google/cloud/datastore/core/auth/rules/DatastoreRuleContextBuilder; 31 <appendix> member <vmtarget> ; # com/google/cloud/datastore/core/auth/rules/AsyncLookupManager$$Lambda+0x000000003f68cf90
instanceKlass  @bci com/google/cloud/datastore/computation/Computation whileTrue (Lcom/google/cloud/datastore/computation/Computation;Lcom/google/cloud/datastore/computation/Computation;)Lcom/google/cloud/datastore/computation/Remainder; 8 <appendix> member <vmtarget> ; # com/google/cloud/datastore/computation/Computation$$Lambda+0x000000003f68cd60
instanceKlass  @bci com/google/cloud/datastore/computation/Computation whileTrue (Lcom/google/cloud/datastore/computation/CSupplier;Lcom/google/cloud/datastore/computation/Computation;)Lcom/google/cloud/datastore/computation/Remainder; 1 <appendix> member <vmtarget> ; # com/google/cloud/datastore/computation/Computation$$Lambda+0x000000003f68cb00
instanceKlass  @bci com/google/cloud/datastore/computation/Computation forEach (Ljava/util/Iterator;Lcom/google/cloud/datastore/computation/CFunction;)Lcom/google/cloud/datastore/computation/Remainder; 13 <appendix> member <vmtarget> ; # com/google/cloud/datastore/computation/Computation$$Lambda+0x000000003f68c8a0
instanceKlass  @bci com/google/cloud/datastore/computation/Computation forEach (Ljava/util/Iterator;Lcom/google/cloud/datastore/computation/CFunction;)Lcom/google/cloud/datastore/computation/Remainder; 6 <appendix> member <vmtarget> ; # com/google/cloud/datastore/computation/Computation$$Lambda+0x000000003f68c670
instanceKlass com/google/cloud/datastore/computation/CSupplier
instanceKlass  @bci com/google/cloud/datastore/core/auth/rules/AsyncTwoPhaseRulesAuthorizer checkResources (Lcom/google/cloud/datastore/core/auth/rules/RulesRequestContext;Lcom/google/cloud/datastore/core/auth/rules/AsyncRulesAuthorizer$ReadHandler;Ljava/util/List;Lcom/google/firebase/rules/runtime/evaluators/AuthRuleEvaluator;)Lcom/google/cloud/datastore/computation/Remainder; 14 <appendix> member <vmtarget> ; # com/google/cloud/datastore/core/auth/rules/AsyncTwoPhaseRulesAuthorizer$$Lambda+0x000000003f68c238
instanceKlass java/lang/Throwable$PrintStreamOrWriter
instanceKlass io/netty/channel/AbstractChannelHandlerContext$5
# instanceKlass java/lang/invoke/LambdaForm$MH+0x000000003f688c00
# instanceKlass java/lang/invoke/LambdaForm$MH+0x000000003f688800
# instanceKlass java/lang/invoke/LambdaForm$MH+0x000000003f688400
# instanceKlass java/lang/invoke/LambdaForm$MH+0x000000003f688000
# instanceKlass java/lang/invoke/LambdaForm$MH+0x000000003f687c00
# instanceKlass java/lang/invoke/LambdaForm$MH+0x000000003f687800
# instanceKlass java/lang/invoke/LambdaForm$MH+0x000000003f687400
# instanceKlass java/lang/invoke/LambdaForm$MH+0x000000003f687000
# instanceKlass java/lang/invoke/LambdaForm$MH+0x000000003f686c00
# instanceKlass java/lang/invoke/LambdaForm$MH+0x000000003f686800
# instanceKlass java/lang/invoke/LambdaForm$MH+0x000000003f686400
# instanceKlass java/lang/invoke/LambdaForm$MH+0x000000003f686000
# instanceKlass java/lang/invoke/LambdaForm$MH+0x000000003f685c00
# instanceKlass java/lang/invoke/LambdaForm$MH+0x000000003f685800
# instanceKlass java/lang/invoke/LambdaForm$MH+0x000000003f685400
# instanceKlass java/lang/invoke/LambdaForm$MH+0x000000003f685000
# instanceKlass java/lang/invoke/LambdaForm$MH+0x000000003f684c00
# instanceKlass java/lang/invoke/LambdaForm$MH+0x000000003f684800
# instanceKlass java/lang/invoke/LambdaForm$MH+0x000000003f684400
instanceKlass com/google/cloud/datastore/core/order/FirestoreValueOrder$1
instanceKlass com/google/cloud/datastore/core/write/TransformationFunctions$ArrayTransform
instanceKlass com/google/cloud/datastore/core/rep/ValueSet
instanceKlass com/google/cloud/datastore/core/order/FirestoreValueOrderProvider$1
instanceKlass com/google/cloud/datastore/core/order/FirestoreValueOrderProvider
# instanceKlass java/lang/invoke/LambdaForm$MH+0x000000003f684000
# instanceKlass java/lang/invoke/LambdaForm$MH+0x000000003f683c00
# instanceKlass java/lang/invoke/LambdaForm$MH+0x000000003f683800
# instanceKlass java/lang/invoke/LambdaForm$MH+0x000000003f683400
# instanceKlass java/lang/invoke/LambdaForm$MH+0x000000003f683000
# instanceKlass java/lang/invoke/LambdaForm$MH+0x000000003f682c00
# instanceKlass java/lang/invoke/LambdaForm$MH+0x000000003f682800
# instanceKlass java/lang/invoke/LambdaForm$MH+0x000000003f682400
# instanceKlass java/lang/invoke/LambdaForm$MH+0x000000003f682000
# instanceKlass java/lang/invoke/LambdaForm$MH+0x000000003f681c00
# instanceKlass java/lang/invoke/LambdaForm$MH+0x000000003f681800
# instanceKlass java/lang/invoke/LambdaForm$MH+0x000000003f681400
# instanceKlass java/lang/invoke/LambdaForm$MH+0x000000003f681000
# instanceKlass java/lang/invoke/LambdaForm$MH+0x000000003f680c00
# instanceKlass java/lang/invoke/LambdaForm$MH+0x000000003f680800
# instanceKlass java/lang/invoke/LambdaForm$MH+0x000000003f680400
# instanceKlass java/lang/invoke/LambdaForm$MH+0x000000003f680000
# instanceKlass java/lang/invoke/LambdaForm$MH+0x000000003f67bc00
# instanceKlass java/lang/invoke/LambdaForm$MH+0x000000003f67b800
# instanceKlass java/lang/invoke/LambdaForm$MH+0x000000003f67b400
# instanceKlass java/lang/invoke/LambdaForm$MH+0x000000003f67b000
# instanceKlass java/lang/invoke/LambdaForm$MH+0x000000003f67ac00
# instanceKlass java/lang/invoke/LambdaForm$MH+0x000000003f67a800
# instanceKlass java/lang/invoke/LambdaForm$MH+0x000000003f67a400
# instanceKlass java/lang/invoke/LambdaForm$MH+0x000000003f67a000
# instanceKlass java/lang/invoke/LambdaForm$MH+0x000000003f679c00
# instanceKlass java/lang/invoke/LambdaForm$MH+0x000000003f679800
# instanceKlass java/lang/invoke/LambdaForm$MH+0x000000003f679400
# instanceKlass java/lang/invoke/LambdaForm$MH+0x000000003f679000
# instanceKlass java/lang/invoke/LambdaForm$MH+0x000000003f678c00
# instanceKlass java/lang/invoke/LambdaForm$MH+0x000000003f678800
# instanceKlass java/lang/invoke/LambdaForm$MH+0x000000003f678400
instanceKlass io/netty/bootstrap/Bootstrap$2
instanceKlass com/google/cloud/datastore/core/rep/validator/DatabaseRefValidator
instanceKlass  @bci com/google/cloud/datastore/emulator/impl/firestore/CloudFirestoreV1 runQueryStandardEdition (Lcom/google/cloud/datastore/emulator/impl/context/FirestoreEmulatorRequestContext;Lcom/google/firestore/v1/RunQueryRequest;)Lcom/google/common/collect/ImmutableList; 116 <appendix> member <vmtarget> ; # com/google/cloud/datastore/emulator/impl/firestore/CloudFirestoreV1$$Lambda+0x000000003f67cfe0
instanceKlass  @bci com/google/cloud/datastore/emulator/impl/firestore/CloudFirestoreV1 runQueryStandardEdition (Lcom/google/cloud/datastore/emulator/impl/context/FirestoreEmulatorRequestContext;Lcom/google/firestore/v1/RunQueryRequest;)Lcom/google/common/collect/ImmutableList; 110 <appendix> argL0 ; # com/google/cloud/datastore/emulator/impl/firestore/CloudFirestoreV1$$Lambda+0x000000003f67cdb8
instanceKlass  @bci com/google/cloud/datastore/emulator/impl/firestore/FirestoreEmulatorHelper performQueryOnRows (Lcom/google/cloud/datastore/core/rep/DatabaseRef;Ljava/util/Map;Lcom/google/cloud/datastore/core/rep/Query;Lcom/google/cloud/datastore/core/rep/QueryScope;Lcom/google/cloud/datastore/emulator/impl/queries/QueryResultStats;)Lcom/google/common/collect/ImmutableList; 178 <appendix> member <vmtarget> ; # com/google/cloud/datastore/emulator/impl/firestore/FirestoreEmulatorHelper$$Lambda+0x000000003f67cb68
instanceKlass  @bci com/google/cloud/datastore/emulator/impl/firestore/FirestoreEmulatorHelper performQueryOnRows (Lcom/google/cloud/datastore/core/rep/DatabaseRef;Ljava/util/Map;Lcom/google/cloud/datastore/core/rep/Query;Lcom/google/cloud/datastore/core/rep/QueryScope;Lcom/google/cloud/datastore/emulator/impl/queries/QueryResultStats;)Lcom/google/common/collect/ImmutableList; 148 <appendix> member <vmtarget> ; # com/google/cloud/datastore/emulator/impl/firestore/FirestoreEmulatorHelper$$Lambda+0x000000003f67c918
instanceKlass  @bci com/google/cloud/datastore/emulator/impl/firestore/FirestoreEmulatorHelper performQueryOnRows (Lcom/google/cloud/datastore/core/rep/DatabaseRef;Ljava/util/Map;Lcom/google/cloud/datastore/core/rep/Query;Lcom/google/cloud/datastore/core/rep/QueryScope;Lcom/google/cloud/datastore/emulator/impl/queries/QueryResultStats;)Lcom/google/common/collect/ImmutableList; 105 <appendix> argL0 ; # com/google/cloud/datastore/emulator/impl/firestore/FirestoreEmulatorHelper$$Lambda+0x000000003f67c6d0
instanceKlass  @bci com/google/cloud/datastore/emulator/impl/firestore/FirestoreEmulatorHelper performQueryOnRows (Lcom/google/cloud/datastore/core/rep/DatabaseRef;Ljava/util/Map;Lcom/google/cloud/datastore/core/rep/Query;Lcom/google/cloud/datastore/core/rep/QueryScope;Lcom/google/cloud/datastore/emulator/impl/queries/QueryResultStats;)Lcom/google/common/collect/ImmutableList; 95 <appendix> argL0 ; # com/google/cloud/datastore/emulator/impl/firestore/FirestoreEmulatorHelper$$Lambda+0x000000003f67c478
instanceKlass  @bci com/google/cloud/datastore/emulator/impl/firestore/FirestoreEmulatorHelper performQueryOnRows (Lcom/google/cloud/datastore/core/rep/DatabaseRef;Ljava/util/Map;Lcom/google/cloud/datastore/core/rep/Query;Lcom/google/cloud/datastore/core/rep/QueryScope;Lcom/google/cloud/datastore/emulator/impl/queries/QueryResultStats;)Lcom/google/common/collect/ImmutableList; 85 <appendix> argL0 ; # com/google/cloud/datastore/emulator/impl/firestore/FirestoreEmulatorHelper$$Lambda+0x000000003f67c230
instanceKlass  @bci com/google/cloud/datastore/emulator/impl/firestore/FirestoreEmulatorHelper query (Lcom/google/cloud/datastore/emulator/impl/context/FirestoreEmulatorRequestContext;Lcom/google/cloud/datastore/core/rep/Query;Lcom/google/cloud/datastore/core/rep/QueryScope;Lcom/google/cloud/datastore/emulator/impl/transactions/EmulatorTransactionManager$EmulatorTransaction;Lcom/google/cloud/datastore/emulator/impl/queries/QueryResultStats;)Lcom/google/common/collect/ImmutableList; 65 <appendix> member <vmtarget> ; # com/google/cloud/datastore/emulator/impl/firestore/FirestoreEmulatorHelper$$Lambda+0x000000003f67c000
instanceKlass  @bci com/google/cloud/datastore/emulator/impl/firestore/FirestoreEmulatorHelper query (Lcom/google/cloud/datastore/emulator/impl/context/FirestoreEmulatorRequestContext;Lcom/google/cloud/datastore/core/rep/Query;Lcom/google/cloud/datastore/core/rep/QueryScope;Lcom/google/cloud/datastore/emulator/impl/transactions/EmulatorTransactionManager$EmulatorTransaction;Lcom/google/cloud/datastore/emulator/impl/queries/QueryResultStats;)Lcom/google/common/collect/ImmutableList; 54 <appendix> member <vmtarget> ; # com/google/cloud/datastore/emulator/impl/firestore/FirestoreEmulatorHelper$$Lambda+0x000000003f677d00
instanceKlass com/google/cloud/datastore/core/rep/validator/PropertyPathValidator$1
instanceKlass com/google/cloud/datastore/core/query/QueryValidatorImpl$3
instanceKlass com/google/cloud/datastore/emulator/impl/firestore/CloudFirestoreV1$1
instanceKlass  @bci com/google/cloud/datastore/emulator/firestore/v1/FirestoreV1GrpcAdapter$1 runQuery (Lcom/google/firestore/v1/RunQueryRequest;Lio/grpc/stub/StreamObserver;)V 3 <appendix> member <vmtarget> ; # com/google/cloud/datastore/emulator/firestore/v1/FirestoreV1GrpcAdapter$1$$Lambda+0x000000003f6769c0
instanceKlass  @bci com/google/common/collect/IndexedImmutableSet spliterator ()Ljava/util/Spliterator; 8 <appendix> member <vmtarget> ; # com/google/common/collect/IndexedImmutableSet$$Lambda+0x000000003f676790
instanceKlass  @cpi com/google/common/collect/IndexedImmutableSet 108 form vmentry <vmtarget> ; # java/lang/invoke/LambdaForm$DMH+0x000000003f678000
instanceKlass  @bci com/google/cloud/datastore/core/rep/PropertyPath getFrom (Ljava/util/Map;)Lcom/google/cloud/datastore/core/rep/values/Value; 37 <appendix> member <vmtarget> ; # com/google/cloud/datastore/core/rep/PropertyPath$$TypeSwitch+0x000000003f676580
instanceKlass com/google/protobuf/MapEntryLite$1
instanceKlass  @bci com/google/cloud/datastore/emulator/impl/firestore/CloudFirestoreV1 batchGetDocuments (Lcom/google/cloud/datastore/emulator/impl/context/FirestoreEmulatorRequestContext;Lcom/google/firestore/v1/BatchGetDocumentsRequest;)Lcom/google/common/collect/ImmutableList; 110 <appendix> member <vmtarget> ; # com/google/cloud/datastore/emulator/impl/firestore/CloudFirestoreV1$$Lambda+0x000000003f6757b8
instanceKlass com/google/cloud/datastore/emulator/impl/transactions/TransactionUtils
instanceKlass  @bci com/google/cloud/datastore/emulator/impl/firestore/FirestoreEmulatorHelper snapshotRead (Lcom/google/cloud/datastore/emulator/impl/context/FirestoreEmulatorRequestContext;Ljava/util/Set;Lcom/google/cloud/datastore/core/rep/PropertyMask;Ljava/time/Instant;)Lcom/google/cloud/datastore/core/rep/ReadResponse; 101 <appendix> member <vmtarget> ; # com/google/cloud/datastore/emulator/impl/firestore/FirestoreEmulatorHelper$$Lambda+0x000000003f675358
instanceKlass  @bci com/google/cloud/datastore/emulator/impl/firestore/FirestoreEmulatorHelper snapshotRead (Lcom/google/cloud/datastore/emulator/impl/context/FirestoreEmulatorRequestContext;Ljava/util/Set;Lcom/google/cloud/datastore/core/rep/PropertyMask;Ljava/time/Instant;)Lcom/google/cloud/datastore/core/rep/ReadResponse; 90 <appendix> member <vmtarget> ; # com/google/cloud/datastore/emulator/impl/firestore/FirestoreEmulatorHelper$$Lambda+0x000000003f675108
instanceKlass  @bci com/google/cloud/datastore/emulator/impl/firestore/FirestoreEmulatorHelper read (Lcom/google/cloud/datastore/emulator/impl/context/FirestoreEmulatorRequestContext;Ljava/util/Set;Lcom/google/cloud/datastore/core/rep/PropertyMask;Lcom/google/cloud/datastore/emulator/impl/transactions/EmulatorTransactionManager$EmulatorTransaction;)Lcom/google/cloud/datastore/core/rep/ReadResponse; 15 <appendix> member <vmtarget> ; # com/google/cloud/datastore/emulator/impl/firestore/FirestoreEmulatorHelper$$Lambda+0x000000003f674ed8
instanceKlass  @bci com/google/cloud/datastore/emulator/impl/firestore/FirestoreEmulatorHelper read (Lcom/google/cloud/datastore/emulator/impl/context/FirestoreEmulatorRequestContext;Ljava/util/Set;Lcom/google/cloud/datastore/core/rep/PropertyMask;Lcom/google/cloud/datastore/emulator/impl/transactions/EmulatorTransactionManager$EmulatorTransaction;)Lcom/google/cloud/datastore/core/rep/ReadResponse; 6 <appendix> member <vmtarget> ; # com/google/cloud/datastore/emulator/impl/firestore/FirestoreEmulatorHelper$$Lambda+0x000000003f674ca8
instanceKlass com/google/cloud/datastore/emulator/impl/transactions/EmulatorTransactionManager$DatastoreFunction
instanceKlass com/google/cloud/datastore/emulator/impl/transactions/EmulatorTransactionManager$ReadOnlyTransaction
instanceKlass com/google/cloud/datastore/emulator/impl/transactions/EmulatorTransactionManager$1
instanceKlass  @bci com/google/cloud/datastore/emulator/firestore/v1/FirestoreV1GrpcAdapter$1 batchGetDocuments (Lcom/google/firestore/v1/BatchGetDocumentsRequest;Lio/grpc/stub/StreamObserver;)V 3 <appendix> member <vmtarget> ; # com/google/cloud/datastore/emulator/firestore/v1/FirestoreV1GrpcAdapter$1$$Lambda+0x000000003f673828
instanceKlass com/google/cloud/datastore/emulator/firestore/v1/FirestoreV1GrpcAdapter$StreamingRpc
instanceKlass io/netty/channel/AbstractChannel$AbstractUnsafe$6
instanceKlass com/google/net/util/error/Codes$Code$1
instanceKlass com/google/cloud/datastore/core/exception/CanonicalErrorCodeTranslator$1
instanceKlass com/google/cloud/datastore/core/exception/CanonicalErrorCodeTranslator
instanceKlass com/google/cloud/datastore/core/exception/DatastoreException$Builder
instanceKlass  @bci com/google/cloud/datastore/emulator/impl/rules/DefaultEmulatorRulesAuthorizer verboseError (Lcom/google/cloud/datastore/core/exception/DatastoreException;Ljava/util/Collection;)Lcom/google/cloud/datastore/core/exception/DatastoreException; 6 <appendix> argL0 ; # com/google/cloud/datastore/emulator/impl/rules/DefaultEmulatorRulesAuthorizer$$Lambda+0x000000003f671698
instanceKlass java/util/concurrent/ConcurrentLinkedQueue$CLQSpliterator
instanceKlass  @bci com/google/cloud/datastore/computation/Remainder thenRun (Lcom/google/cloud/datastore/computation/Computation;)Lcom/google/cloud/datastore/computation/Remainder; 3 <appendix> member <vmtarget> ; # com/google/cloud/datastore/computation/Remainder$$Lambda+0x000000003f671468
instanceKlass  @bci com/google/cloud/datastore/computation/Computation lambda$tryFinally$0 (Lcom/google/cloud/datastore/computation/Computation;Ljava/lang/Throwable;)Lcom/google/cloud/datastore/computation/Remainder; 7 <appendix> member <vmtarget> ; # com/google/cloud/datastore/computation/Computation$$Lambda+0x000000003f671208
instanceKlass com/google/cloud/datastore/computation/Remainder$3$1
instanceKlass com/google/cloud/datastore/computation/Remainder$2$1
instanceKlass com/google/cloud/datastore/computation/Remainder$SafeContinuation
instanceKlass  @bci com/google/cloud/datastore/core/auth/rules/AsyncTwoPhaseRulesAuthorizer$GetAuthorizer lambda$checkRead$0 (Lcom/google/cloud/datastore/core/rep/ReadResult;Lcom/google/cloud/datastore/core/auth/rules/AsyncRulesAuthorizer$ReadHandler;Lcom/google/cloud/datastore/core/stats/GenericStats$TimelineStatsAutoCloseable;)Lcom/google/cloud/datastore/computation/Remainder; 126 <appendix> member <vmtarget> ; # com/google/cloud/datastore/core/auth/rules/AsyncTwoPhaseRulesAuthorizer$GetAuthorizer$$Lambda+0x000000003f670000
instanceKlass  @bci com/google/cloud/datastore/core/auth/rules/AsyncTwoPhaseRulesAuthorizer$GetAuthorizer checkRead (Lcom/google/cloud/datastore/core/auth/rules/AsyncRulesAuthorizer$ReadHandler;Lcom/google/cloud/datastore/core/rep/ReadResult;)Lcom/google/cloud/datastore/computation/Remainder; 21 <appendix> member <vmtarget> ; # com/google/cloud/datastore/core/auth/rules/AsyncTwoPhaseRulesAuthorizer$GetAuthorizer$$Lambda+0x000000003f66bda8
instanceKlass com/google/cloud/datastore/core/auth/rules/AsyncTwoPhaseRulesAuthorizer$GetAuthorizer
instanceKlass  @bci com/google/firebase/rules/runtime/impl/CompositeListener afterAsyncFunction (JLcom/google/firebase/rules/runtime/v1/ExecutionRequest;Lcom/google/firebase/rules/runtime/common/ParentPointer;Lcom/google/common/util/concurrent/ListenableFuture;)V 11 <adapter> ; # java/lang/invoke/LambdaForm$MH+0x000000003f66fc00
# instanceKlass java/lang/invoke/LambdaForm$DMH+0x000000003f66f800
instanceKlass  @bci com/google/firebase/rules/runtime/impl/CompositeListener afterAsyncFunction (JLcom/google/firebase/rules/runtime/v1/ExecutionRequest;Lcom/google/firebase/rules/runtime/common/ParentPointer;Lcom/google/common/util/concurrent/ListenableFuture;)V 11 <appendix> form vmentry <vmtarget> ; # java/lang/invoke/LambdaForm$DMH+0x000000003f66f400
instanceKlass  @bci com/google/firebase/rules/runtime/impl/CompositeListener afterAsyncFunction (JLcom/google/firebase/rules/runtime/v1/ExecutionRequest;Lcom/google/firebase/rules/runtime/common/ParentPointer;Lcom/google/common/util/concurrent/ListenableFuture;)V 11 <appendix> member <vmtarget> ; # com/google/firebase/rules/runtime/impl/CompositeListener$$Lambda+0x000000003f66b728
instanceKlass  @cpi com/google/firebase/rules/runtime/impl/CompositeListener 245 form vmentry <vmtarget> ; # java/lang/invoke/LambdaForm$DMH+0x000000003f66f000
instanceKlass  @bci com/google/cloud/datastore/core/auth/rules/AsyncBaseResourceFunction execute (Lcom/google/firebase/rules/runtime/v1/ExecutionRequest;)Lcom/google/common/util/concurrent/ListenableFuture; 49 <appendix> argL0 ; # com/google/cloud/datastore/core/auth/rules/AsyncBaseResourceFunction$$Lambda+0x000000003f66b4c0
instanceKlass  @bci com/google/firebase/rules/runtime/impl/CompositeListener beforeAsyncFunction (JLcom/google/firebase/rules/runtime/v1/ExecutionRequest;Lcom/google/firebase/rules/runtime/common/ParentPointer;)V 9 <adapter> ; # java/lang/invoke/LambdaForm$MH+0x000000003f66ec00
# instanceKlass java/lang/invoke/LambdaForm$DMH+0x000000003f66e800
instanceKlass  @bci com/google/firebase/rules/runtime/impl/CompositeListener beforeAsyncFunction (JLcom/google/firebase/rules/runtime/v1/ExecutionRequest;Lcom/google/firebase/rules/runtime/common/ParentPointer;)V 9 <appendix> form vmentry <vmtarget> ; # java/lang/invoke/LambdaForm$DMH+0x000000003f66e400
instanceKlass  @bci com/google/firebase/rules/runtime/impl/CompositeListener beforeAsyncFunction (JLcom/google/firebase/rules/runtime/v1/ExecutionRequest;Lcom/google/firebase/rules/runtime/common/ParentPointer;)V 9 <appendix> member <vmtarget> ; # com/google/firebase/rules/runtime/impl/CompositeListener$$Lambda+0x000000003f66b278
instanceKlass  @cpi com/google/firebase/rules/runtime/impl/CompositeListener 242 form vmentry <vmtarget> ; # java/lang/invoke/LambdaForm$DMH+0x000000003f66e000
instanceKlass com/google/firebase/rules/runtime/impl/functions/Path$1
instanceKlass com/google/firebase/rules/runtime/impl/functions/ToString$1
instanceKlass  @bci com/google/firebase/rules/runtime/impl/ExpressionStackWalker walkPath (Lcom/google/firebase/rules/runtime/v1/Expression;Lcom/google/common/collect/ImmutableList$Builder;)V 27 <appendix> member <vmtarget> ; # com/google/firebase/rules/runtime/impl/ExpressionStackWalker$$Lambda+0x000000003f66ac18
instanceKlass  @bci com/google/firebase/rules/runtime/impl/ExpressionStackWalker walkPath (Lcom/google/firebase/rules/runtime/v1/Expression;Lcom/google/common/collect/ImmutableList$Builder;)V 15 <appendix> argL0 ; # com/google/firebase/rules/runtime/impl/ExpressionStackWalker$$Lambda+0x000000003f66a9c0
instanceKlass com/google/cloud/datastore/core/firestorev1/validator/FirestoreV1ServiceValidator$1
# instanceKlass com/google/cloud/datastore/emulator/firestore/v1/FirestoreV1GrpcAdapter$1$$Lambda+0x000000003f66a580
instanceKlass  @bci com/google/cloud/datastore/emulator/firestore/v1/FirestoreV1GrpcAdapter$1 commit (Lcom/google/firestore/v1/CommitRequest;Lio/grpc/stub/StreamObserver;)V 3 <appendix> member <vmtarget> ; # com/google/cloud/datastore/emulator/firestore/v1/FirestoreV1GrpcAdapter$1$$Lambda+0x000000003f66a350
instanceKlass com/google/cloud/datastore/emulator/firestore/v1/FirestoreV1GrpcAdapter$UnaryRpc
instanceKlass java/util/concurrent/atomic/Striped64$Cell
instanceKlass io/grpc/Context$CancellableContext$1CancelOnExpiration
instanceKlass  @bci com/google/cloud/datastore/emulator/impl/firestore/CloudFirestoreV1ListenStream notifyTargetRemoveInternal (Lcom/google/cloud/datastore/emulator/impl/watch/TargetId;Ljava/util/Optional;)V 32 <appendix> member <vmtarget> ; # com/google/cloud/datastore/emulator/impl/firestore/CloudFirestoreV1ListenStream$$Lambda+0x000000003f669cd8
instanceKlass io/netty/channel/ChannelOutboundBuffer$2
# instanceKlass java/lang/invoke/LambdaForm$MH+0x000000003f66dc00
# instanceKlass java/lang/invoke/LambdaForm$MH+0x000000003f66d800
# instanceKlass java/lang/invoke/LambdaForm$MH+0x000000003f66d400
# instanceKlass java/lang/invoke/LambdaForm$MH+0x000000003f66d000
# instanceKlass java/lang/invoke/LambdaForm$MH+0x000000003f66cc00
# instanceKlass java/lang/invoke/LambdaForm$MH+0x000000003f66c800
# instanceKlass java/lang/invoke/LambdaForm$MH+0x000000003f66c400
# instanceKlass java/lang/invoke/LambdaForm$MH+0x000000003f66c000
# instanceKlass java/lang/invoke/LambdaForm$MH+0x000000003f664400
instanceKlass  @bci com/google/cloud/datastore/core/rep/PropertyPathSegment$Member compareTo (Lcom/google/cloud/datastore/core/rep/PropertyPathSegment;)I 11 <appendix> member <vmtarget> ; # com/google/cloud/datastore/core/rep/PropertyPathSegment$Member$$TypeSwitch+0x000000003f668fb0
instanceKlass  @bci com/google/common/collect/ImmutableSortedMap fromEntries (Ljava/util/Comparator;Z[Ljava/util/Map$Entry;I)Lcom/google/common/collect/ImmutableSortedMap; 152 <appendix> member <vmtarget> ; # com/google/common/collect/ImmutableSortedMap$$Lambda+0x000000003f668d08
instanceKlass  @bci com/google/cloud/datastore/emulator/impl/queries/FirestoreEmulatorQueryPlanner maxArrayContainsConditions (Lcom/google/cloud/datastore/core/rep/Condition;)I 23 <appendix> argL0 ; # com/google/cloud/datastore/emulator/impl/queries/FirestoreEmulatorQueryPlanner$$Lambda+0x000000003f668ae0
instanceKlass java/util/stream/ReduceOps$5ReducingSink
instanceKlass  @bci java/util/stream/IntPipeline sum ()I 2 <appendix> argL0 ; # java/util/stream/IntPipeline$$Lambda+0x000000003f2fd960
instanceKlass java/util/function/IntBinaryOperator
instanceKlass  @bci com/google/cloud/datastore/emulator/impl/queries/FirestoreEmulatorQueryPlanner checkDisjunctions (Lcom/google/cloud/datastore/core/rep/Condition;)I 24 <appendix> member <vmtarget> ; # com/google/cloud/datastore/emulator/impl/queries/FirestoreEmulatorQueryPlanner$$Lambda+0x000000003f6688b0
instanceKlass com/google/cloud/datastore/core/auth/rules/QueryToResourceConverter$1
instanceKlass com/google/cloud/datastore/core/query/ConditionNormalizer$1
instanceKlass  @bci com/google/cloud/datastore/core/firestorev1/comparison/EntityRefCollections equivalenceMap ()Lcom/google/common/labs/collect/EquivalenceMap; 8 <appendix> member <vmtarget> ; # com/google/cloud/datastore/core/firestorev1/comparison/EntityRefCollections$$Lambda+0x000000003f665950
instanceKlass  @bci com/google/cloud/datastore/emulator/impl/firestore/FirestoreEmulatorHelper internalCommit (Lcom/google/cloud/datastore/emulator/impl/context/FirestoreEmulatorRequestContext;Lcom/google/cloud/datastore/core/write/Write;Lcom/google/cloud/datastore/emulator/impl/transactions/EmulatorTransactionManager$EmulatorTransaction;Lcom/google/cloud/datastore/emulator/impl/firestore/FirestoreEmulatorHelper$IdAllocationStyle;)Lcom/google/cloud/datastore/core/write/WriteResponse; 82 <appendix> member <vmtarget> ; # com/google/cloud/datastore/emulator/impl/firestore/FirestoreEmulatorHelper$$Lambda+0x000000003f667548
instanceKlass com/google/cloud/datastore/core/write/WriteStats$Builder
instanceKlass com/google/cloud/datastore/core/write/WriteStats
instanceKlass com/google/cloud/datastore/core/write/WriteResponse$Builder
instanceKlass com/google/cloud/datastore/core/write/WriteResponse
instanceKlass com/google/cloud/datastore/emulator/impl/firestore/FirestoreEmulatorHelper$CommitResult
instanceKlass  @bci com/google/cloud/datastore/emulator/impl/firestore/FirestoreEmulatorHelper constructMutationResult (Lcom/google/cloud/datastore/emulator/impl/context/FirestoreEmulatorRequestContext;Lcom/google/cloud/datastore/core/write/Mutation;Lcom/google/cloud/datastore/emulator/impl/util/EntityReadResult;Lcom/google/cloud/datastore/emulator/impl/firestore/FirestoreEmulatorHelper$EntityMutationResult;)Lcom/google/cloud/datastore/core/write/MutationResult; 87 <appendix> member <vmtarget> ; # com/google/cloud/datastore/emulator/impl/firestore/FirestoreEmulatorHelper$$Lambda+0x000000003f663900
instanceKlass  @bci com/google/cloud/datastore/emulator/impl/firestore/FirestoreEmulatorHelper constructMutationResult (Lcom/google/cloud/datastore/emulator/impl/context/FirestoreEmulatorRequestContext;Lcom/google/cloud/datastore/core/write/Mutation;Lcom/google/cloud/datastore/emulator/impl/util/EntityReadResult;Lcom/google/cloud/datastore/emulator/impl/firestore/FirestoreEmulatorHelper$EntityMutationResult;)Lcom/google/cloud/datastore/core/write/MutationResult; 56 <appendix> argL0 ; # com/google/cloud/datastore/emulator/impl/firestore/FirestoreEmulatorHelper$$Lambda+0x000000003f6636b8
instanceKlass com/google/cloud/datastore/core/write/MutationResult$Builder
instanceKlass  @bci com/google/cloud/datastore/emulator/impl/firestore/FirestoreEmulatorHelper commitHelper (Lcom/google/cloud/datastore/emulator/impl/context/FirestoreEmulatorRequestContext;Lcom/google/cloud/datastore/core/write/Write;Lcom/google/cloud/datastore/emulator/impl/transactions/EmulatorTransactionManager$EmulatorTransaction;Ljava/util/Map;)Lcom/google/cloud/datastore/emulator/impl/firestore/FirestoreEmulatorHelper$CommitResult; 396 <appendix> member <vmtarget> ; # com/google/cloud/datastore/emulator/impl/firestore/FirestoreEmulatorHelper$$Lambda+0x000000003f662d30
instanceKlass com/google/cloud/datastore/core/write/MutationResult
instanceKlass  @bci com/google/cloud/datastore/emulator/impl/firestore/FirestoreEmulatorHelper commitHelper (Lcom/google/cloud/datastore/emulator/impl/context/FirestoreEmulatorRequestContext;Lcom/google/cloud/datastore/core/write/Write;Lcom/google/cloud/datastore/emulator/impl/transactions/EmulatorTransactionManager$EmulatorTransaction;Ljava/util/Map;)Lcom/google/cloud/datastore/emulator/impl/firestore/FirestoreEmulatorHelper$CommitResult; 386 <appendix> argL0 ; # com/google/cloud/datastore/emulator/impl/firestore/FirestoreEmulatorHelper$$Lambda+0x000000003f662880
instanceKlass  @bci com/google/cloud/datastore/emulator/impl/firestore/FirestoreEmulatorHelper commitHelper (Lcom/google/cloud/datastore/emulator/impl/context/FirestoreEmulatorRequestContext;Lcom/google/cloud/datastore/core/write/Write;Lcom/google/cloud/datastore/emulator/impl/transactions/EmulatorTransactionManager$EmulatorTransaction;Ljava/util/Map;)Lcom/google/cloud/datastore/emulator/impl/firestore/FirestoreEmulatorHelper$CommitResult; 349 <appendix> argL0 ; # com/google/cloud/datastore/emulator/impl/firestore/FirestoreEmulatorHelper$$Lambda+0x000000003f662638
instanceKlass  @bci java/util/stream/MatchOps makeInt (Ljava/util/function/IntPredicate;Ljava/util/stream/MatchOps$MatchKind;)Ljava/util/stream/TerminalOp; 20 <appendix> member <vmtarget> ; # java/util/stream/MatchOps$$Lambda+0x000000003f2fc7d0
instanceKlass  @bci com/google/cloud/eventflow/eventfilters/filtering/pathpattern/PathPattern matches (Ljava/lang/String;)Z 93 <appendix> member <vmtarget> ; # com/google/cloud/eventflow/eventfilters/filtering/pathpattern/PathPattern$$Lambda+0x000000003f6623d8
instanceKlass java/util/function/IntPredicate
instanceKlass  @bci com/google/cloud/eventflow/eventfilters/prefiltering/PrefilteringMatcher pathPatternMatch (Ljava/lang/String;Ljava/lang/String;)Z 5 <appendix> member <vmtarget> ; # com/google/cloud/eventflow/eventfilters/prefiltering/PrefilteringMatcher$$Lambda+0x000000003f6621a8
instanceKlass  @bci com/google/cloud/eventflow/eventfilters/filtering/pathpattern/PathPattern <init> (Ljava/lang/String;)V 141 <appendix> argL0 ; # com/google/cloud/eventflow/eventfilters/filtering/pathpattern/PathPattern$$Lambda+0x000000003f661f60
instanceKlass  @bci com/google/cloud/eventflow/eventfilters/filtering/pathpattern/PathPattern <init> (Ljava/lang/String;)V 88 <appendix> argL0 ; # com/google/cloud/eventflow/eventfilters/filtering/pathpattern/PathPattern$$Lambda+0x000000003f661d18
instanceKlass com/google/cloud/eventflow/eventfilters/filtering/pathpattern/PathPattern$NameSegment
instanceKlass  @bci com/google/cloud/eventflow/eventfilters/filtering/pathpattern/PathPattern <init> (Ljava/lang/String;)V 21 <appendix> member <vmtarget> ; # com/google/cloud/eventflow/eventfilters/filtering/pathpattern/PathPattern$$Lambda+0x000000003f6618a8
instanceKlass  @bci com/google/cloud/eventflow/eventfilters/filtering/util/matchercombinator/Matcher sequence ([Lcom/google/cloud/eventflow/eventfilters/filtering/util/matchercombinator/Matcher;)Lcom/google/cloud/eventflow/eventfilters/filtering/util/matchercombinator/Matcher; 1 <appendix> member <vmtarget> ; # com/google/cloud/eventflow/eventfilters/filtering/util/matchercombinator/Matcher$$Lambda+0x000000003f660fe0
instanceKlass  @bci com/google/cloud/eventflow/eventfilters/filtering/util/matchercombinator/Matcher optional (Lcom/google/cloud/eventflow/eventfilters/filtering/util/matchercombinator/Matcher;)Lcom/google/cloud/eventflow/eventfilters/filtering/util/matchercombinator/Matcher; 1 <appendix> member <vmtarget> ; # com/google/cloud/eventflow/eventfilters/filtering/util/matchercombinator/Matcher$$Lambda+0x000000003f660d90
instanceKlass  @bci com/google/cloud/eventflow/eventfilters/filtering/util/matchercombinator/Matcher many (Lcom/google/cloud/eventflow/eventfilters/filtering/util/matchercombinator/Matcher;I)Lcom/google/cloud/eventflow/eventfilters/filtering/util/matchercombinator/Matcher; 2 <appendix> member <vmtarget> ; # com/google/cloud/eventflow/eventfilters/filtering/util/matchercombinator/Matcher$$Lambda+0x000000003f660b40
instanceKlass  @cpi com/google/cloud/eventflow/eventfilters/filtering/util/matchercombinator/Matcher 183 form vmentry <vmtarget> ; # java/lang/invoke/LambdaForm$DMH+0x000000003f664000
instanceKlass  @bci com/google/cloud/eventflow/eventfilters/filtering/util/matchercombinator/Matcher or ([Lcom/google/cloud/eventflow/eventfilters/filtering/util/matchercombinator/Matcher;)Lcom/google/cloud/eventflow/eventfilters/filtering/util/matchercombinator/Matcher; 1 <appendix> member <vmtarget> ; # com/google/cloud/eventflow/eventfilters/filtering/util/matchercombinator/Matcher$$Lambda+0x000000003f6608f0
instanceKlass  @bci com/google/cloud/eventflow/eventfilters/filtering/util/matchercombinator/Matcher anyOfChar (Ljava/lang/String;)Lcom/google/cloud/eventflow/eventfilters/filtering/util/matchercombinator/Matcher; 6 <appendix> member <vmtarget> ; # com/google/cloud/eventflow/eventfilters/filtering/util/matchercombinator/Matcher$$Lambda+0x000000003f6606a0
instanceKlass  @bci com/google/cloud/eventflow/eventfilters/filtering/util/matchercombinator/Matcher inRange (CC)Lcom/google/cloud/eventflow/eventfilters/filtering/util/matchercombinator/Matcher; 7 <appendix> member <vmtarget> ; # com/google/cloud/eventflow/eventfilters/filtering/util/matchercombinator/Matcher$$Lambda+0x000000003f660450
instanceKlass  @bci com/google/cloud/eventflow/eventfilters/filtering/util/matchercombinator/Matcher string (Ljava/lang/String;)Lcom/google/cloud/eventflow/eventfilters/filtering/util/matchercombinator/Matcher; 1 <appendix> member <vmtarget> ; # com/google/cloud/eventflow/eventfilters/filtering/util/matchercombinator/Matcher$$Lambda+0x000000003f660000
instanceKlass  @bci com/google/cloud/eventflow/eventfilters/filtering/util/matchercombinator/Matcher isChar (C)Lcom/google/cloud/eventflow/eventfilters/filtering/util/matchercombinator/Matcher; 1 <appendix> member <vmtarget> ; # com/google/cloud/eventflow/eventfilters/filtering/util/matchercombinator/Matcher$$Lambda+0x000000003f65cc38
instanceKlass  @cpi com/google/cloud/eventflow/eventfilters/filtering/util/matchercombinator/Matcher 167 form vmentry <vmtarget> ; # java/lang/invoke/LambdaForm$DMH+0x000000003f65c400
instanceKlass com/google/cloud/eventflow/eventfilters/filtering/util/matchercombinator/Matcher$MatcherResult
instanceKlass com/google/cloud/eventflow/eventfilters/filtering/util/matchercombinator/Matcher
instanceKlass com/google/cloud/eventflow/eventfilters/filtering/pathpattern/PathPatternValidator
instanceKlass com/google/cloud/eventflow/eventfilters/filtering/pathpattern/PathPattern
instanceKlass com/google/cloud/eventflow/eventfilters/prefiltering/PrefilteringMatcher$1
instanceKlass com/google/cloud/eventflow/eventfilters/prefiltering/PrefilteringMatcher
instanceKlass  @bci com/google/cloud/datastore/core/eventing/trigger/TriggerPrefilteringUtil <clinit> ()V 235 <appendix> argL0 ; # com/google/cloud/datastore/core/eventing/trigger/TriggerPrefilteringUtil$$Lambda+0x000000003f65d490
instanceKlass  @bci com/google/cloud/datastore/core/eventing/trigger/TriggerPrefilteringUtil <clinit> ()V 197 <appendix> argL0 ; # com/google/cloud/datastore/core/eventing/trigger/TriggerPrefilteringUtil$$Lambda+0x000000003f65d248
instanceKlass  @bci com/google/cloud/datastore/core/eventing/trigger/TriggerPrefilteringUtil <clinit> ()V 159 <appendix> argL0 ; # com/google/cloud/datastore/core/eventing/trigger/TriggerPrefilteringUtil$$Lambda+0x000000003f65d000
instanceKlass com/google/cloud/datastore/core/eventing/trigger/TriggerPrefilteringUtil
instanceKlass com/google/protos/google/events/cloud/firestore/v1/Data$MapValueOrBuilder
instanceKlass com/google/protos/google/events/cloud/firestore/v1/Data$ArrayValueOrBuilder
instanceKlass com/google/protos/google/events/cloud/firestore/v1/Data$ValueOrBuilder
instanceKlass com/google/cloud/datastore/core/eventing/external/EventingSharedUtil
instanceKlass  @bci com/google/firebase/rules/eventflow/client/EventRuleEvaluatorImpl evaluate (Lcom/google/firebase/rules/runtime/evaluators/EventRuleEvaluator$EventRuleContext;)Ljava/util/List; 21 <appendix> argL0 ; # com/google/firebase/rules/eventflow/client/EventRuleEvaluatorImpl$$Lambda+0x000000003f65e218
instanceKlass  @bci com/google/firebase/rules/eventflow/client/EventRuleEvaluatorImpl evaluate (Lcom/google/firebase/rules/runtime/evaluators/EventRuleEvaluator$EventRuleContext;)Ljava/util/List; 11 <appendix> member <vmtarget> ; # com/google/firebase/rules/eventflow/client/EventRuleEvaluatorImpl$$Lambda+0x000000003f65bbf8
instanceKlass com/google/firebase/rules/eventflow/client/path/Path$Builder
instanceKlass com/google/firebase/rules/runtime/evaluators/EventRuleEvaluator$EventRuleContext$Builder
instanceKlass  @bci com/google/firebase/rules/eventflow/client/EventRuleEvaluatorImpl <init> (Ljava/lang/String;Ljava/util/List;Ljava/util/function/Function;Z)V 31 <appendix> member <vmtarget> ; # com/google/firebase/rules/eventflow/client/EventRuleEvaluatorImpl$$Lambda+0x000000003f65ac70
instanceKlass  @cpi com/google/firebase/rules/eventflow/client/EventRuleEvaluatorImpl 246 form vmentry <vmtarget> ; # java/lang/invoke/LambdaForm$DMH+0x000000003f65c000
instanceKlass  @bci com/google/firebase/rules/eventflow/client/path/PathParser <clinit> ()V 16 <appendix> member <vmtarget> ; # com/google/firebase/rules/eventflow/client/path/PathParser$$Lambda+0x000000003f65aa20
instanceKlass com/google/common/net/UrlEscapers
instanceKlass  @bci com/google/firebase/rules/eventflow/client/path/PathParser <clinit> ()V 0 <appendix> argL0 ; # com/google/firebase/rules/eventflow/client/path/PathParser$$Lambda+0x000000003f65a5c8
instanceKlass com/google/firebase/rules/eventflow/client/path/PathParser
instanceKlass com/google/firebase/rules/eventflow/client/EventRuleEvaluatorImpl
instanceKlass  @bci com/google/cloud/datastore/emulator/impl/events/EventManager reportV1Events (Lcom/google/common/collect/ImmutableMap;Ljava/util/Map;Ljava/util/Map;)V 7 <appendix> argL0 ; # com/google/cloud/datastore/emulator/impl/events/EventManager$$Lambda+0x000000003f659f18
instanceKlass java/util/stream/Streams$2
instanceKlass java/util/stream/Streams$ConcatSpliterator
instanceKlass  @bci com/google/common/collect/Sets$1 stream ()Ljava/util/stream/Stream; 22 <appendix> member <vmtarget> ; # com/google/common/collect/Sets$1$$Lambda+0x000000003f659aa0
instanceKlass  @bci com/google/cloud/datastore/emulator/impl/watch/ListenStreamManager ancestors (Lcom/google/cloud/datastore/emulator/impl/watch/CollectionRef;)Ljava/util/stream/Stream; 37 <appendix> member <vmtarget> ; # com/google/cloud/datastore/emulator/impl/watch/ListenStreamManager$$Lambda+0x000000003f659850
instanceKlass  @bci com/google/cloud/datastore/emulator/impl/watch/ListenStreamManager ancestors (Lcom/google/cloud/datastore/emulator/impl/watch/CollectionRef;)Ljava/util/stream/Stream; 24 <appendix> member <vmtarget> ; # com/google/cloud/datastore/emulator/impl/watch/ListenStreamManager$$Lambda+0x000000003f659620
instanceKlass  @bci com/google/cloud/datastore/emulator/impl/watch/ListenStreamManager getImpactedQueryStreamTargets (Lcom/google/common/collect/ImmutableMap;)Lcom/google/common/collect/Sets$SetView; 33 <appendix> argL0 ; # com/google/cloud/datastore/emulator/impl/watch/ListenStreamManager$$Lambda+0x000000003f6593d8
instanceKlass  @bci com/google/cloud/datastore/emulator/impl/watch/ListenStreamManager getImpactedQueryStreamTargets (Lcom/google/common/collect/ImmutableMap;)Lcom/google/common/collect/Sets$SetView; 7 <appendix> argL0 ; # com/google/cloud/datastore/emulator/impl/watch/ListenStreamManager$$Lambda+0x000000003f659190
instanceKlass  @bci com/google/cloud/datastore/emulator/impl/watch/ListenStreamManager compareImpactedStreamTargetsWithRemoved (Ljava/util/Set;Ljava/util/Set;)Ljava/util/Set; 6 <appendix> argL0 ; # com/google/cloud/datastore/emulator/impl/watch/ListenStreamManager$$Lambda+0x000000003f658f48
instanceKlass  @bci com/google/cloud/datastore/emulator/impl/util/BiSetMultimap getByKeys (Ljava/util/Set;)Lcom/google/common/collect/ImmutableSet; 7 <appendix> member <vmtarget> ; # com/google/cloud/datastore/emulator/impl/util/BiSetMultimap$$Lambda+0x000000003f658cf8
instanceKlass  @bci com/google/cloud/datastore/emulator/impl/firestore/FirestoreEmulatorHelper commitHelper (Lcom/google/cloud/datastore/emulator/impl/context/FirestoreEmulatorRequestContext;Lcom/google/cloud/datastore/core/write/Write;Lcom/google/cloud/datastore/emulator/impl/transactions/EmulatorTransactionManager$EmulatorTransaction;Ljava/util/Map;)Lcom/google/cloud/datastore/emulator/impl/firestore/FirestoreEmulatorHelper$CommitResult; 296 <appendix> member <vmtarget> ; # com/google/cloud/datastore/emulator/impl/firestore/FirestoreEmulatorHelper$$Lambda+0x000000003f658a88
instanceKlass com/google/cloud/datastore/core/exception/DatastoreExceptionHelper
instanceKlass  @bci com/google/cloud/datastore/emulator/impl/util/FirestoreEmulatorLimits checkMutationLimits (Ljava/util/Optional;)V 1 <appendix> argL0 ; # com/google/cloud/datastore/emulator/impl/util/FirestoreEmulatorLimits$$Lambda+0x000000003f658630
instanceKlass  @bci com/google/cloud/datastore/emulator/impl/util/FirestoreEmulatorConverters checkMutation (Lcom/google/cloud/datastore/core/write/Mutation;ZJ)V 29 <appendix> member <vmtarget> ; # com/google/cloud/datastore/emulator/impl/util/FirestoreEmulatorConverters$$TypeSwitch+0x000000003f658420
instanceKlass  @bci com/google/cloud/datastore/core/appengv3/converter/AppEngV3ResourceRefFromRepConverter setNameOrId (Lcom/google/storage/onestore/v3/OnestoreEntity$Path$Element;Lcom/google/cloud/datastore/core/rep/path/PathElement;)V 89 <appendix> member <vmtarget> ; # com/google/cloud/datastore/core/appengv3/converter/AppEngV3ResourceRefFromRepConverter$$TypeSwitch+0x000000003f657cb0
instanceKlass com/google/cloud/datastore/core/rep/DatastoreNameOrId$Id
instanceKlass com/google/cloud/datastore/core/rep/DatastoreNameOrId$Name
instanceKlass com/google/cloud/datastore/core/rep/DatastoreNameOrId
instanceKlass  @bci com/google/cloud/datastore/core/appengv3/converter/AppEngV3ResourceRefFromRepConverter setNameOrId (Lcom/google/storage/onestore/v3/OnestoreEntity$Path$Element;Lcom/google/cloud/datastore/core/rep/path/PathElement;)V 18 <appendix> member <vmtarget> ; # com/google/cloud/datastore/core/appengv3/converter/AppEngV3ResourceRefFromRepConverter$$TypeSwitch+0x000000003f657470
instanceKlass com/google/cloud/datastore/core/appengv3/converter/AppEngV3ResourceRefFromRepConverter
instanceKlass  @bci com/google/cloud/datastore/emulator/impl/firestore/FirestoreEmulatorHelper commitHelper (Lcom/google/cloud/datastore/emulator/impl/context/FirestoreEmulatorRequestContext;Lcom/google/cloud/datastore/core/write/Write;Lcom/google/cloud/datastore/emulator/impl/transactions/EmulatorTransactionManager$EmulatorTransaction;Ljava/util/Map;)Lcom/google/cloud/datastore/emulator/impl/firestore/FirestoreEmulatorHelper$CommitResult; 221 <appendix> argL0 ; # com/google/cloud/datastore/emulator/impl/firestore/FirestoreEmulatorHelper$$Lambda+0x000000003f656ff8
instanceKlass  @bci com/google/cloud/datastore/computation/Computation lambda$tryFinally$2 (Lcom/google/cloud/datastore/computation/Computation;Ljava/lang/Object;)Lcom/google/cloud/datastore/computation/Remainder; 7 <appendix> member <vmtarget> ; # com/google/cloud/datastore/computation/Computation$$Lambda+0x000000003f656dc8
instanceKlass  @bci com/google/cloud/datastore/computation/Computation tryFinally (Lcom/google/cloud/datastore/computation/Computation;Lcom/google/cloud/datastore/computation/Computation;)Lcom/google/cloud/datastore/computation/Remainder; 13 <appendix> member <vmtarget> ; # com/google/cloud/datastore/computation/Computation$$Lambda+0x000000003f656b98
instanceKlass  @bci com/google/cloud/datastore/computation/Remainder thenConsume (Lcom/google/cloud/datastore/computation/CConsumer;)Lcom/google/cloud/datastore/computation/Remainder; 3 <appendix> member <vmtarget> ; # com/google/cloud/datastore/computation/Remainder$$Lambda+0x000000003f656968
instanceKlass  @bci com/google/cloud/datastore/core/auth/rules/AsyncTwoPhaseRulesAuthorizer fullEvaluate (Lcom/google/cloud/datastore/core/auth/rules/RulesRequestContext;Lcom/google/firebase/rules/runtime/evaluators/AuthRuleEvaluator;Lcom/google/firebase/rules/runtime/evaluators/AuthRuleEvaluator$RuleContext;Ljava/util/function/Consumer;)Lcom/google/cloud/datastore/computation/Remainder; 22 <appendix> member <vmtarget> ; # com/google/cloud/datastore/core/auth/rules/AsyncTwoPhaseRulesAuthorizer$$Lambda+0x000000003f656738
instanceKlass com/google/protobuf/Internal$MapAdapter$EntryAdapter
instanceKlass com/google/protobuf/Internal$MapAdapter$IteratorAdapter
instanceKlass  @bci com/google/firebase/rules/runtime/impl/types/MapDiffType keysWithStatus (Lcom/google/firebase/rules/runtime/v1/ExpressionMapDiffValue;Ljava/util/function/Predicate;)Lcom/google/common/collect/ImmutableSet; 25 <appendix> argL0 ; # com/google/firebase/rules/runtime/impl/types/MapDiffType$$Lambda+0x000000003f655b88
instanceKlass  @bci com/google/firebase/rules/runtime/impl/types/MapDiffType keysWithStatus (Lcom/google/firebase/rules/runtime/v1/ExpressionMapDiffValue;Ljava/util/function/Predicate;)Lcom/google/common/collect/ImmutableSet; 15 <appendix> member <vmtarget> ; # com/google/firebase/rules/runtime/impl/types/MapDiffType$$Lambda+0x000000003f655928
instanceKlass  @bci com/google/firebase/rules/runtime/impl/types/MapDiffType$GetAffectedKeys doExecute (Lcom/google/firebase/rules/runtime/v1/ExecutionRequest;)Lcom/google/firebase/rules/runtime/v1/ExecutionResponse; 9 <appendix> argL0 ; # com/google/firebase/rules/runtime/impl/types/MapDiffType$GetAffectedKeys$$Lambda+0x000000003f6552b8
instanceKlass com/google/firebase/rules/runtime/v1/ExpressionMapDiffValue$KeyStatusesDefaultEntryHolder
instanceKlass  @bci com/google/firebase/rules/runtime/impl/types/value/Value <init> ()V 6 <appendix> member <vmtarget> ; # com/google/firebase/rules/runtime/impl/types/value/Value$$Lambda+0x000000003f654a08
instanceKlass com/google/firebase/rules/runtime/impl/types/value/AutoOneOf_Value
instanceKlass com/google/firebase/rules/runtime/impl/types/value/Value
instanceKlass com/google/firebase/rules/runtime/impl/comparison/EquivalenceClass$1
instanceKlass com/google/firebase/rules/runtime/impl/comparison/EquivalenceClass
instanceKlass com/google/firebase/rules/runtime/impl/comparison/Comparison
instanceKlass com/google/protobuf/Internal$MapAdapter$1
instanceKlass com/google/protobuf/Internal$MapAdapter$Converter
instanceKlass com/google/firebase/rules/runtime/v1/ExpressionMapDiffValue$KeyStatus$1
instanceKlass  @bci com/google/firebase/rules/runtime/utils/GuardedRuntimeFunction execute (Lcom/google/firebase/rules/runtime/v1/ExecutionRequest;)Lcom/google/firebase/rules/runtime/v1/ExecutionResponse; 6 <appendix> member <vmtarget> ; # com/google/firebase/rules/runtime/utils/GuardedRuntimeFunction$$Lambda+0x000000003f64f6c8
instanceKlass com/google/cloud/datastore/core/auth/rules/LookupsToAuthorize$Lookup$Builder
instanceKlass com/google/cloud/datastore/core/auth/rules/LookupsToAuthorize$Lookup
instanceKlass  @bci com/google/cloud/datastore/core/auth/rules/AsyncTwoPhaseRulesAuthorizer fullEvaluate (Lcom/google/cloud/datastore/core/auth/rules/RulesRequestContext;Lcom/google/firebase/rules/runtime/evaluators/AuthRuleEvaluator;Lcom/google/firebase/rules/runtime/evaluators/AuthRuleEvaluator$RuleContext;Ljava/util/function/Consumer;)Lcom/google/cloud/datastore/computation/Remainder; 12 <appendix> member <vmtarget> ; # com/google/cloud/datastore/core/auth/rules/AsyncTwoPhaseRulesAuthorizer$$Lambda+0x000000003f64e760
instanceKlass  @bci com/google/cloud/datastore/core/auth/rules/AsyncTwoPhaseRulesAuthorizer fullEvaluate (Lcom/google/cloud/datastore/core/auth/rules/RulesRequestContext;Lcom/google/firebase/rules/runtime/evaluators/AuthRuleEvaluator;Lcom/google/firebase/rules/runtime/evaluators/AuthRuleEvaluator$RuleContext;Ljava/util/function/Consumer;)Lcom/google/cloud/datastore/computation/Remainder; 2 <appendix> member <vmtarget> ; # com/google/cloud/datastore/core/auth/rules/AsyncTwoPhaseRulesAuthorizer$$Lambda+0x000000003f64e500
instanceKlass  @bci com/google/cloud/datastore/core/auth/rules/AsyncTwoPhaseRulesAuthorizer$CommitAuthorizerImpl lambda$checkWrite$0 (Lcom/google/cloud/datastore/core/rep/ReadResult;Lcom/google/cloud/datastore/core/auth/rules/AsyncRulesAuthorizer$ReadHandler;Ljava/util/Map;Lcom/google/cloud/datastore/core/rep/Entity;Lcom/google/cloud/datastore/core/stats/GenericStats$TimelineStatsAutoCloseable;)Lcom/google/cloud/datastore/computation/Remainder; 191 <appendix> member <vmtarget> ; # com/google/cloud/datastore/core/auth/rules/AsyncTwoPhaseRulesAuthorizer$CommitAuthorizerImpl$$Lambda+0x000000003f64e2c0
instanceKlass  @bci com/google/cloud/datastore/core/auth/rules/EntityToExpressionValueConverter convert (Lcom/google/cloud/datastore/core/rep/Entity;)Lcom/google/firebase/rules/runtime/v1/ExpressionValue; 181 <appendix> member <vmtarget> ; # com/google/cloud/datastore/core/auth/rules/EntityToExpressionValueConverter$$TypeSwitch+0x000000003f64e0b0
instanceKlass  @bci com/google/cloud/datastore/core/auth/rules/AsyncLookupManager addDynamicLookupFunctionsAndVariables (Lcom/google/cloud/datastore/core/auth/rules/AsyncRulesAuthorizer$ReadHandler;Lcom/google/cloud/datastore/core/auth/rules/DatastoreRuleContextBuilder;Lcom/google/cloud/datastore/core/auth/rules/LazyCollectingSupplier;Ljava/util/Map;)Lcom/google/cloud/datastore/core/auth/rules/DatastoreRuleContextBuilder; 159 <appendix> member <vmtarget> ; # com/google/cloud/datastore/core/auth/rules/AsyncLookupManager$$Lambda+0x000000003f64de80
instanceKlass  @bci com/google/cloud/datastore/core/auth/rules/AsyncLookupManager addDynamicLookupFunctionsAndVariables (Lcom/google/cloud/datastore/core/auth/rules/AsyncRulesAuthorizer$ReadHandler;Lcom/google/cloud/datastore/core/auth/rules/DatastoreRuleContextBuilder;Lcom/google/cloud/datastore/core/auth/rules/LazyCollectingSupplier;Ljava/util/Map;)Lcom/google/cloud/datastore/core/auth/rules/DatastoreRuleContextBuilder; 115 <appendix> member <vmtarget> ; # com/google/cloud/datastore/core/auth/rules/AsyncLookupManager$$Lambda+0x000000003f64dc50
instanceKlass  @bci com/google/cloud/datastore/core/auth/rules/AsyncLookupManager addDynamicLookupFunctionsAndVariables (Lcom/google/cloud/datastore/core/auth/rules/AsyncRulesAuthorizer$ReadHandler;Lcom/google/cloud/datastore/core/auth/rules/DatastoreRuleContextBuilder;Lcom/google/cloud/datastore/core/auth/rules/LazyCollectingSupplier;Ljava/util/Map;)Lcom/google/cloud/datastore/core/auth/rules/DatastoreRuleContextBuilder; 98 <appendix> member <vmtarget> ; # com/google/cloud/datastore/core/auth/rules/AsyncLookupManager$$Lambda+0x000000003f64da20
instanceKlass  @bci com/google/cloud/datastore/core/auth/rules/AsyncLookupManager addDynamicLookupFunctionsAndVariables (Lcom/google/cloud/datastore/core/auth/rules/AsyncRulesAuthorizer$ReadHandler;Lcom/google/cloud/datastore/core/auth/rules/DatastoreRuleContextBuilder;Lcom/google/cloud/datastore/core/auth/rules/LazyCollectingSupplier;Ljava/util/Map;)Lcom/google/cloud/datastore/core/auth/rules/DatastoreRuleContextBuilder; 32 <appendix> member <vmtarget> ; # com/google/cloud/datastore/core/auth/rules/AsyncLookupManager$$Lambda+0x000000003f64d7f0
instanceKlass  @bci com/google/cloud/datastore/core/auth/rules/AsyncLookupManager$LookupCaches <init> (Lcom/google/cloud/datastore/core/auth/rules/AsyncRulesAuthorizer$ReadHandler;Lcom/google/cloud/datastore/core/auth/rules/EntityToExpressionValueConverter;)V 20 <appendix> member <vmtarget> ; # com/google/cloud/datastore/core/auth/rules/AsyncLookupManager$LookupCaches$$Lambda+0x000000003f64d5c0
instanceKlass com/google/common/cache/ShimAsyncCache$CacheHolder
instanceKlass com/google/common/cache/ShimAsyncCache$1
instanceKlass com/google/common/cache/ShimAsyncCache$StatsFixer
instanceKlass com/google/common/cache/ShimAsyncCache
instanceKlass  @bci com/google/cloud/datastore/core/auth/rules/AsyncLookupManager$LookupCaches <init> (Lcom/google/cloud/datastore/core/auth/rules/AsyncRulesAuthorizer$ReadHandler;Lcom/google/cloud/datastore/core/auth/rules/EntityToExpressionValueConverter;)V 7 <appendix> member <vmtarget> ; # com/google/cloud/datastore/core/auth/rules/AsyncLookupManager$LookupCaches$$Lambda+0x000000003f64bba0
instanceKlass com/google/cloud/datastore/core/auth/rules/AsyncLookupManager$LookupCaches
instanceKlass com/google/cloud/datastore/core/auth/rules/AsyncReadHandlers$1
instanceKlass com/google/cloud/datastore/core/auth/rules/AsyncReadHandlers$AccessCollectorDecorator
instanceKlass com/google/cloud/datastore/core/auth/rules/AsyncReadHandlers
instanceKlass com/google/cloud/datastore/core/auth/rules/LazyCollectingSupplier
instanceKlass  @bci com/google/cloud/datastore/computation/Computation tryFinally (Lcom/google/cloud/datastore/computation/Computation;Lcom/google/cloud/datastore/computation/Computation;)Lcom/google/cloud/datastore/computation/Remainder; 4 <appendix> member <vmtarget> ; # com/google/cloud/datastore/computation/Computation$$Lambda+0x000000003f64ae60
instanceKlass  @bci com/google/cloud/datastore/computation/Computation tryFinally (Lcom/google/cloud/datastore/computation/Computation;Lcom/google/cloud/datastore/computation/CRunnable;)Lcom/google/cloud/datastore/computation/Remainder; 2 <appendix> member <vmtarget> ; # com/google/cloud/datastore/computation/Computation$$Lambda+0x000000003f64ac00
instanceKlass  @bci com/google/cloud/datastore/computation/Computation tryClose (Ljava/lang/AutoCloseable;Lcom/google/cloud/datastore/computation/CFunction;)Lcom/google/cloud/datastore/computation/Remainder; 13 <appendix> member <vmtarget> ; # com/google/cloud/datastore/computation/Computation$$Lambda+0x000000003f64a9d0
instanceKlass com/google/cloud/datastore/computation/CRunnable
instanceKlass  @bci com/google/cloud/datastore/computation/Computation tryClose (Ljava/lang/AutoCloseable;Lcom/google/cloud/datastore/computation/CFunction;)Lcom/google/cloud/datastore/computation/Remainder; 2 <appendix> member <vmtarget> ; # com/google/cloud/datastore/computation/Computation$$Lambda+0x000000003f64a568
instanceKlass  @bci com/google/cloud/datastore/core/auth/rules/AsyncTwoPhaseRulesAuthorizer$CommitAuthorizerImpl checkWrite (Lcom/google/cloud/datastore/core/auth/rules/AsyncRulesAuthorizer$ReadHandler;Lcom/google/cloud/datastore/core/rep/ReadResult;Lcom/google/cloud/datastore/core/rep/Entity;Ljava/util/Map;)Lcom/google/cloud/datastore/computation/Remainder; 24 <appendix> member <vmtarget> ; # com/google/cloud/datastore/core/auth/rules/AsyncTwoPhaseRulesAuthorizer$CommitAuthorizerImpl$$Lambda+0x000000003f64a338
instanceKlass  @bci com/google/cloud/datastore/emulator/impl/rules/DefaultEmulatorRulesAuthorizer lambda$checkCommit$0 (Lcom/google/cloud/datastore/core/auth/rules/RulesRequestContext;Lcom/google/cloud/datastore/core/write/Write;Ljava/util/Map;Lcom/google/cloud/datastore/emulator/impl/storage/LocalEntityStore$ReadView;Lcom/google/firebase/rules/runtime/evaluators/RuleClient;)V 84 <appendix> member <vmtarget> ; # com/google/cloud/datastore/emulator/impl/rules/DefaultEmulatorRulesAuthorizer$$Lambda+0x000000003f64a0d8
instanceKlass com/google/cloud/datastore/core/auth/rules/AsyncLookupManager$AccessLimitManager
instanceKlass com/google/common/cache/AsyncCacheLoader
instanceKlass com/google/cloud/datastore/core/auth/rules/AsyncLookupManager
instanceKlass com/google/cloud/datastore/core/auth/rules/AsyncTwoPhaseRulesAuthorizer$CommitAuthorizerImpl
instanceKlass com/google/cloud/datastore/core/auth/rules/AsyncTwoPhaseRulesAuthorizer$PhaseOneCommitInfo
instanceKlass  @bci com/google/cloud/datastore/core/auth/rules/AsyncTwoPhaseRulesAuthorizer checkCommitPhaseOne (Lcom/google/cloud/datastore/core/auth/rules/RulesRequestContext;Lcom/google/cloud/datastore/core/write/Write;Lcom/google/firebase/rules/runtime/evaluators/AuthRuleEvaluator;)Lcom/google/cloud/datastore/core/auth/rules/AsyncTwoPhaseRulesAuthorizer$PhaseOneCommitInfo; 314 <appendix> argL0 ; # com/google/cloud/datastore/core/auth/rules/AsyncTwoPhaseRulesAuthorizer$$Lambda+0x000000003f648f60
instanceKlass com/google/cloud/datastore/core/auth/rules/AsyncTwoPhaseRulesAuthorizer$CommitAuthorizationInfo
instanceKlass com/google/cloud/datastore/core/auth/rules/RulesStats$1
instanceKlass  @bci com/google/firebase/rules/runtime/impl/CompositeListener afterPermissionEvaluation (Lcom/google/firebase/rules/runtime/common/Evaluator$Context;Ljava/lang/Throwable;)V 7 <appendix> member <vmtarget> ; # com/google/firebase/rules/runtime/impl/CompositeListener$$Lambda+0x000000003f6488f8
instanceKlass  @bci com/google/firebase/rules/runtime/impl/CompositeListener afterSinglePermissionEvaluation (Lcom/google/firebase/rules/runtime/common/Evaluator$Context;Ljava/lang/Throwable;Lcom/google/firebase/rules/runtime/v1/Expression;)V 8 <appendix> member <vmtarget> ; # com/google/firebase/rules/runtime/impl/CompositeListener$$Lambda+0x000000003f6486b8
instanceKlass  @bci com/google/cloud/datastore/core/auth/rules/Trackables of (Lcom/google/common/collect/ImmutableList;)Lcom/google/cloud/datastore/core/auth/rules/Trackable; 1 <appendix> member <vmtarget> ; # com/google/cloud/datastore/core/auth/rules/Trackables$$Lambda+0x000000003f648220
instanceKlass com/google/cloud/datastore/core/cloudv1/converter/CloudDatastoreV1PropertyPathFromRepConverter
instanceKlass com/google/cloud/datastore/core/cloudv1/converter/CloudDatastoreV1PropertyMaskFromRepConverter
instanceKlass  @bci com/google/cloud/datastore/core/auth/rules/AsyncTwoPhaseRulesAuthorizer makeWriteContext (Lcom/google/cloud/datastore/core/auth/rules/RulesRequestContext;Lcom/google/cloud/datastore/core/rep/EntityRef;Lcom/google/cloud/datastore/core/write/Mutation;)Lcom/google/cloud/datastore/core/auth/rules/DatastoreRuleContextBuilder; 30 <appendix> argL0 ; # com/google/cloud/datastore/core/auth/rules/AsyncTwoPhaseRulesAuthorizer$$Lambda+0x000000003f647af8
instanceKlass  @bci com/google/cloud/datastore/core/auth/rules/AsyncTwoPhaseRulesAuthorizer checkCommit (Lcom/google/cloud/datastore/core/auth/rules/RulesRequestContext;Lcom/google/cloud/datastore/core/write/Write;)Lcom/google/cloud/datastore/computation/Remainder; 19 <appendix> member <vmtarget> ; # com/google/cloud/datastore/core/auth/rules/AsyncTwoPhaseRulesAuthorizer$$Lambda+0x000000003f6478c8
instanceKlass  @bci com/google/cloud/datastore/emulator/impl/rules/DefaultEmulatorRulesAuthorizer lambda$checkCommit$0 (Lcom/google/cloud/datastore/core/auth/rules/RulesRequestContext;Lcom/google/cloud/datastore/core/write/Write;Ljava/util/Map;Lcom/google/cloud/datastore/emulator/impl/storage/LocalEntityStore$ReadView;Lcom/google/firebase/rules/runtime/evaluators/RuleClient;)V 5 <appendix> member <vmtarget> ; # com/google/cloud/datastore/emulator/impl/rules/DefaultEmulatorRulesAuthorizer$$Lambda+0x000000003f647668
instanceKlass  @bci com/google/cloud/datastore/emulator/impl/rules/DefaultEmulatorRulesAuthorizer checkCommit (Lcom/google/cloud/datastore/emulator/impl/context/FirestoreEmulatorRequestContext;JLcom/google/cloud/datastore/core/write/Write;Lcom/google/cloud/datastore/emulator/impl/storage/LocalEntityStore$ReadView;Ljava/util/Map;)V 111 <appendix> member <vmtarget> ; # com/google/cloud/datastore/emulator/impl/rules/DefaultEmulatorRulesAuthorizer$$Lambda+0x000000003f647438
instanceKlass  @bci com/google/cloud/datastore/emulator/impl/rules/DefaultEmulatorRulesAuthorizer checkCommit (Lcom/google/cloud/datastore/emulator/impl/context/FirestoreEmulatorRequestContext;JLcom/google/cloud/datastore/core/write/Write;Lcom/google/cloud/datastore/emulator/impl/storage/LocalEntityStore$ReadView;Ljava/util/Map;)V 51 <appendix> argL0 ; # com/google/cloud/datastore/emulator/impl/rules/DefaultEmulatorRulesAuthorizer$$Lambda+0x000000003f6471f0
instanceKlass  @bci com/google/cloud/datastore/emulator/impl/rules/DefaultEmulatorRulesAuthorizer checkCommit (Lcom/google/cloud/datastore/emulator/impl/context/FirestoreEmulatorRequestContext;JLcom/google/cloud/datastore/core/write/Write;Lcom/google/cloud/datastore/emulator/impl/storage/LocalEntityStore$ReadView;Ljava/util/Map;)V 26 <appendix> argL0 ; # com/google/cloud/datastore/emulator/impl/rules/DefaultEmulatorRulesAuthorizer$$Lambda+0x000000003f646fa8
instanceKlass  @bci com/google/cloud/datastore/emulator/impl/firestore/FirestoreEmulatorHelper commitHelper (Lcom/google/cloud/datastore/emulator/impl/context/FirestoreEmulatorRequestContext;Lcom/google/cloud/datastore/core/write/Write;Lcom/google/cloud/datastore/emulator/impl/transactions/EmulatorTransactionManager$EmulatorTransaction;Ljava/util/Map;)Lcom/google/cloud/datastore/emulator/impl/firestore/FirestoreEmulatorHelper$CommitResult; 104 <appendix> member <vmtarget> ; # com/google/cloud/datastore/emulator/impl/firestore/FirestoreEmulatorHelper$$Lambda+0x000000003f646d78
instanceKlass  @bci com/google/cloud/datastore/emulator/impl/firestore/FirestoreEmulatorHelper commitHelper (Lcom/google/cloud/datastore/emulator/impl/context/FirestoreEmulatorRequestContext;Lcom/google/cloud/datastore/core/write/Write;Lcom/google/cloud/datastore/emulator/impl/transactions/EmulatorTransactionManager$EmulatorTransaction;Ljava/util/Map;)Lcom/google/cloud/datastore/emulator/impl/firestore/FirestoreEmulatorHelper$CommitResult; 87 <appendix> argL0 ; # com/google/cloud/datastore/emulator/impl/firestore/FirestoreEmulatorHelper$$Lambda+0x000000003f646b10
instanceKlass com/google/cloud/datastore/core/write/EntityTransformation$TransformationResult
instanceKlass com/google/cloud/datastore/core/write/EntityTransformation$PropertyTransformationResult
instanceKlass  @bci com/google/cloud/datastore/emulator/impl/firestore/FirestoreEmulatorHelper commitHelper (Lcom/google/cloud/datastore/emulator/impl/context/FirestoreEmulatorRequestContext;Lcom/google/cloud/datastore/core/write/Write;Lcom/google/cloud/datastore/emulator/impl/transactions/EmulatorTransactionManager$EmulatorTransaction;Ljava/util/Map;)Lcom/google/cloud/datastore/emulator/impl/firestore/FirestoreEmulatorHelper$CommitResult; 72 <appendix> member <vmtarget> ; # com/google/cloud/datastore/emulator/impl/firestore/FirestoreEmulatorHelper$$Lambda+0x000000003f645e28
instanceKlass com/google/cloud/datastore/emulator/impl/firestore/FirestoreEmulatorHelper$EntityMutationResult
instanceKlass  @bci com/google/cloud/datastore/emulator/impl/storage/FlatLocalEntityStore$StronglyConsistentReadView get (Ljava/util/Set;)Lcom/google/common/collect/ImmutableMap; 69 <appendix> member <vmtarget> ; # com/google/cloud/datastore/emulator/impl/storage/FlatLocalEntityStore$StronglyConsistentReadView$$Lambda+0x000000003f6459b8
instanceKlass  @bci com/google/cloud/datastore/emulator/impl/storage/FlatLocalEntityStore$StronglyConsistentReadView get (Ljava/util/Set;)Lcom/google/common/collect/ImmutableMap; 62 <appendix> argL0 ; # com/google/cloud/datastore/emulator/impl/storage/FlatLocalEntityStore$StronglyConsistentReadView$$Lambda+0x000000003f645770
instanceKlass  @bci com/google/cloud/datastore/emulator/impl/storage/FlatLocalEntityStore$StronglyConsistentReadView get (Ljava/util/Set;)Lcom/google/common/collect/ImmutableMap; 17 <appendix> argL0 ; # com/google/cloud/datastore/emulator/impl/storage/FlatLocalEntityStore$StronglyConsistentReadView$$Lambda+0x000000003f645528
instanceKlass  @bci com/google/cloud/datastore/emulator/impl/firestore/FirestoreEmulatorHelper internalCommit (Lcom/google/cloud/datastore/emulator/impl/context/FirestoreEmulatorRequestContext;Lcom/google/cloud/datastore/core/write/Write;Lcom/google/cloud/datastore/emulator/impl/transactions/EmulatorTransactionManager$EmulatorTransaction;Lcom/google/cloud/datastore/emulator/impl/firestore/FirestoreEmulatorHelper$IdAllocationStyle;)Lcom/google/cloud/datastore/core/write/WriteResponse; 31 <appendix> argL0 ; # com/google/cloud/datastore/emulator/impl/firestore/FirestoreEmulatorHelper$$Lambda+0x000000003f643d78
instanceKlass  @bci com/google/cloud/datastore/core/rep/validator/EntityValidator validateStringOrBytesLength (Lcom/google/cloud/datastore/core/rep/validator/ValidationConstraint;Ljava/lang/String;Lcom/google/cloud/datastore/core/rep/values/Value;Lcom/google/cloud/datastore/core/exception/SuppressedValidationFailures;)V 129 <appendix> member <vmtarget> ; # com/google/cloud/datastore/core/rep/validator/EntityValidator$$TypeSwitch+0x000000003f643b68
instanceKlass  @bci com/google/cloud/datastore/core/rep/validator/EntityValidator validatePropertyValue (Lcom/google/cloud/datastore/core/rep/validator/ValidationConstraint;Lcom/google/cloud/datastore/core/exception/SuppressedValidationFailures;Ljava/lang/String;Lcom/google/cloud/datastore/core/rep/values/Value;III)I 79 <appendix> member <vmtarget> ; # com/google/cloud/datastore/core/rep/validator/EntityValidator$$TypeSwitch+0x000000003f643958
instanceKlass  @bci com/google/cloud/datastore/core/rep/validator/EntityValidator checkTypeIsAllowed (Lcom/google/cloud/datastore/core/rep/validator/ValidationConstraint;Lcom/google/cloud/datastore/core/rep/values/Value;)V 21 <appendix> member <vmtarget> ; # com/google/cloud/datastore/core/rep/validator/EntityValidator$$TypeSwitch+0x000000003f643748
instanceKlass  @bci com/google/cloud/datastore/core/rep/validator/ValidationUtils toPathString (Lcom/google/cloud/datastore/core/rep/path/Path;)Ljava/lang/String; 91 <appendix> member <vmtarget> ; # com/google/cloud/datastore/core/rep/validator/ValidationUtils$$TypeSwitch+0x000000003f643538
instanceKlass  @bci com/google/cloud/datastore/core/rep/validator/EntityValidator validateDocumentIdValue (Lcom/google/cloud/datastore/core/rep/validator/ValidationConstraint;Lcom/google/cloud/datastore/core/exception/SuppressedValidationFailures;Lcom/google/cloud/datastore/core/rep/values/Value;I)V 164 <appendix> member <vmtarget> ; # com/google/cloud/datastore/core/rep/validator/EntityValidator$$TypeSwitch+0x000000003f643328
instanceKlass  @bci com/google/cloud/datastore/core/rep/validator/EntityValidator validateDocumentIdValue (Lcom/google/cloud/datastore/core/rep/validator/ValidationConstraint;Lcom/google/cloud/datastore/core/exception/SuppressedValidationFailures;Lcom/google/cloud/datastore/core/rep/values/Value;I)V 27 <appendix> member <vmtarget> ; # com/google/cloud/datastore/core/rep/validator/EntityValidator$$TypeSwitch+0x000000003f643118
instanceKlass com/google/cloud/datastore/emulator/impl/validators/CloudFirestoreEmulatorInternalValidator$1
instanceKlass com/google/cloud/datastore/core/exception/SuppressedValidationFailures
instanceKlass com/google/cloud/datastore/core/write/Write$Builder
instanceKlass com/google/cloud/datastore/core/write/Write
instanceKlass  @bci com/google/cloud/datastore/core/write/WriteHelper computeRequestMutationOpCounts (Lcom/google/common/collect/ImmutableList;)Lcom/google/common/collect/ImmutableMap; 54 <appendix> argL0 ; # com/google/cloud/datastore/core/write/WriteHelper$$Lambda+0x000000003f6410b8
instanceKlass  @bci com/google/cloud/datastore/core/write/WriteHelper computeRequestMutationOpCounts (Lcom/google/common/collect/ImmutableList;)Lcom/google/common/collect/ImmutableMap; 37 <appendix> argL0 ; # com/google/cloud/datastore/core/write/WriteHelper$$Lambda+0x000000003f640e80
instanceKlass com/google/cloud/datastore/core/write/OriginalMutationInfo$Builder
instanceKlass  @bci com/google/cloud/datastore/core/firestorev1/comparison/FirestoreValueComparison doHash (Lcom/google/cloud/datastore/core/rep/values/Value;)I 11 <appendix> member <vmtarget> ; # com/google/cloud/datastore/core/firestorev1/comparison/FirestoreValueComparison$$TypeSwitch+0x000000003f640600
instanceKlass com/google/cloud/datastore/core/firestorev1/comparison/FirestoreValueComparison$1
instanceKlass com/google/common/labs/collect/EquivalenceMaps$Impl$SimpleEntry
instanceKlass com/google/common/labs/collect/EquivalenceMaps$AbstractImpl
instanceKlass com/google/common/labs/collect/FunctionalEquivalenceMap
instanceKlass com/google/common/labs/collect/EquivalenceMaps
instanceKlass  @bci com/google/cloud/datastore/core/firestorev1/comparison/EntityRefCollections equivalenceMap (I)Lcom/google/common/labs/collect/EquivalenceMap; 8 <appendix> member <vmtarget> ; # com/google/cloud/datastore/core/firestorev1/comparison/EntityRefCollections$$Lambda+0x000000003f63dda0
instanceKlass com/google/common/base/Equivalence$Wrapper
instanceKlass com/google/common/labs/collect/EquivalenceMap
instanceKlass com/google/common/labs/collect/EquivalenceSet
instanceKlass com/google/cloud/datastore/core/firestorev1/comparison/EntityRefCollections
instanceKlass  @bci com/google/cloud/datastore/core/write/WriteHelper toWriteWithCollapsing (Lcom/google/common/collect/ImmutableList;)Lcom/google/cloud/datastore/core/write/Write$Builder; 11 <appendix> member <vmtarget> ; # com/google/cloud/datastore/core/write/WriteHelper$$Lambda+0x000000003f63be10
instanceKlass com/google/cloud/datastore/core/write/OriginalMutationInfo
instanceKlass com/google/cloud/datastore/core/write/WriteHelper
instanceKlass  @bci com/google/cloud/datastore/core/rep/EntityUpdater$ValueBuilder getMapValueProperties (Lcom/google/cloud/datastore/core/rep/values/Value;)Lcom/google/common/collect/ImmutableMap; 11 <appendix> member <vmtarget> ; # com/google/cloud/datastore/core/rep/EntityUpdater$ValueBuilder$$TypeSwitch+0x000000003f63b7d0
instanceKlass  @bci com/google/cloud/datastore/core/rep/EntityUpdater$ValueBuilder getInternal (Lcom/google/cloud/datastore/core/rep/PropertyPath;)Lcom/google/cloud/datastore/core/rep/values/Value; 60 <appendix> member <vmtarget> ; # com/google/cloud/datastore/core/rep/EntityUpdater$ValueBuilder$$TypeSwitch+0x000000003f63b5c0
instanceKlass  @bci com/google/cloud/datastore/core/rep/PropertyPath memberName ()Ljava/lang/String; 14 <appendix> member <vmtarget> ; # com/google/cloud/datastore/core/rep/PropertyPath$$TypeSwitch+0x000000003f63b3b0
instanceKlass com/google/cloud/datastore/core/rep/EntityUpdater$ValueBuilder
instanceKlass com/google/cloud/datastore/core/rep/EntityUpdater
instanceKlass com/google/cloud/datastore/core/write/Mutation$Builder
instanceKlass com/google/cloud/datastore/core/write/Mutation
instanceKlass com/google/cloud/datastore/core/write/EntityTransformation
instanceKlass  @bci com/google/cloud/datastore/core/converter/TransformationPathTree addPath (Lcom/google/cloud/datastore/core/rep/PropertyPath;Lcom/google/cloud/datastore/core/rep/PropertyPath;)V 99 <appendix> argL0 ; # com/google/cloud/datastore/core/converter/TransformationPathTree$$Lambda+0x000000003f6399d8
instanceKlass com/google/cloud/datastore/core/write/EntityTransformation$PropertyTransformation
instanceKlass com/google/cloud/datastore/core/write/TransformationFunctions$SetToConstant
instanceKlass com/google/cloud/datastore/core/write/TransformationFunctions
instanceKlass com/google/cloud/datastore/core/rep/RepHelper
instanceKlass com/google/firestore/v1/DocumentTransform$FieldTransform$ServerValue$1
instanceKlass com/google/cloud/datastore/core/firestorev1/converter/FirestoreV1TransformationToRepConverter$1
instanceKlass com/google/cloud/datastore/core/converter/TransformationPathTree
instanceKlass com/google/cloud/datastore/core/rep/PropertyMaskHelper
instanceKlass  @bci com/google/cloud/datastore/core/rep/validator/PropertyPathValidator validatePropertyPathSegments (Lcom/google/cloud/datastore/core/rep/PropertyPath;Lcom/google/cloud/datastore/core/rep/validator/ValidationConstraint;)V 27 <appendix> member <vmtarget> ; # com/google/cloud/datastore/core/rep/validator/PropertyPathValidator$$TypeSwitch+0x000000003f638210
instanceKlass  @bci com/google/cloud/datastore/core/rep/size/NaturalSizer propertyPathSegmentSize (Lcom/google/cloud/datastore/core/rep/PropertyPathSegment;)I 11 <appendix> member <vmtarget> ; # com/google/cloud/datastore/core/rep/size/NaturalSizer$$TypeSwitch+0x000000003f638000
instanceKlass com/google/cloud/datastore/core/rep/validator/ValidationConstraint
instanceKlass com/google/firestore/v1/TransactionOptions$ConcurrencyMode$1
instanceKlass com/google/cloud/datastore/core/firestorev1/converter/FirestoreV1RequestToRepConverter$1
instanceKlass  @bci com/google/cloud/datastore/emulator/impl/queries/FirestoreEmulatorQueryPlanner isKey (Lcom/google/common/collect/ImmutableList;Lcom/google/cloud/datastore/core/rep/Direction;)Z 5 <appendix> member <vmtarget> ; # com/google/cloud/datastore/emulator/impl/queries/FirestoreEmulatorQueryPlanner$$Lambda+0x000000003f62f1b8
# instanceKlass java/lang/invoke/LambdaForm$MH+0x000000003f630000
instanceKlass jdk/internal/math/FormattedFPDecimal
instanceKlass java/time/Duration$1
instanceKlass com/google/common/collect/DiscreteDomain
instanceKlass com/google/common/time/Durations
# instanceKlass java/lang/invoke/LambdaForm$MH+0x000000003f624400
instanceKlass com/google/firestore/v1/MapValue$FieldsDefaultEntryHolder
instanceKlass com/google/firestore/v1/MapValue$Builder$FieldsConverter
instanceKlass  @bci com/google/cloud/datastore/emulator/impl/util/EntityReadResult masked (Lcom/google/cloud/datastore/core/rep/PropertyMask;)Lcom/google/cloud/datastore/emulator/impl/util/EntityReadResult; 17 <appendix> member <vmtarget> ; # com/google/cloud/datastore/emulator/impl/util/EntityReadResult$$Lambda+0x000000003f62e008
instanceKlass  @bci com/google/cloud/datastore/emulator/impl/firestore/CloudFirestoreV1 performQueryOnRows (Lcom/google/cloud/datastore/core/rep/DatabaseRef;Lcom/google/common/collect/ImmutableMap;Lcom/google/cloud/datastore/core/rep/Query;Lcom/google/cloud/datastore/core/rep/QueryScope;)Lcom/google/common/collect/ImmutableList; 76 <appendix> member <vmtarget> ; # com/google/cloud/datastore/emulator/impl/firestore/CloudFirestoreV1$$Lambda+0x000000003f62ddb8
instanceKlass  @bci com/google/cloud/datastore/emulator/impl/queries/FirestoreEmulatorQuerySemantics createCursor (Lcom/google/cloud/datastore/core/rep/Query;Lcom/google/cloud/datastore/emulator/impl/queries/rep/IndexEntry;)Lcom/google/cloud/datastore/core/rep/Cursor; 35 <appendix> argL0 ; # com/google/cloud/datastore/emulator/impl/queries/FirestoreEmulatorQuerySemantics$$Lambda+0x000000003f62db70
instanceKlass  @bci com/google/cloud/datastore/emulator/impl/queries/FirestoreEmulatorQuerySemantics runQuery (Lcom/google/cloud/datastore/core/rep/DatabaseRef;Lcom/google/common/collect/ImmutableList;Lcom/google/cloud/datastore/core/rep/Query;Lcom/google/cloud/datastore/core/rep/QueryScope;Lcom/google/cloud/datastore/emulator/impl/queries/QueryResultStats;)Lcom/google/common/collect/ImmutableList; 67 <appendix> member <vmtarget> ; # com/google/cloud/datastore/emulator/impl/queries/FirestoreEmulatorQuerySemantics$$Lambda+0x000000003f62d920
instanceKlass com/google/cloud/datastore/core/index/firestore/StandardEditionFirestoreIndexValueToValueConverter
instanceKlass com/google/cloud/datastore/core/index/FirestoreIndexValueToValueConverterProvider$1
instanceKlass com/google/cloud/datastore/core/index/FirestoreIndexValueToValueConverterProvider
instanceKlass com/google/cloud/datastore/core/index/IndexValueToValueConverterProvider$1
instanceKlass  @bci com/google/cloud/datastore/core/index/IndexValueToValueConverterProvider <clinit> ()V 0 <appendix> argL0 ; # com/google/cloud/datastore/core/index/IndexValueToValueConverterProvider$$Lambda+0x000000003f62ce70
instanceKlass com/google/cloud/datastore/core/index/common/IndexValueToValueConverter
instanceKlass com/google/cloud/datastore/core/index/IndexValueToValueConverterProvider
instanceKlass com/google/cloud/datastore/emulator/impl/queries/FilterByProjection
instanceKlass com/google/cloud/datastore/emulator/impl/queries/FilterByDistinct
instanceKlass com/google/common/collect/Iterators$PeekingImpl
instanceKlass com/google/firestore/v1/WriteResultOrBuilder
instanceKlass com/google/common/collect/SortedLists
instanceKlass com/google/firestore/v1/WriteRequest$LabelsDefaultEntryHolder
instanceKlass  @bci com/google/common/collect/ImmutableRangeSet rangeContaining (Ljava/lang/Comparable;)Lcom/google/common/collect/Range; 4 <appendix> argL0 ; # com/google/common/collect/ImmutableRangeSet$$Lambda+0x000000003f6286a0
instanceKlass  @bci com/google/cloud/datastore/emulator/impl/queries/FirestoreEmulatorQueryExecutor containedInInequalityRanges (Lcom/google/cloud/datastore/emulator/impl/queries/rep/IndexEntryWithSchema;Ljava/util/Map;)Z 7 <appendix> argL0 ; # com/google/cloud/datastore/emulator/impl/queries/FirestoreEmulatorQueryExecutor$$Lambda+0x000000003f624800
instanceKlass com/google/firestore/v1/DocumentTransform$FieldTransformOrBuilder
instanceKlass  @bci com/google/common/collect/Iterators$MergingIterator <init> (Ljava/lang/Iterable;Ljava/util/Comparator;)V 5 <appendix> member <vmtarget> ; # com/google/common/collect/Iterators$MergingIterator$$Lambda+0x000000003f625c98
instanceKlass com/google/common/collect/Iterators$MergingIterator$IndexedIterator
instanceKlass  @bci com/google/cloud/datastore/emulator/impl/queries/FirestoreEmulatorQueryExecutor performScans (Lcom/google/cloud/datastore/core/rep/DatabaseRef;Lcom/google/common/collect/ImmutableList;Ljava/util/Comparator;Lcom/google/cloud/datastore/core/rep/Query;Ljava/util/Optional;ILjava/util/Optional;Lcom/google/cloud/datastore/emulator/impl/queries/QueryResultStats;)Lcom/google/common/collect/ImmutableList; 157 <appendix> argL0 ; # com/google/cloud/datastore/emulator/impl/queries/FirestoreEmulatorQueryExecutor$$Lambda+0x000000003f625000
instanceKlass com/google/firestore/v1/DocumentTransformOrBuilder
instanceKlass  @bci com/google/cloud/datastore/emulator/impl/queries/FirestoreEmulatorQueryExecutor performScans (Lcom/google/cloud/datastore/core/rep/DatabaseRef;Lcom/google/common/collect/ImmutableList;Ljava/util/Comparator;Lcom/google/cloud/datastore/core/rep/Query;Ljava/util/Optional;ILjava/util/Optional;Lcom/google/cloud/datastore/emulator/impl/queries/QueryResultStats;)Lcom/google/common/collect/ImmutableList; 127 <appendix> member <vmtarget> ; # com/google/cloud/datastore/emulator/impl/queries/FirestoreEmulatorQueryExecutor$$Lambda+0x000000003f6272d0
instanceKlass  @bci com/google/cloud/datastore/emulator/impl/queries/FirestoreEmulatorQueryExecutor performScans (Lcom/google/cloud/datastore/core/rep/DatabaseRef;Lcom/google/common/collect/ImmutableList;Ljava/util/Comparator;Lcom/google/cloud/datastore/core/rep/Query;Ljava/util/Optional;ILjava/util/Optional;Lcom/google/cloud/datastore/emulator/impl/queries/QueryResultStats;)Lcom/google/common/collect/ImmutableList; 115 <appendix> member <vmtarget> ; # com/google/cloud/datastore/emulator/impl/queries/FirestoreEmulatorQueryExecutor$$Lambda+0x000000003f627070
instanceKlass  @bci com/google/cloud/datastore/emulator/impl/queries/FirestoreEmulatorQueryExecutor performScans (Lcom/google/cloud/datastore/core/rep/DatabaseRef;Lcom/google/common/collect/ImmutableList;Ljava/util/Comparator;Lcom/google/cloud/datastore/core/rep/Query;Ljava/util/Optional;ILjava/util/Optional;Lcom/google/cloud/datastore/emulator/impl/queries/QueryResultStats;)Lcom/google/common/collect/ImmutableList; 103 <appendix> member <vmtarget> ; # com/google/cloud/datastore/emulator/impl/queries/FirestoreEmulatorQueryExecutor$$Lambda+0x000000003f626e20
instanceKlass com/google/cloud/datastore/emulator/impl/queries/rep/IndexEntryWithSchema
instanceKlass  @bci com/google/common/collect/ImmutableSortedAsList spliterator ()Ljava/util/Spliterator; 16 <appendix> member <vmtarget> ; # com/google/common/collect/ImmutableSortedAsList$$Lambda+0x000000003f6269d0
instanceKlass  @bci com/google/cloud/datastore/emulator/impl/queries/rep/IndexEntry$MultiValueBuilder build ()Ljava/util/stream/Stream; 10 <appendix> member <vmtarget> ; # com/google/cloud/datastore/emulator/impl/queries/rep/IndexEntry$MultiValueBuilder$$Lambda+0x000000003f623b78
instanceKlass  @bci com/google/cloud/datastore/core/rep/PropertyPathSegment getFrom (Ljava/util/Map;)Lcom/google/cloud/datastore/core/rep/values/Value; 11 <appendix> member <vmtarget> ; # com/google/cloud/datastore/core/rep/PropertyPathSegment$$TypeSwitch+0x000000003f622ae8
instanceKlass com/google/cloud/datastore/emulator/impl/queries/rep/IndexEntry$MultiValueBuilder
instanceKlass  @bci com/google/common/collect/CollectCollectors toImmutableSortedSet (Ljava/util/Comparator;)Ljava/util/stream/Collector; 21 <appendix> argL0 ; # com/google/common/collect/CollectCollectors$$Lambda+0x000000003f622688
instanceKlass  @bci com/google/common/collect/CollectCollectors toImmutableSortedSet (Ljava/util/Comparator;)Ljava/util/stream/Collector; 16 <appendix> argL0 ; # com/google/common/collect/CollectCollectors$$Lambda+0x000000003f622438
instanceKlass  @bci com/google/common/collect/CollectCollectors toImmutableSortedSet (Ljava/util/Comparator;)Ljava/util/stream/Collector; 11 <appendix> argL0 ; # com/google/common/collect/CollectCollectors$$Lambda+0x000000003f622200
instanceKlass  @bci com/google/common/collect/CollectCollectors toImmutableSortedSet (Ljava/util/Comparator;)Ljava/util/stream/Collector; 6 <appendix> member <vmtarget> ; # com/google/common/collect/CollectCollectors$$Lambda+0x000000003f621fd0
instanceKlass com/google/cloud/datastore/emulator/impl/firestore/CloudFirestoreV1WriteStream
instanceKlass  @bci com/google/cloud/datastore/emulator/impl/queries/rep/IndexEntry createForIndex (Ljava/util/List;Lcom/google/cloud/datastore/core/rep/IndexDef;Lcom/google/cloud/datastore/core/rep/Query$Semantics;Lcom/google/cloud/datastore/core/rep/BaseIndexValueComparator;)Lcom/google/common/collect/ImmutableSortedSet; 17 <appendix> member <vmtarget> ; # com/google/cloud/datastore/emulator/impl/queries/rep/IndexEntry$$Lambda+0x000000003f621b18
instanceKlass com/google/cloud/datastore/emulator/impl/queries/FirestoreEmulatorQueryExecutor$1
instanceKlass  @bci com/google/cloud/datastore/emulator/impl/queries/FirestoreEmulatorQueryExecutor materializeIndexTable (Ljava/util/List;Lcom/google/cloud/datastore/core/rep/IndexDef;Lcom/google/cloud/datastore/core/rep/EntityRef;Lcom/google/cloud/datastore/core/rep/BaseIndexValueComparator;Lcom/google/cloud/datastore/core/rep/Query$Semantics;Ljava/lang/String;)Lcom/google/common/collect/ImmutableSortedSet; 33 <appendix> member <vmtarget> ; # com/google/cloud/datastore/emulator/impl/queries/FirestoreEmulatorQueryExecutor$$Lambda+0x000000003f6216a8
instanceKlass  @bci com/google/cloud/datastore/emulator/impl/queries/FirestoreEmulatorQueryExecutor materializeIndexTable (Ljava/util/List;Lcom/google/cloud/datastore/core/rep/IndexDef;Lcom/google/cloud/datastore/core/rep/EntityRef;Lcom/google/cloud/datastore/core/rep/BaseIndexValueComparator;Lcom/google/cloud/datastore/core/rep/Query$Semantics;Ljava/lang/String;)Lcom/google/common/collect/ImmutableSortedSet; 21 <appendix> member <vmtarget> ; # com/google/cloud/datastore/emulator/impl/queries/FirestoreEmulatorQueryExecutor$$Lambda+0x000000003f621448
instanceKlass  @bci com/google/cloud/datastore/emulator/impl/queries/FirestoreEmulatorQueryExecutor materializeIndexTable (Ljava/util/List;Lcom/google/cloud/datastore/core/rep/IndexDef;Lcom/google/cloud/datastore/core/rep/EntityRef;Lcom/google/cloud/datastore/core/rep/BaseIndexValueComparator;Lcom/google/cloud/datastore/core/rep/Query$Semantics;Ljava/lang/String;)Lcom/google/common/collect/ImmutableSortedSet; 7 <appendix> member <vmtarget> ; # com/google/cloud/datastore/emulator/impl/queries/FirestoreEmulatorQueryExecutor$$Lambda+0x000000003f6211e8
instanceKlass com/google/cloud/datastore/emulator/impl/queries/FirestoreEmulatorQueryExecutor
instanceKlass  @bci com/google/cloud/datastore/emulator/impl/queries/FirestoreEmulatorQuerySemantics runQueryInternal (Lcom/google/cloud/datastore/core/rep/DatabaseRef;Lcom/google/common/collect/ImmutableList;Lcom/google/cloud/datastore/core/rep/Query;Lcom/google/cloud/datastore/core/rep/QueryScope;Lcom/google/cloud/datastore/emulator/impl/queries/QueryResultStats;)Lcom/google/common/collect/ImmutableList; 123 <appendix> member <vmtarget> ; # com/google/cloud/datastore/emulator/impl/queries/FirestoreEmulatorQuerySemantics$$Lambda+0x000000003f620d88
instanceKlass com/google/cloud/datastore/emulator/impl/queries/FirestoreEmulatorQueryExecutor$IndexTableScan
instanceKlass  @bci com/google/common/util/concurrent/AtomicLongMap updateAndGet (Ljava/lang/Object;Ljava/util/function/LongUnaryOperator;)J 11 <appendix> member <vmtarget> ; # com/google/common/util/concurrent/AtomicLongMap$$Lambda+0x000000003f620918
instanceKlass  @bci com/google/common/util/concurrent/AtomicLongMap accumulateAndGet (Ljava/lang/Object;JLjava/util/function/LongBinaryOperator;)J 11 <appendix> member <vmtarget> ; # com/google/common/util/concurrent/AtomicLongMap$$Lambda+0x000000003f6206c8
instanceKlass  @cpi com/google/common/util/concurrent/AtomicLongMap 316 form vmentry <vmtarget> ; # java/lang/invoke/LambdaForm$DMH+0x000000003f624000
instanceKlass  @bci com/google/common/util/concurrent/AtomicLongMap addAndGet (Ljava/lang/Object;J)J 3 <appendix> argL0 ; # com/google/common/util/concurrent/AtomicLongMap$$Lambda+0x000000003f6204a0
instanceKlass  @bci com/google/cloud/datastore/emulator/impl/queries/rep/IndexEntry$PostfixComparator forPostfix (Lcom/google/common/collect/ImmutableList;Lcom/google/cloud/datastore/core/rep/BaseIndexValueComparator;)Lcom/google/cloud/datastore/emulator/impl/queries/rep/IndexEntry$PostfixComparator; 18 <appendix> argL0 ; # com/google/cloud/datastore/emulator/impl/queries/rep/IndexEntry$PostfixComparator$$Lambda+0x000000003f620258
instanceKlass  @bci com/google/cloud/datastore/emulator/impl/queries/rep/IndexEntry$PostfixComparator forPostfix (Lcom/google/common/collect/ImmutableList;Lcom/google/cloud/datastore/core/rep/BaseIndexValueComparator;)Lcom/google/cloud/datastore/emulator/impl/queries/rep/IndexEntry$PostfixComparator; 8 <appendix> argL0 ; # com/google/cloud/datastore/emulator/impl/queries/rep/IndexEntry$PostfixComparator$$Lambda+0x000000003f620000
instanceKlass  @bci com/google/cloud/datastore/emulator/impl/queries/FirestoreQueryPlanner extractQueryPlans (Lcom/google/cloud/datastore/core/rep/Query;Lcom/google/common/collect/ImmutableList;)Ljava/util/stream/Stream; 771 <appendix> member <vmtarget> ; # com/google/cloud/datastore/emulator/impl/queries/FirestoreQueryPlanner$$Lambda+0x000000003f61fa18
instanceKlass com/google/cloud/datastore/emulator/impl/queries/rep/PerfectQueryPlan
instanceKlass com/google/cloud/datastore/emulator/impl/queries/rep/IndexEntry$VectorComparator
instanceKlass  @bci com/google/cloud/datastore/emulator/impl/queries/FirestoreQueryPlanner extractQueryPlans (Lcom/google/cloud/datastore/core/rep/Query;Lcom/google/common/collect/ImmutableList;)Ljava/util/stream/Stream; 753 <appendix> member <vmtarget> ; # com/google/cloud/datastore/emulator/impl/queries/FirestoreQueryPlanner$$Lambda+0x000000003f61f2b0
instanceKlass  @bci com/google/cloud/datastore/emulator/impl/queries/rep/IndexRangeSetBuilder build ()Lcom/google/common/collect/ImmutableList; 141 <appendix> argL0 ; # com/google/cloud/datastore/emulator/impl/queries/rep/IndexRangeSetBuilder$$Lambda+0x000000003f61ebf0
instanceKlass com/google/cloud/datastore/emulator/impl/queries/rep/IndexEntryRange
instanceKlass  @bci com/google/cloud/datastore/emulator/impl/queries/rep/IndexRangeSetBuilder build ()Lcom/google/common/collect/ImmutableList; 92 <appendix> member <vmtarget> ; # com/google/cloud/datastore/emulator/impl/queries/rep/IndexRangeSetBuilder$$Lambda+0x000000003f61e790
instanceKlass  @bci com/google/cloud/datastore/emulator/impl/queries/rep/IndexRangeSetBuilder build ()Lcom/google/common/collect/ImmutableList; 50 <appendix> member <vmtarget> ; # com/google/cloud/datastore/emulator/impl/queries/rep/IndexRangeSetBuilder$$Lambda+0x000000003f61e550
instanceKlass com/google/cloud/datastore/emulator/impl/queries/rep/IndexRangeSetBuilder$IndexRangeBuilder
instanceKlass com/google/cloud/datastore/emulator/impl/queries/rep/IndexRangeSetBuilder
instanceKlass  @bci com/google/cloud/datastore/emulator/impl/queries/FirestoreQueryPlanner extractQueryPlans (Lcom/google/cloud/datastore/core/rep/Query;Lcom/google/common/collect/ImmutableList;)Ljava/util/stream/Stream; 508 <appendix> argL0 ; # com/google/cloud/datastore/emulator/impl/queries/FirestoreQueryPlanner$$Lambda+0x000000003f61d820
instanceKlass  @bci com/google/cloud/datastore/emulator/impl/queries/rep/IndexEntry$PostfixComparator forIndexDef (Lcom/google/cloud/datastore/core/rep/IndexDef;Lcom/google/cloud/datastore/core/rep/BaseIndexValueComparator;)Lcom/google/cloud/datastore/emulator/impl/queries/rep/IndexEntry$PostfixComparator; 21 <appendix> argL0 ; # com/google/cloud/datastore/emulator/impl/queries/rep/IndexEntry$PostfixComparator$$Lambda+0x000000003f61d5d8
instanceKlass  @bci com/google/cloud/datastore/emulator/impl/queries/rep/IndexEntry$PostfixComparator forIndexDef (Lcom/google/cloud/datastore/core/rep/IndexDef;Lcom/google/cloud/datastore/core/rep/BaseIndexValueComparator;)Lcom/google/cloud/datastore/emulator/impl/queries/rep/IndexEntry$PostfixComparator; 11 <appendix> argL0 ; # com/google/cloud/datastore/emulator/impl/queries/rep/IndexEntry$PostfixComparator$$Lambda+0x000000003f61d380
instanceKlass com/google/cloud/datastore/emulator/impl/queries/rep/IndexEntry$PostfixComparator
instanceKlass  @bci com/google/cloud/datastore/emulator/impl/queries/FirestoreQueryPlanner extractQueryPlans (Lcom/google/cloud/datastore/core/rep/Query;Lcom/google/common/collect/ImmutableList;)Ljava/util/stream/Stream; 492 <appendix> argL0 ; # com/google/cloud/datastore/emulator/impl/queries/FirestoreQueryPlanner$$Lambda+0x000000003f61ce80
instanceKlass com/google/cloud/datastore/emulator/impl/queries/rep/IndexEntry
instanceKlass com/google/cloud/datastore/emulator/impl/queries/rep/IndexEntryRange$IndexEntryBound
instanceKlass  @bci com/google/cloud/datastore/emulator/impl/queries/FirestoreQueryPlanner extractQueryPlans (Lcom/google/cloud/datastore/core/rep/Query;Lcom/google/common/collect/ImmutableList;)Ljava/util/stream/Stream; 469 <appendix> argL0 ; # com/google/cloud/datastore/emulator/impl/queries/FirestoreQueryPlanner$$Lambda+0x000000003f61c5a0
instanceKlass com/google/cloud/datastore/core/rep/IndexDef$Builder
instanceKlass  @bci com/google/cloud/datastore/core/rep/IndexDef$PropertyDef <clinit> ()V 18 <appendix> argL0 ; # com/google/cloud/datastore/core/rep/IndexDef$PropertyDef$$Lambda+0x000000003f61aee8
instanceKlass com/google/cloud/datastore/core/rep/IndexDef
instanceKlass com/google/cloud/datastore/core/rep/IndexDef$PropertyDef$Builder
instanceKlass  @bci com/google/cloud/datastore/emulator/impl/queries/FirestoreQueryPlanner extractQueryPlans (Lcom/google/cloud/datastore/core/rep/Query;Lcom/google/common/collect/ImmutableList;)Ljava/util/stream/Stream; 399 <appendix> argL0 ; # com/google/cloud/datastore/emulator/impl/queries/FirestoreQueryPlanner$$Lambda+0x000000003f619e38
instanceKlass com/google/cloud/datastore/core/rep/IndexDef$PropertyDef
instanceKlass  @bci com/google/cloud/datastore/emulator/impl/queries/FirestoreQueryPlanner extractQueryPlans (Lcom/google/cloud/datastore/core/rep/Query;Lcom/google/common/collect/ImmutableList;)Ljava/util/stream/Stream; 375 <appendix> argL0 ; # com/google/cloud/datastore/emulator/impl/queries/FirestoreQueryPlanner$$Lambda+0x000000003f619998
instanceKlass  @bci com/google/cloud/datastore/emulator/impl/queries/FirestoreQueryPlanner extractQueryPlans (Lcom/google/cloud/datastore/core/rep/Query;Lcom/google/common/collect/ImmutableList;)Ljava/util/stream/Stream; 165 <appendix> argL0 ; # com/google/cloud/datastore/emulator/impl/queries/FirestoreQueryPlanner$$Lambda+0x000000003f6193f8
instanceKlass com/google/cloud/datastore/core/rep/IndexValueRangeSet$OrderedIndexValue
instanceKlass com/google/cloud/datastore/core/rep/IndexValueRangeSet
instanceKlass  @bci com/google/cloud/datastore/core/index/firestore/StandardEditionValueToFirestoreIndexValueConverter$Converter convertValue (Lcom/google/cloud/datastore/core/rep/values/Value;)Lcom/google/cloud/datastore/core/rep/IndexValue; 19 <appendix> member <vmtarget> ; # com/google/cloud/datastore/core/index/firestore/StandardEditionValueToFirestoreIndexValueConverter$Converter$$TypeSwitch+0x000000003f618950
instanceKlass com/google/cloud/datastore/emulator/impl/queries/FirestoreQueryPlanner$1
instanceKlass  @bci com/google/cloud/datastore/emulator/impl/queries/FirestoreEmulatorQueryPlanner planQuery (Lcom/google/cloud/datastore/core/rep/Query;)Lcom/google/common/collect/ImmutableSet; 30 <appendix> argL0 ; # com/google/cloud/datastore/emulator/impl/queries/FirestoreEmulatorQueryPlanner$$Lambda+0x000000003f611450
instanceKlass com/google/common/collect/SortedIterables
instanceKlass com/google/cloud/datastore/emulator/impl/queries/FirestoreEmulatorQueryPlanner$5
instanceKlass  @bci com/google/cloud/datastore/emulator/impl/queries/FirestoreEmulatorQueryPlanner hasOnlyKeyConditions (Lcom/google/cloud/datastore/core/rep/Condition;)Z 27 <appendix> argL0 ; # com/google/cloud/datastore/emulator/impl/queries/FirestoreEmulatorQueryPlanner$$Lambda+0x000000003f6138d0
instanceKlass  @bci com/google/cloud/datastore/emulator/impl/firestore/CloudFirestoreV1 performQueryOnRows (Lcom/google/cloud/datastore/core/rep/DatabaseRef;Lcom/google/common/collect/ImmutableMap;Lcom/google/cloud/datastore/core/rep/Query;Lcom/google/cloud/datastore/core/rep/QueryScope;)Lcom/google/common/collect/ImmutableList; 27 <appendix> argL0 ; # com/google/cloud/datastore/emulator/impl/firestore/CloudFirestoreV1$$Lambda+0x000000003f613448
instanceKlass  @bci com/google/cloud/datastore/emulator/impl/firestore/CloudFirestoreV1 performQueryOnRows (Lcom/google/cloud/datastore/core/rep/DatabaseRef;Lcom/google/common/collect/ImmutableMap;Lcom/google/cloud/datastore/core/rep/Query;Lcom/google/cloud/datastore/core/rep/QueryScope;)Lcom/google/common/collect/ImmutableList; 17 <appendix> argL0 ; # com/google/cloud/datastore/emulator/impl/firestore/CloudFirestoreV1$$Lambda+0x000000003f6131f0
instanceKlass  @bci com/google/cloud/datastore/emulator/impl/firestore/CloudFirestoreV1 performQueryOnRows (Lcom/google/cloud/datastore/core/rep/DatabaseRef;Lcom/google/common/collect/ImmutableMap;Lcom/google/cloud/datastore/core/rep/Query;Lcom/google/cloud/datastore/core/rep/QueryScope;)Lcom/google/common/collect/ImmutableList; 7 <appendix> argL0 ; # com/google/cloud/datastore/emulator/impl/firestore/CloudFirestoreV1$$Lambda+0x000000003f612fa8
instanceKlass  @bci com/google/cloud/datastore/emulator/impl/storage/FlatLocalEntityStore$HistoricalSnapshotReadView get (Ljava/lang/String;)Lcom/google/common/collect/ImmutableMap; 62 <appendix> member <vmtarget> ; # com/google/cloud/datastore/emulator/impl/storage/FlatLocalEntityStore$HistoricalSnapshotReadView$$Lambda+0x000000003f612d58
instanceKlass  @bci com/google/cloud/datastore/emulator/impl/storage/FlatLocalEntityStore$HistoricalSnapshotReadView get (Ljava/lang/String;)Lcom/google/common/collect/ImmutableMap; 56 <appendix> argL0 ; # com/google/cloud/datastore/emulator/impl/storage/FlatLocalEntityStore$HistoricalSnapshotReadView$$Lambda+0x000000003f612b10
instanceKlass  @bci com/google/cloud/datastore/emulator/impl/storage/FlatLocalEntityStore$HistoricalSnapshotReadView get (Ljava/lang/String;)Lcom/google/common/collect/ImmutableMap; 46 <appendix> member <vmtarget> ; # com/google/cloud/datastore/emulator/impl/storage/FlatLocalEntityStore$HistoricalSnapshotReadView$$Lambda+0x000000003f6128b0
instanceKlass com/google/cloud/datastore/core/auth/rules/AsyncTwoPhaseRulesAuthorizer$PhaseOneQueryInfo
# instanceKlass java/lang/invoke/LambdaForm$MH+0x000000003f610c00
instanceKlass com/google/firebase/rules/runtime/common/FieldAccessVisitor$1
instanceKlass  @bci com/google/firebase/rules/runtime/common/FieldAccessVisitor <clinit> ()V 6 <appendix> argL0 ; # com/google/firebase/rules/runtime/common/FieldAccessVisitor$$Lambda+0x000000003f612000
instanceKlass  @cpi com/google/firebase/rules/runtime/common/FieldAccessVisitor 359 form vmentry <vmtarget> ; # java/lang/invoke/LambdaForm$DMH+0x000000003f610800
instanceKlass com/google/firebase/rules/runtime/common/FieldAccessVisitor
instanceKlass com/google/firebase/rules/runtime/common/FieldAccessListener$Node
instanceKlass com/google/firebase/rules/runtime/common/FieldAccessListener
instanceKlass com/google/cloud/datastore/core/auth/rules/ContextUtil$TrackingFieldAccessListener
instanceKlass  @bci com/google/firebase/rules/runtime/impl/DefaultEvaluator evaluate (Lcom/google/firebase/rules/runtime/common/Evaluator$Context;)Lcom/google/common/util/concurrent/ListenableFuture; 167 <appendix> member <vmtarget> ; # com/google/firebase/rules/runtime/impl/DefaultEvaluator$$Lambda+0x000000003f617358
instanceKlass com/google/cloud/datastore/core/auth/rules/RuleContextBuilderAndResource
instanceKlass  @bci com/google/cloud/datastore/core/auth/rules/EntityToExpressionValueConverter convertRepValue (Lcom/google/cloud/datastore/core/rep/values/Value;)Lcom/google/firebase/rules/runtime/v1/ExpressionValue; 11 <appendix> member <vmtarget> ; # com/google/cloud/datastore/core/auth/rules/EntityToExpressionValueConverter$$TypeSwitch+0x000000003f616f30
instanceKlass  @bci com/google/cloud/datastore/core/auth/rules/QueryToResourceConverter$QueryConstraint resolveProperty (Lcom/google/firebase/rules/runtime/v1/ExpressionValue$Builder;Lcom/google/cloud/datastore/core/rep/PropertyPath;Lcom/google/cloud/datastore/core/auth/rules/QueryToResourceConverter$PropertyConstraint;)V 26 <appendix> member <vmtarget> ; # com/google/cloud/datastore/core/auth/rules/QueryToResourceConverter$QueryConstraint$$TypeSwitch+0x000000003f616d20
instanceKlass  @bci com/google/cloud/datastore/core/auth/rules/QueryToResourceConverter$QueryConstraint resourceConstraint ()Lcom/google/firebase/rules/runtime/v1/ExpressionValue; 15 <appendix> member <vmtarget> ; # com/google/cloud/datastore/core/auth/rules/QueryToResourceConverter$QueryConstraint$$Lambda+0x000000003f616ae0
instanceKlass  @bci com/google/firebase/rules/runtime/evaluators/AuthRuleEvaluator$RuleContext$Builder listeners (Ljava/lang/Iterable;)Lcom/google/firebase/rules/runtime/evaluators/AuthRuleEvaluator$RuleContext$Builder; 16 <appendix> member <vmtarget> ; # com/google/firebase/rules/runtime/evaluators/AuthRuleEvaluator$RuleContext$Builder$$Lambda+0x000000003f6168a0
instanceKlass  @bci com/google/cloud/datastore/core/auth/rules/DatastoreRuleContextBuilder trackFieldAccesses ()Lcom/google/cloud/datastore/core/auth/rules/DatastoreRuleContextBuilder; 2 <appendix> member <vmtarget> ; # com/google/cloud/datastore/core/auth/rules/DatastoreRuleContextBuilder$$Lambda+0x000000003f616670
instanceKlass com/google/firebase/rules/runtime/utils/ExpressionValueUtils$IntegerCache
instanceKlass  @bci java/util/stream/Collectors toMap (Ljava/util/function/Function;Ljava/util/function/Function;Ljava/util/function/BinaryOperator;)Ljava/util/stream/Collector; 3 <appendix> argL0 ; # java/util/stream/Collectors$$Lambda+0x000000003f2fb150
instanceKlass  @bci com/google/cloud/datastore/core/auth/rules/AsyncTwoPhaseRulesAuthorizer queryToExpression (Lcom/google/cloud/datastore/core/rep/Query;)Lcom/google/firebase/rules/runtime/v1/ExpressionValue; 151 <appendix> argL0 ; # com/google/cloud/datastore/core/auth/rules/AsyncTwoPhaseRulesAuthorizer$$Lambda+0x000000003f615010
instanceKlass  @bci com/google/cloud/datastore/core/auth/rules/AsyncTwoPhaseRulesAuthorizer queryToExpression (Lcom/google/cloud/datastore/core/rep/Query;)Lcom/google/firebase/rules/runtime/v1/ExpressionValue; 146 <appendix> argL0 ; # com/google/cloud/datastore/core/auth/rules/AsyncTwoPhaseRulesAuthorizer$$Lambda+0x000000003f614dc8
instanceKlass  @bci com/google/cloud/datastore/core/auth/rules/AsyncTwoPhaseRulesAuthorizer queryToExpression (Lcom/google/cloud/datastore/core/rep/Query;)Lcom/google/firebase/rules/runtime/v1/ExpressionValue; 141 <appendix> argL0 ; # com/google/cloud/datastore/core/auth/rules/AsyncTwoPhaseRulesAuthorizer$$Lambda+0x000000003f614b80
instanceKlass  @bci com/google/cloud/datastore/core/auth/rules/AsyncTwoPhaseRulesAuthorizer queryToExpression (Lcom/google/cloud/datastore/core/rep/Query;)Lcom/google/firebase/rules/runtime/v1/ExpressionValue; 69 <appendix> argL0 ; # com/google/cloud/datastore/core/auth/rules/AsyncTwoPhaseRulesAuthorizer$$Lambda+0x000000003f614938
instanceKlass  @bci com/google/cloud/datastore/core/auth/rules/AsyncTwoPhaseRulesAuthorizer queryToExpression (Lcom/google/cloud/datastore/core/rep/Query;)Lcom/google/firebase/rules/runtime/v1/ExpressionValue; 64 <appendix> member <vmtarget> ; # com/google/cloud/datastore/core/auth/rules/AsyncTwoPhaseRulesAuthorizer$$Lambda+0x000000003f6146e8
instanceKlass com/google/cloud/datastore/core/auth/rules/PropertyPathToExpressionValue
instanceKlass  @bci com/google/cloud/datastore/core/auth/rules/QueryToResourceConverter$QueryConstraint addPropertyCondition (Lcom/google/cloud/datastore/core/rep/Condition$PropertyValueCondition;)V 45 <appendix> member <vmtarget> ; # com/google/cloud/datastore/core/auth/rules/QueryToResourceConverter$QueryConstraint$$Lambda+0x000000003f614218
instanceKlass com/google/cloud/datastore/core/auth/rules/QueryToResourceConverter$PropertyConstraint
instanceKlass  @bci com/google/cloud/datastore/core/rep/ConditionVisitor visitConditions (ZLcom/google/cloud/datastore/core/rep/Condition;)Z 13 <appendix> member <vmtarget> ; # com/google/cloud/datastore/core/rep/ConditionVisitor$$TypeSwitch+0x000000003f60fbe0
instanceKlass com/google/cloud/datastore/core/rep/ConditionVisitor
instanceKlass com/google/cloud/datastore/core/query/NormalizedQuery
instanceKlass  @bci com/google/cloud/datastore/core/auth/rules/AsyncTwoPhaseRulesAuthorizer checkQueryRequest (Lcom/google/cloud/datastore/core/auth/rules/RulesRequestContext;Lcom/google/cloud/datastore/core/rep/QueryRequest;Lcom/google/cloud/datastore/core/auth/rules/AsyncRulesAuthorizer$ReadHandler;)Lcom/google/cloud/datastore/computation/Remainder; 9 <appendix> member <vmtarget> ; # com/google/cloud/datastore/core/auth/rules/AsyncTwoPhaseRulesAuthorizer$$Lambda+0x000000003f60ecb0
instanceKlass  @bci com/google/cloud/datastore/emulator/impl/rules/DefaultEmulatorRulesAuthorizer lambda$checkQuery$0 (Lcom/google/cloud/datastore/core/auth/rules/RulesRequestContext;Lcom/google/cloud/datastore/core/rep/Query;Lcom/google/cloud/datastore/core/rep/QueryScope;Lcom/google/cloud/datastore/core/auth/rules/AsyncRulesAuthorizer$ReadHandler;Lcom/google/firebase/rules/runtime/evaluators/RuleClient;)V 8 <appendix> member <vmtarget> ; # com/google/cloud/datastore/emulator/impl/rules/DefaultEmulatorRulesAuthorizer$$Lambda+0x000000003f60e3e8
instanceKlass  @bci com/google/cloud/datastore/core/auth/rules/AsyncReadHandlers$AccessCollectorDecorator asyncExists (Lcom/google/cloud/datastore/core/rep/EntityRef;)Lcom/google/cloud/datastore/computation/Remainder; 40 <appendix> form vmentry <vmtarget> ; # java/lang/invoke/LambdaForm$DMH+0x000000003f610400
instanceKlass  @bci com/google/cloud/datastore/emulator/impl/rules/DefaultEmulatorRulesAuthorizer checkQuery (Lcom/google/cloud/datastore/emulator/impl/context/FirestoreEmulatorRequestContext;Lcom/google/cloud/datastore/core/rep/Query;Lcom/google/cloud/datastore/core/rep/QueryScope;Lcom/google/cloud/datastore/emulator/impl/storage/LocalEntityStore$ReadView;)V 71 <appendix> member <vmtarget> ; # com/google/cloud/datastore/emulator/impl/rules/DefaultEmulatorRulesAuthorizer$$Lambda+0x000000003f60e1b8
instanceKlass  @cpi com/google/cloud/datastore/core/auth/rules/AsyncReadHandlers$AccessCollectorDecorator 245 form vmentry <vmtarget> ; # java/lang/invoke/LambdaForm$DMH+0x000000003f610000
instanceKlass  @bci com/google/cloud/datastore/emulator/impl/rules/DefaultEmulatorRulesAuthorizer checkQuery (Lcom/google/cloud/datastore/emulator/impl/context/FirestoreEmulatorRequestContext;Lcom/google/cloud/datastore/core/rep/Query;Lcom/google/cloud/datastore/core/rep/QueryScope;Lcom/google/cloud/datastore/emulator/impl/storage/LocalEntityStore$ReadView;)V 15 <appendix> argL0 ; # com/google/cloud/datastore/emulator/impl/rules/DefaultEmulatorRulesAuthorizer$$Lambda+0x000000003f60df70
instanceKlass com/google/cloud/datastore/emulator/impl/queries/QueryResultStats
instanceKlass com/google/cloud/datastore/emulator/impl/watch/CollectionRef
instanceKlass com/google/cloud/datastore/core/rep/AutoOneOf_QueryRequest_QueryPayload
instanceKlass com/google/cloud/datastore/core/rep/QueryRequest$QueryPayload
instanceKlass com/google/cloud/datastore/core/rep/QueryRequest
instanceKlass  @bci com/google/cloud/datastore/core/rep/values/Value isNaN ()Z 11 <appendix> member <vmtarget> ; # com/google/cloud/datastore/core/rep/values/Value$$TypeSwitch+0x000000003f60c598
instanceKlass com/google/cloud/datastore/core/firestorev1/converter/BaseValueToRepConverter$1
instanceKlass com/google/cloud/datastore/core/firestorev1/converter/FirestoreV1EntityToRepConverter$1
instanceKlass  @bci com/google/cloud/datastore/core/firestorev1/converter/FirestoreV1PropertyPathToRepConverter validatePropertyPath (Lcom/google/cloud/datastore/core/rep/PropertyPath;)V 18 <appendix> member <vmtarget> ; # com/google/cloud/datastore/core/firestorev1/converter/FirestoreV1PropertyPathToRepConverter$$TypeSwitch+0x000000003f60bf68
instanceKlass com/google/firestore/v1/StructuredQuery$CompositeFilter$Operator$1
instanceKlass com/google/firestore/v1/StructuredQuery$Direction$1
instanceKlass com/google/firestore/v1/StructuredQuery$FindNearest$DistanceMeasure$1
instanceKlass com/google/cloud/datastore/core/firestorev1/converter/FirestoreV1QueryToRepConverter$1
instanceKlass com/google/cloud/datastore/core/rep/Query$Builder
instanceKlass com/google/cloud/datastore/core/rep/Query
instanceKlass com/google/cloud/datastore/core/rep/QueryScope$Builder
instanceKlass com/google/cloud/datastore/core/rep/QueryScope
instanceKlass  @bci com/google/cloud/datastore/core/firestorev1/converter/FirestoreV1RequestToRepConverter parseParent (Lcom/google/cloud/datastore/internal/InternalHeader$ApiVersion;Lcom/google/cloud/datastore/core/names/ProjectIdAppIdResolver;Ljava/lang/String;)Lcom/google/cloud/datastore/core/rep/EntityRef; 28 <appendix> member <vmtarget> ; # com/google/cloud/datastore/core/firestorev1/converter/FirestoreV1RequestToRepConverter$$TypeSwitch+0x000000003f609740
instanceKlass com/google/cloud/datastore/core/firestorev1/validator/OrFilterVisitor$1
instanceKlass com/google/cloud/datastore/core/firestorev1/validator/NotEqualsVisitor$1
instanceKlass com/google/cloud/datastore/core/firestorev1/validator/StructuredQueryVisitor
instanceKlass com/google/cloud/datastore/emulator/impl/watch/CollectionSelector
instanceKlass com/google/firestore/v1/StructuredQuery$CompositeFilterOrBuilder
instanceKlass com/google/firestore/v1/StructuredQuery$FieldFilterOrBuilder
instanceKlass com/google/firestore/v1/StructuredQuery$UnaryFilterOrBuilder
instanceKlass com/google/firestore/v1/StructuredQuery$FieldReferenceOrBuilder
instanceKlass com/google/firestore/v1/StructuredQuery$OrderOrBuilder
instanceKlass com/google/firestore/v1/StructuredQuery$CollectionSelectorOrBuilder
instanceKlass com/google/firestore/v1/StructuredQuery$FilterOrBuilder
instanceKlass com/google/firestore/v1/StructuredQuery$ProjectionOrBuilder
instanceKlass com/google/firestore/v1/StructuredQuery$FindNearestOrBuilder
instanceKlass com/google/firestore/v1/CursorOrBuilder
instanceKlass com/google/net/webchannel/server/v8/ChannelInternalImpl$1
instanceKlass com/google/net/webchannel/server/v8/JsonArrayWriter
instanceKlass com/google/net/webchannel/server/v8/BackChannel$EncodingResult
instanceKlass com/google/net/webchannel/server/v8/BackChannelWriter
instanceKlass io/netty/channel/AbstractChannelHandlerContext$11
instanceKlass sun/net/httpserver/ServerImpl$1
instanceKlass  @bci com/google/cloud/datastore/emulator/firestore/WebChannelForwardingHandler$ForwardHandler channelRead0 (Lio/netty/channel/ChannelHandlerContext;Lio/netty/handler/codec/http/HttpObject;)V 104 <appendix> argL0 ; # com/google/cloud/datastore/emulator/firestore/WebChannelForwardingHandler$ForwardHandler$$Lambda+0x000000003f5f6ff0
instanceKlass com/google/net/webchannel/server/v8/Envelope
instanceKlass  @bci sun/net/httpserver/ExchangeImpl sendResponseHeaders (IJ)V 409 <appendix> member <vmtarget> ; # sun/net/httpserver/ExchangeImpl$$Lambda+0x000000003f56ab70
instanceKlass  @bci sun/net/httpserver/ExchangeImpl sendResponseHeaders (IJ)V 385 <appendix> argL0 ; # sun/net/httpserver/ExchangeImpl$$Lambda+0x000000003f56a928
instanceKlass  @bci sun/util/cldr/CLDRTimeZoneNameProviderImpl deriveFallbackName ([Ljava/lang/String;ILjava/util/Locale;Z)V 176 <adapter> ; # java/lang/invoke/LambdaForm$MH+0x000000003f5f8400
instanceKlass  @bci sun/util/cldr/CLDRTimeZoneNameProviderImpl deriveFallbackName ([Ljava/lang/String;ILjava/util/Locale;Z)V 176 <appendix> form vmentry <vmtarget> ; # java/lang/invoke/LambdaForm$DMH+0x000000003f5f8000
instanceKlass  @bci sun/util/cldr/CLDRTimeZoneNameProviderImpl deriveFallbackName ([Ljava/lang/String;ILjava/util/Locale;Z)V 176 <appendix> member <vmtarget> ; # sun/util/cldr/CLDRTimeZoneNameProviderImpl$$Lambda+0x000000003f2faf00
instanceKlass sun/util/cldr/CLDRBaseLocaleDataMetaInfo$CLDRMapHolder
instanceKlass sun/util/locale/provider/TimeZoneNameUtility$TimeZoneNameGetter
instanceKlass sun/util/locale/provider/TimeZoneNameUtility
instanceKlass java/time/format/DateTimeFormatterBuilder$2
instanceKlass sun/util/locale/provider/CalendarDataUtility$CalendarFieldValueNameGetter
instanceKlass java/util/concurrent/atomic/AtomicMarkableReference$Pair
instanceKlass java/util/concurrent/atomic/AtomicMarkableReference
instanceKlass sun/util/locale/provider/CalendarNameProviderImpl$LengthBasedComparator
instanceKlass sun/util/resources/provider/NonBaseLocaleDataMetaInfo
instanceKlass sun/util/locale/provider/BaseLocaleDataMetaInfo
instanceKlass sun/util/locale/provider/CalendarDataUtility$CalendarFieldValueNamesMapGetter
instanceKlass java/time/Year
instanceKlass  @bci sun/net/httpserver/ExchangeImpl sendResponseHeaders (IJ)V 36 <appendix> form vmentry <vmtarget> ; # java/lang/invoke/LambdaForm$MH+0x000000003f5f5c00
instanceKlass sun/net/httpserver/Code
instanceKlass com/google/cloud/datastore/clientproxy/ClientProxy$ResumeToken$RangeStateOrBuilder
instanceKlass com/google/cloud/datastore/clientproxy/ClientProxy$ResumeTokenOrBuilder
instanceKlass com/google/firestore/v1/Pipeline$StageOrBuilder
# instanceKlass java/lang/invoke/LambdaForm$MH+0x000000003f5f5400
# instanceKlass java/lang/invoke/LambdaForm$MH+0x000000003f5f4800
# instanceKlass java/lang/invoke/LambdaForm$MH+0x000000003f5f4400
instanceKlass com/google/firestore/v1/Document$FieldsDefaultEntryHolder
instanceKlass  @bci com/google/cloud/datastore/core/firestorev1/converter/FirestoreV1ValueFromRepConverter toValue (Lcom/google/cloud/datastore/core/rep/values/Value;)Lcom/google/firestore/v1/Value; 25 <appendix> member <vmtarget> ; # com/google/cloud/datastore/core/firestorev1/converter/FirestoreV1ValueFromRepConverter$$TypeSwitch+0x000000003f5ed958
instanceKlass com/google/firestore/v1/MapValueOrBuilder
instanceKlass com/google/firestore/v1/FunctionOrBuilder
instanceKlass com/google/firestore/v1/ArrayValueOrBuilder
instanceKlass com/google/firestore/v1/PipelineOrBuilder
instanceKlass  @bci com/google/cloud/datastore/core/rep/converter/ValueToExtendedTypeMapValueConverter shallowConvertValueWithoutMeaning (Lcom/google/cloud/datastore/core/rep/values/Value;)Lcom/google/cloud/datastore/core/rep/values/Value; 11 <appendix> member <vmtarget> ; # com/google/cloud/datastore/core/rep/converter/ValueToExtendedTypeMapValueConverter$$TypeSwitch+0x000000003f5ea038
instanceKlass com/google/cloud/datastore/core/firestorev1/converter/FirestoreV1ValueFromRepConverter
instanceKlass com/google/firestore/v1/Document$Builder$FieldsConverter
instanceKlass com/google/firestore/v1/ValueOrBuilder
instanceKlass com/google/cloud/datastore/core/firestorev1/converter/FirestoreV1EntityFromRepConverter
instanceKlass com/google/cloud/datastore/core/rep/ReadResponse
instanceKlass  @bci com/google/cloud/datastore/emulator/impl/firestore/CloudFirestoreV1 snapshotRead (Lcom/google/cloud/datastore/emulator/impl/context/FirestoreEmulatorRequestContext;Ljava/util/Set;Lcom/google/cloud/datastore/core/rep/PropertyMask;Ljava/time/Instant;)Lcom/google/cloud/datastore/core/rep/ReadResponse; 95 <appendix> member <vmtarget> ; # com/google/cloud/datastore/emulator/impl/firestore/CloudFirestoreV1$$Lambda+0x000000003f5e87b8
instanceKlass  @bci com/google/cloud/datastore/emulator/impl/firestore/CloudFirestoreV1 snapshotRead (Lcom/google/cloud/datastore/emulator/impl/context/FirestoreEmulatorRequestContext;Ljava/util/Set;Lcom/google/cloud/datastore/core/rep/PropertyMask;Ljava/time/Instant;)Lcom/google/cloud/datastore/core/rep/ReadResponse; 84 <appendix> member <vmtarget> ; # com/google/cloud/datastore/emulator/impl/firestore/CloudFirestoreV1$$Lambda+0x000000003f5e8568
instanceKlass  @bci com/google/firebase/rules/runtime/tracking/RuleExpressionTracker add (Lcom/google/firebase/rules/runtime/v1/Expression;Lcom/google/firebase/rules/runtime/v1/ExpressionValue;)V 23 <appendix> argL0 ; # com/google/firebase/rules/runtime/tracking/RuleExpressionTracker$$Lambda+0x000000003f5e5b00
instanceKlass  @bci com/google/common/collect/ImmutableMultimap lambda$forEach$0 (Ljava/util/function/BiConsumer;Ljava/lang/Object;Ljava/util/Collection;)V 3 <appendix> member <vmtarget> ; # com/google/common/collect/ImmutableMultimap$$Lambda+0x000000003f5e58c0
instanceKlass  @bci com/google/common/collect/ImmutableMultimap forEach (Ljava/util/function/BiConsumer;)V 10 <appendix> member <vmtarget> ; # com/google/common/collect/ImmutableMultimap$$Lambda+0x000000003f5e5680
instanceKlass  @bci com/google/firebase/rules/runtime/tracking/RuleExpressionTracker addAll (Lcom/google/common/collect/Multimap;)V 2 <appendix> member <vmtarget> ; # com/google/firebase/rules/runtime/tracking/RuleExpressionTracker$$Lambda+0x000000003f5e5440
instanceKlass  @bci com/google/cloud/datastore/emulator/impl/util/FirestoreEmulatorConverters rowToReadResult (Lcom/google/cloud/datastore/emulator/impl/util/EntityReadResult;)Lcom/google/cloud/datastore/core/rep/ReadResult; 44 <appendix> member <vmtarget> ; # com/google/cloud/datastore/emulator/impl/util/FirestoreEmulatorConverters$$Lambda+0x000000003f5e5210
instanceKlass  @cpi com/google/cloud/datastore/emulator/impl/util/FirestoreEmulatorConverters 1564 form vmentry <vmtarget> ; # java/lang/invoke/LambdaForm$DMH+0x000000003f5e4c00
instanceKlass  @bci com/google/cloud/datastore/core/rep/size/NaturalSizer valueSize (Lcom/google/cloud/datastore/core/rep/values/Value;)I 11 <appendix> member <vmtarget> ; # com/google/cloud/datastore/core/rep/size/NaturalSizer$$TypeSwitch+0x000000003f5e5000
instanceKlass  @bci com/google/cloud/datastore/core/rep/size/EntityBillingSizer propertySize (Ljava/lang/String;Lcom/google/cloud/datastore/core/rep/values/Value;Z)I 15 <appendix> member <vmtarget> ; # com/google/cloud/datastore/core/rep/size/EntityBillingSizer$$TypeSwitch+0x000000003f5e7d60
instanceKlass  @bci com/google/cloud/datastore/core/rep/size/NaturalSizer pathSize (Lcom/google/cloud/datastore/core/rep/path/Path;)I 62 <appendix> member <vmtarget> ; # com/google/cloud/datastore/core/rep/size/NaturalSizer$$TypeSwitch+0x000000003f5e7b50
instanceKlass com/google/cloud/datastore/core/rep/size/NaturalSizer
instanceKlass com/google/cloud/datastore/core/rep/size/EntityBillingSizer
instanceKlass com/google/cloud/datastore/core/rep/ReadResult$Builder
instanceKlass com/google/cloud/datastore/core/rep/Cursor
instanceKlass  @bci com/google/cloud/datastore/emulator/impl/util/FirestoreEmulatorConverters lambda$rowToReadResult$0 (Lcom/google/cloud/datastore/emulator/impl/util/EntityReadResult;JLcom/google/cloud/datastore/core/rep/Entity;)Lcom/google/cloud/datastore/core/rep/ReadResult; 4 <appendix> argL0 ; # com/google/cloud/datastore/emulator/impl/util/FirestoreEmulatorConverters$$Lambda+0x000000003f5e6250
instanceKlass  @bci com/google/common/util/concurrent/AtomicLongMap accumulateAndGet (Ljava/lang/Object;JLjava/util/function/LongBinaryOperator;)J 11 <adapter> ; # java/lang/invoke/LambdaForm$MH+0x000000003f5e4800
instanceKlass  @bci com/google/common/util/concurrent/AtomicLongMap accumulateAndGet (Ljava/lang/Object;JLjava/util/function/LongBinaryOperator;)J 11 <appendix> form vmentry <vmtarget> ; # java/lang/invoke/LambdaForm$DMH+0x000000003f5e4400
instanceKlass  @bci com/google/cloud/datastore/emulator/impl/util/FirestoreEmulatorConverters rowToReadResult (Lcom/google/cloud/datastore/emulator/impl/util/EntityReadResult;)Lcom/google/cloud/datastore/core/rep/ReadResult; 34 <appendix> member <vmtarget> ; # com/google/cloud/datastore/emulator/impl/util/FirestoreEmulatorConverters$$Lambda+0x000000003f5e6000
instanceKlass  @cpi com/google/cloud/datastore/emulator/impl/util/FirestoreEmulatorConverters 1558 form vmentry <vmtarget> ; # java/lang/invoke/LambdaForm$DMH+0x000000003f5e4000
instanceKlass  @bci com/google/cloud/datastore/emulator/impl/util/FirestoreEmulatorConverters rowToReadResult (Lcom/google/cloud/datastore/emulator/impl/util/EntityReadResult;)Lcom/google/cloud/datastore/core/rep/ReadResult; 4 <appendix> argL0 ; # com/google/cloud/datastore/emulator/impl/util/FirestoreEmulatorConverters$$Lambda+0x000000003f5e3cd0
instanceKlass  @bci com/google/cloud/datastore/emulator/impl/storage/FirestoreEmulatorReadHandler batchRead (Lcom/google/common/collect/ImmutableSet;)Lcom/google/common/collect/ImmutableList; 17 <appendix> member <vmtarget> ; # com/google/cloud/datastore/emulator/impl/storage/FirestoreEmulatorReadHandler$$Lambda+0x000000003f5e3a80
instanceKlass com/google/cloud/datastore/core/rep/ReadResult
instanceKlass  @bci com/google/cloud/datastore/emulator/impl/storage/FlatLocalEntityStore$HistoricalSnapshotReadView get (Ljava/util/Set;)Lcom/google/common/collect/ImmutableMap; 12 <appendix> member <vmtarget> ; # com/google/cloud/datastore/emulator/impl/storage/FlatLocalEntityStore$HistoricalSnapshotReadView$$Lambda+0x000000003f5e35c0
instanceKlass  @bci com/google/cloud/datastore/emulator/impl/storage/FlatLocalEntityStore$HistoricalSnapshotReadView get (Ljava/util/Set;)Lcom/google/common/collect/ImmutableMap; 6 <appendix> argL0 ; # com/google/cloud/datastore/emulator/impl/storage/FlatLocalEntityStore$HistoricalSnapshotReadView$$Lambda+0x000000003f5e3378
instanceKlass  @bci com/google/cloud/datastore/emulator/impl/rules/DefaultEmulatorRulesAuthorizer lambda$checkLookup$0 (Lcom/google/cloud/datastore/core/auth/rules/RulesRequestContext;Ljava/util/Set;Lcom/google/cloud/datastore/emulator/impl/storage/LocalEntityStore$ReadView;Lcom/google/firebase/rules/runtime/evaluators/RuleClient;)V 68 <appendix> member <vmtarget> ; # com/google/cloud/datastore/emulator/impl/rules/DefaultEmulatorRulesAuthorizer$$Lambda+0x000000003f5e3118
instanceKlass com/google/cloud/datastore/emulator/impl/storage/FirestoreEmulatorReadHandler
instanceKlass com/google/cloud/datastore/computation/Remainder$ContinuedRemainder
instanceKlass com/google/cloud/datastore/core/auth/rules/AsyncPerEntityRulesAuthorizers$PreAuthorized
instanceKlass com/google/cloud/datastore/core/auth/rules/AsyncPerEntityRulesAuthorizers
instanceKlass com/google/cloud/datastore/core/auth/rules/AsyncTwoPhaseRulesAuthorizer$PhaseOneLookupInfo
instanceKlass  @bci com/google/cloud/datastore/core/auth/rules/AsyncTwoPhaseRulesAuthorizer checkLookupPhaseOne (Lcom/google/cloud/datastore/core/auth/rules/RulesRequestContext;Lcom/google/cloud/datastore/core/rep/Read;Lcom/google/firebase/rules/runtime/evaluators/AuthRuleEvaluator;)Lcom/google/cloud/datastore/core/auth/rules/AsyncTwoPhaseRulesAuthorizer$PhaseOneLookupInfo; 197 <appendix> member <vmtarget> ; # com/google/cloud/datastore/core/auth/rules/AsyncTwoPhaseRulesAuthorizer$$Lambda+0x000000003f5e17b0
instanceKlass com/google/cloud/datastore/core/auth/rules/AsyncTwoPhaseRulesAuthorizer$1
instanceKlass com/google/cloud/datastore/core/auth/rules/RulesStats$RulesEvaluationResult$Builder
instanceKlass com/google/cloud/datastore/core/auth/rules/RulesStats$RulesEvaluationResult
instanceKlass com/google/cloud/datastore/emulator/impl/rules/EmulatorRuleClient$DebugRuleResult
instanceKlass  @bci com/google/cloud/datastore/emulator/impl/rules/EmulatorRuleClient$EmulatorRuleEvaluator evaluate (Lcom/google/firebase/rules/runtime/evaluators/AuthRuleEvaluator$RuleContext;)Lcom/google/common/util/concurrent/ListenableFuture; 45 <appendix> member <vmtarget> ; # com/google/cloud/datastore/emulator/impl/rules/EmulatorRuleClient$EmulatorRuleEvaluator$$Lambda+0x000000003f5df870
instanceKlass  @bci com/google/common/util/concurrent/AggregateFuture init ()V 128 <appendix> member <vmtarget> ; # com/google/common/util/concurrent/AggregateFuture$$Lambda+0x000000003f5df1f0
instanceKlass com/google/common/util/concurrent/InterruptibleTask$DoNothingRunnable
instanceKlass com/google/common/util/concurrent/AggregateFutureState$AtomicHelper
instanceKlass  @bci com/google/firebase/rules/utils/FutureUtils cloneFuture (Lcom/google/common/util/concurrent/ListenableFuture;)Lcom/google/common/util/concurrent/ListenableFuture; 17 <appendix> member <vmtarget> ; # com/google/firebase/rules/utils/FutureUtils$$Lambda+0x000000003f5dd318
instanceKlass com/google/common/util/concurrent/Futures$FutureCombiner
instanceKlass com/google/common/util/concurrent/NullnessCasts
instanceKlass com/google/firebase/rules/runtime/impl/DefaultEvaluator$TransformEvaluationException
instanceKlass  @bci com/google/firebase/rules/runtime/impl/DefaultEvaluator evaluate (Lcom/google/firebase/rules/runtime/common/Evaluator$Context;)Lcom/google/common/util/concurrent/ListenableFuture; 367 <appendix> argL0 ; # com/google/firebase/rules/runtime/impl/DefaultEvaluator$$Lambda+0x000000003f5d7d88
instanceKlass java/text/DontCareFieldPosition$1
instanceKlass java/text/Format$FieldDelegate
instanceKlass sun/util/calendar/Era
instanceKlass java/text/DigitList
instanceKlass sun/util/calendar/CalendarUtils
instanceKlass sun/util/calendar/CalendarDate
instanceKlass  @bci sun/util/locale/provider/LocaleProviderAdapter toLocaleArray (Ljava/util/Set;)[Ljava/util/Locale; 21 <appendix> argL0 ; # sun/util/locale/provider/LocaleProviderAdapter$$Lambda+0x80000005d
instanceKlass java/util/stream/DistinctOps
instanceKlass  @bci sun/util/locale/provider/LocaleProviderAdapter toLocaleArray (Ljava/util/Set;)[Ljava/util/Locale; 6 <appendix> argL0 ; # sun/util/locale/provider/LocaleProviderAdapter$$Lambda+0x80000005b
instanceKlass sun/util/locale/provider/CalendarDataUtility$CalendarWeekParameterGetter
instanceKlass sun/util/locale/provider/LocaleServiceProviderPool$LocalizedObjectGetter
instanceKlass sun/util/locale/provider/LocaleServiceProviderPool
instanceKlass java/util/Calendar$Builder
instanceKlass com/google/protobuf/util/JsonFormat$1
instanceKlass com/google/firebase/rules/runtime/v1/SimpleConstraintOrBuilder
# instanceKlass java/lang/invoke/LambdaForm$MH+0x000000003f5db800
# instanceKlass java/lang/invoke/LambdaForm$MH+0x000000003f5dac00
# instanceKlass java/lang/invoke/LambdaForm$DMH+0x000000003f5da400
# instanceKlass java/lang/invoke/LambdaForm$DMH+0x000000003f5da000
# instanceKlass java/lang/invoke/LambdaForm$MH+0x000000003f5d9c00
# instanceKlass java/lang/invoke/LambdaForm$DMH+0x000000003f5d9000
# instanceKlass java/lang/invoke/LambdaForm$DMH+0x000000003f5d8c00
# instanceKlass java/lang/invoke/LambdaForm$MH+0x000000003f5d8800
instanceKlass com/google/protobuf/util/JsonFormat$PrettyTextGenerator
instanceKlass com/google/protobuf/util/JsonFormat$PrinterImpl$GsonHolder
instanceKlass com/google/protobuf/util/JsonFormat$PrinterImpl$8
instanceKlass com/google/protobuf/util/JsonFormat$PrinterImpl$7
instanceKlass com/google/protobuf/util/JsonFormat$PrinterImpl$6
instanceKlass com/google/protobuf/util/JsonFormat$PrinterImpl$5
instanceKlass com/google/protobuf/util/JsonFormat$PrinterImpl$4
instanceKlass com/google/protobuf/util/JsonFormat$PrinterImpl$3
instanceKlass com/google/protobuf/util/JsonFormat$PrinterImpl$2
instanceKlass com/google/protobuf/util/JsonFormat$PrinterImpl$1
instanceKlass com/google/protobuf/util/JsonFormat$PrinterImpl$WellKnownTypePrinter
instanceKlass com/google/protobuf/util/JsonFormat$TextGenerator
instanceKlass com/google/protobuf/util/JsonFormat$PrinterImpl
instanceKlass com/google/protobuf/util/JavaTimeConversions
instanceKlass com/google/firebase/rules/runtime/utils/PathUtils$1
instanceKlass  @bci com/google/firebase/rules/runtime/utils/PathUtils toRawString (Lcom/google/firebase/rules/runtime/v1/ExpressionPathValue;)Ljava/lang/String; 7 <appendix> argL0 ; # com/google/firebase/rules/runtime/utils/PathUtils$$Lambda+0x000000003f5d0480
instanceKlass com/google/firebase/rules/runtime/utils/ExpressionValueUtils$1
instanceKlass jdk/internal/util/DateTimeHelper
instanceKlass java/time/format/DateTimePrintContext
instanceKlass jdk/internal/util/ByteArrayLittleEndian
instanceKlass java/util/UUID$Holder
instanceKlass com/google/protobuf/util/JsonFormat$TypeRegistry$EmptyTypeRegistryHolder
instanceKlass com/google/protobuf/util/JsonFormat$TypeRegistry
instanceKlass com/google/protobuf/util/JsonFormat$Printer
instanceKlass com/google/protobuf/util/JsonFormat
instanceKlass com/google/cloud/datastore/emulator/firestore/websocket/EmulatorRequest
instanceKlass  @bci com/google/cloud/eventflow/eventfilters/filtering/util/matchercombinator/Matcher many (Lcom/google/cloud/eventflow/eventfilters/filtering/util/matchercombinator/Matcher;I)Lcom/google/cloud/eventflow/eventfilters/filtering/util/matchercombinator/Matcher; 2 <appendix> form vmentry <vmtarget> ; # java/lang/invoke/LambdaForm$DMH+0x000000003f5ccc00
instanceKlass  @bci com/google/firebase/rules/runtime/impl/CompositeListener afterPermissionEvaluation (Lcom/google/firebase/rules/runtime/common/Evaluator$Context;Z)V 7 <appendix> member <vmtarget> ; # com/google/firebase/rules/runtime/impl/CompositeListener$$Lambda+0x000000003f5cf420
instanceKlass com/google/firebase/rules/runtime/impl/DefaultEvaluator$2
instanceKlass com/google/firebase/rules/utils/FutureUtils
instanceKlass com/google/firebase/rules/runtime/tracking/PermissionTrace$Builder
instanceKlass  @bci com/google/firebase/rules/eventflow/client/EventRuleEvaluatorImpl <init> (Ljava/lang/String;Ljava/util/List;Ljava/util/function/Function;Z)V 31 <adapter> ; # java/lang/invoke/LambdaForm$MH+0x000000003f5cc800
instanceKlass  @bci com/google/firebase/rules/eventflow/client/EventRuleEvaluatorImpl <init> (Ljava/lang/String;Ljava/util/List;Ljava/util/function/Function;Z)V 31 <appendix> form vmentry <vmtarget> ; # java/lang/invoke/LambdaForm$DMH+0x000000003f5cc400
instanceKlass  @bci com/google/firebase/rules/runtime/impl/CompositeListener afterSinglePermissionEvaluation (Lcom/google/firebase/rules/runtime/common/Evaluator$Context;ZLcom/google/firebase/rules/runtime/v1/Expression;)V 8 <appendix> member <vmtarget> ; # com/google/firebase/rules/runtime/impl/CompositeListener$$Lambda+0x000000003f5ce000
instanceKlass  @cpi com/google/firebase/rules/runtime/impl/CompositeListener 257 form vmentry <vmtarget> ; # java/lang/invoke/LambdaForm$DMH+0x000000003f5cc000
instanceKlass com/google/firebase/rules/runtime/impl/DefaultEvaluator$1
instanceKlass  @bci com/google/firebase/rules/runtime/impl/Interpreter interpret (Lcom/google/firebase/rules/runtime/impl/ExecutableExpression;Lcom/google/firebase/rules/runtime/common/EvaluationListener;)Lcom/google/common/util/concurrent/ListenableFuture; 7 <appendix> member <vmtarget> ; # com/google/firebase/rules/runtime/impl/Interpreter$$Lambda+0x000000003f5ca2d0
instanceKlass com/google/common/util/concurrent/internal/InternalFutures
instanceKlass com/google/common/util/concurrent/Futures$CallbackListener
instanceKlass com/google/firebase/rules/runtime/impl/StackMachine$1
instanceKlass com/google/firebase/rules/runtime/impl/comparison/LegacyComparison$1
instanceKlass  @bci com/google/firebase/rules/runtime/impl/EvaluationManager activationPopped (Lcom/google/firebase/rules/runtime/impl/Activation;)V 12 <appendix> member <vmtarget> ; # com/google/firebase/rules/runtime/impl/EvaluationManager$$Lambda+0x000000003f5c97e0
instanceKlass com/google/firebase/rules/runtime/v1/ExecutionResponseOrBuilder
instanceKlass com/google/firebase/rules/runtime/common/KindCaseHelper
instanceKlass com/google/firebase/rules/runtime/impl/comparison/LegacyComparison
instanceKlass com/google/firebase/rules/runtime/utils/InvocationGuard$OverloadExecutionRequest
instanceKlass com/google/protobuf/MapEntryLite
instanceKlass com/google/protobuf/MapField$MutabilityAwareMap$MutabilityAwareIterator
instanceKlass com/google/protobuf/MapField$MutabilityAwareMap$MutabilityAwareSet
instanceKlass  @bci com/google/firebase/rules/runtime/impl/Program validateNewActivation (Lcom/google/firebase/rules/runtime/impl/Activation;)Z 60 <appendix> member <vmtarget> ; # com/google/firebase/rules/runtime/impl/Program$$Lambda+0x000000003f5c74d8
instanceKlass  @bci com/google/firebase/rules/runtime/impl/Program validateNewActivation (Lcom/google/firebase/rules/runtime/impl/Activation;)Z 44 <appendix> member <vmtarget> ; # com/google/firebase/rules/runtime/impl/Program$$Lambda+0x000000003f5c7278
instanceKlass  @bci com/google/firebase/rules/runtime/impl/Program validateNewActivation (Lcom/google/firebase/rules/runtime/impl/Activation;)Z 17 <appendix> argL0 ; # com/google/firebase/rules/runtime/impl/Program$$Lambda+0x000000003f5c7030
instanceKlass  @bci com/google/firebase/rules/runtime/impl/Program validateNewActivation (Lcom/google/firebase/rules/runtime/impl/Activation;)Z 9 <appendix> argL0 ; # com/google/firebase/rules/runtime/impl/Program$$Lambda+0x000000003f5c6e08
instanceKlass java/util/ArrayDeque$DeqSpliterator
instanceKlass com/google/firebase/rules/runtime/v1/ExecutionRequestOrBuilder
instanceKlass  @bci com/google/firebase/rules/runtime/impl/CompositeListener afterExpression (Lcom/google/firebase/rules/runtime/v1/Expression;Lcom/google/firebase/rules/runtime/common/ParentPointer;Lcom/google/firebase/rules/runtime/v1/ExpressionValue;)V 8 <appendix> member <vmtarget> ; # com/google/firebase/rules/runtime/impl/CompositeListener$$Lambda+0x000000003f5c32a0
instanceKlass com/google/firebase/rules/runtime/impl/StackMachine$5
instanceKlass  @bci com/google/firebase/rules/runtime/impl/CompositeListener beforeExpression (Lcom/google/firebase/rules/runtime/v1/Expression;Lcom/google/firebase/rules/runtime/common/ParentPointer;)V 7 <appendix> member <vmtarget> ; # com/google/firebase/rules/runtime/impl/CompositeListener$$Lambda+0x000000003f5c2e50
instanceKlass com/google/firebase/rules/runtime/impl/StackMachine
instanceKlass java/util/Collections$UnmodifiableList$1
instanceKlass com/google/firebase/rules/runtime/impl/ExpressionStackWalker$1
instanceKlass com/google/firebase/rules/runtime/impl/Program$ExecutionFrame
instanceKlass  @bci com/google/firebase/rules/runtime/impl/EvaluationManager activationPushed (Lcom/google/firebase/rules/runtime/impl/Activation;)V 12 <appendix> member <vmtarget> ; # com/google/firebase/rules/runtime/impl/EvaluationManager$$Lambda+0x000000003f5c25a8
instanceKlass  @cpi com/google/firebase/rules/runtime/impl/EvaluationManager 173 form vmentry <vmtarget> ; # java/lang/invoke/LambdaForm$DMH+0x000000003f5c4c00
instanceKlass java/util/function/LongUnaryOperator
instanceKlass  @bci com/google/firebase/rules/runtime/common/ExecutionContext hashCode ()I 1 <appendix> argL1 form vmentry <vmtarget> ; # java/lang/invoke/LambdaForm$MH+0x000000003f5c4800
instanceKlass  @bci com/google/firebase/rules/runtime/common/ExecutionContext hashCode ()I 1 <appendix> argL1 form names 5 function resolvedHandle form vmentry <vmtarget> ; # java/lang/invoke/LambdaForm$DMH+0x000000003f5c4400
instanceKlass com/google/firebase/rules/runtime/impl/Program
instanceKlass com/google/firebase/rules/runtime/impl/ExecutableExpression
instanceKlass java/util/stream/ReduceOps$8ReducingSink
instanceKlass java/util/stream/Sink$OfLong
instanceKlass java/util/function/LongConsumer
instanceKlass  @bci java/util/stream/LongPipeline sum ()J 2 <appendix> argL0 ; # java/util/stream/LongPipeline$$Lambda+0x000000003f2f3c30
instanceKlass  @cpi com/google/common/util/concurrent/AtomicLongMap 303 form vmentry <vmtarget> ; # java/lang/invoke/LambdaForm$DMH+0x000000003f5c4000
instanceKlass java/util/function/LongBinaryOperator
instanceKlass java/util/stream/LongStream
instanceKlass  @bci com/google/firebase/rules/runtime/common/ExecutionContext$Builder localVariables (Lcom/google/common/collect/ImmutableMap;)Lcom/google/firebase/rules/runtime/common/ExecutionContext$Builder; 40 <appendix> argL0 ; # com/google/firebase/rules/runtime/common/ExecutionContext$Builder$$Lambda+0x000000003f5c1f00
instanceKlass  @bci com/google/firebase/rules/runtime/common/ExecutionContext$Builder localVariables (Lcom/google/common/collect/ImmutableMap;)Lcom/google/firebase/rules/runtime/common/ExecutionContext$Builder; 21 <appendix> argL0 ; # com/google/firebase/rules/runtime/common/ExecutionContext$Builder$$Lambda+0x000000003f5c1c98
instanceKlass com/google/firebase/rules/runtime/impl/PathMatcher$1
instanceKlass  @bci com/google/firebase/rules/runtime/impl/PathMatcher matchRules (Lcom/google/firebase/rules/runtime/v1/ExpressionPathValue;Ljava/util/List;Lcom/google/firebase/rules/runtime/common/ParentPointer;Lcom/google/firebase/rules/runtime/v1/RulesetAst$Version;)Ljava/util/List; 42 <appendix> member <vmtarget> ; # com/google/firebase/rules/runtime/impl/PathMatcher$$Lambda+0x000000003f5c1848
instanceKlass com/google/firebase/rules/runtime/impl/PathMatcher
instanceKlass com/google/firebase/rules/runtime/impl/ActivationImpl$Builder
instanceKlass com/google/firebase/rules/runtime/impl/ActivationImpl$AsyncFunctionProvider
instanceKlass com/google/firebase/rules/runtime/impl/CompositeFunctionProvider
instanceKlass com/google/firebase/rules/runtime/common/ExecutionContext$Builder
instanceKlass com/google/firebase/rules/runtime/impl/ActivationImpl
instanceKlass com/google/firebase/rules/runtime/impl/Activation
instanceKlass com/google/firebase/rules/runtime/impl/Interpreter
instanceKlass  @bci com/google/firebase/rules/runtime/impl/CompositeListener tryInvoke (Ljava/util/function/Consumer;)Ljava/util/function/Consumer; 1 <appendix> member <vmtarget> ; # com/google/firebase/rules/runtime/impl/CompositeListener$$Lambda+0x000000003f5bb988
instanceKlass  @bci com/google/firebase/rules/runtime/impl/CompositeListener beforePermissionEvaluation (Lcom/google/firebase/rules/runtime/common/Evaluator$Context;)V 6 <appendix> member <vmtarget> ; # com/google/firebase/rules/runtime/impl/CompositeListener$$Lambda+0x000000003f5bb748
instanceKlass com/google/firebase/rules/runtime/impl/CompositeListener$Builder
instanceKlass com/google/firebase/rules/runtime/impl/CompositeListener
instanceKlass com/google/firebase/rules/runtime/impl/FineLoggingListener
instanceKlass  @bci com/google/firebase/rules/runtime/impl/MultiThreadedCpuTimeMeasurer <init> ()V 23 <appendix> argL0 ; # com/google/firebase/rules/runtime/impl/MultiThreadedCpuTimeMeasurer$$Lambda+0x000000003f5bad70
instanceKlass sun/management/ThreadImpl
instanceKlass com/sun/management/ThreadMXBean
instanceKlass java/lang/management/ThreadMXBean
instanceKlass com/google/firebase/rules/runtime/impl/MultiThreadedCpuTimeMeasurer
instanceKlass com/google/firebase/rules/runtime/impl/StackSizeMonitor
instanceKlass com/google/firebase/rules/runtime/impl/EvaluationManager
instanceKlass java/util/concurrent/locks/ReentrantReadWriteLock$WriteLock
instanceKlass java/util/concurrent/locks/ReentrantReadWriteLock$ReadLock
instanceKlass java/util/concurrent/locks/ReentrantReadWriteLock
instanceKlass java/util/concurrent/locks/ReadWriteLock
instanceKlass com/google/firebase/rules/runtime/impl/ExpressionStackWalker
instanceKlass com/google/firebase/rules/runtime/common/EvaluationRestrictions$Builder
instanceKlass com/google/cloud/datastore/emulator/impl/rules/EmulatorRuleClient$EmulatorRuleEvaluator$1
instanceKlass  @bci com/google/firebase/rules/runtime/impl/DefaultEvaluator <clinit> ()V 8 <appendix> argL0 ; # com/google/firebase/rules/runtime/impl/DefaultEvaluator$$Lambda+0x000000003f5bf2e8
instanceKlass  @bci com/google/firebase/rules/runtime/impl/DefaultEvaluator <clinit> ()V 0 <appendix> argL0 ; # com/google/firebase/rules/runtime/impl/DefaultEvaluator$$Lambda+0x000000003f5bf0c0
instanceKlass  @cpi com/google/firebase/rules/runtime/impl/DefaultEvaluator 523 form vmentry <vmtarget> ; # java/lang/invoke/LambdaForm$DMH+0x000000003f5b9000
instanceKlass com/google/common/util/concurrent/AsyncFunction
instanceKlass com/google/firebase/rules/runtime/common/ParentPointer
instanceKlass com/google/firebase/rules/runtime/impl/DefaultEvaluator
instanceKlass com/google/firebase/rules/runtime/common/Evaluator
instanceKlass com/google/firebase/rules/runtime/common/EvaluationListener$1
instanceKlass com/google/firebase/rules/runtime/tracking/GranularExpressionListener
instanceKlass  @bci com/google/cloud/datastore/core/auth/rules/Trackables of (Lcom/google/cloud/datastore/core/auth/rules/Trackable;Lcom/google/cloud/datastore/core/auth/rules/Trackable;)Lcom/google/cloud/datastore/core/auth/rules/Trackable; 2 <appendix> member <vmtarget> ; # com/google/cloud/datastore/core/auth/rules/Trackables$$Lambda+0x000000003f5bd500
instanceKlass com/google/cloud/datastore/core/auth/rules/Trackables
instanceKlass  @bci com/google/firebase/rules/runtime/evaluators/AuthRuleEvaluator$RuleContext$Builder supplyVariable (Ljava/lang/String;Ljava/util/function/Supplier;)Lcom/google/firebase/rules/runtime/evaluators/AuthRuleEvaluator$RuleContext$Builder; 31 <appendix> member <vmtarget> ; # com/google/firebase/rules/runtime/evaluators/AuthRuleEvaluator$RuleContext$Builder$$Lambda+0x000000003f5bd0a0
instanceKlass com/google/common/base/StringUtil$CodePointSet
instanceKlass com/google/common/base/StringUtil$CodePointSet$Builder
instanceKlass java/lang/Character$Subset
instanceKlass com/google/common/base/StringUtil
instanceKlass com/google/cloud/datastore/core/auth/rules/AsyncBaseResourceFunction
instanceKlass com/google/firebase/rules/runtime/evaluators/ExternalFunction
instanceKlass com/google/cloud/datastore/core/auth/rules/AsyncTrackingLoader
instanceKlass com/google/cloud/datastore/core/auth/rules/PropertyMaskHelper
instanceKlass com/google/cloud/datastore/core/auth/rules/ContextUtil$1
instanceKlass com/google/cloud/datastore/core/rep/DocumentIdNormalization
instanceKlass  @bci com/google/cloud/datastore/core/auth/rules/ContextUtil makeReferencePath (Lcom/google/cloud/datastore/core/rep/PartitionRef;Lcom/google/cloud/datastore/core/rep/path/Path;)Lcom/google/firebase/rules/runtime/utils/PathUtils$Builder; 103 <appendix> member <vmtarget> ; # com/google/cloud/datastore/core/auth/rules/ContextUtil$$TypeSwitch+0x000000003f5b4f18
# instanceKlass java/lang/invoke/LambdaForm$MH+0x000000003f5b8c00
# instanceKlass java/lang/invoke/LambdaForm$MH+0x000000003f5b8800
# instanceKlass java/lang/invoke/LambdaForm$MH+0x000000003f5b8400
instanceKlass  @bci java/lang/invoke/BootstrapMethodInvoker invoke (Ljava/lang/Class;Ljava/lang/invoke/MethodHandle;Ljava/lang/String;Ljava/lang/Object;Ljava/lang/Object;Ljava/lang/Class;)Ljava/lang/Object; 211 <adapter> ; # java/lang/invoke/LambdaForm$MH+0x000000003f5b8000
instanceKlass com/google/cloud/datastore/core/auth/rules/ResourcePathUtils
instanceKlass com/google/firebase/rules/runtime/utils/PathUtils$Builder
instanceKlass com/google/firebase/rules/runtime/v1/ExpressionPathSegmentValue$CaptureOrBuilder
instanceKlass com/google/firebase/rules/runtime/v1/ExpressionPathSegmentValue$GlobCaptureOrBuilder
instanceKlass com/google/firebase/rules/runtime/v1/ExpressionPathSegmentValueOrBuilder
instanceKlass com/google/firebase/rules/runtime/utils/PathUtils
instanceKlass com/google/cloud/datastore/core/auth/rules/ContextUtil
instanceKlass com/google/cloud/datastore/core/auth/rules/DebugFunction
instanceKlass com/google/firebase/rules/runtime/v1/ExpressionMapValue$FieldsDefaultEntryHolder
instanceKlass com/google/firebase/rules/runtime/utils/JsonUtils
instanceKlass com/google/protobuf/NullValue$1
instanceKlass com/google/firebase/rules/runtime/utils/ExpressionValueUtils
instanceKlass  @bci com/google/cloud/datastore/core/auth/rules/TrackingVariableSupplier lazyMap (Lcom/google/firebase/rules/runtime/v1/ExpressionMapValue$Builder;)Lcom/google/cloud/datastore/core/auth/rules/TrackingVariableSupplier; 5 <appendix> member <vmtarget> ; # com/google/cloud/datastore/core/auth/rules/TrackingVariableSupplier$$Lambda+0x000000003f5aef70
instanceKlass com/google/cloud/datastore/core/auth/rules/TrackingVariableSupplier
instanceKlass com/google/firebase/rules/runtime/v1/ExpressionMapValue$Builder$FieldsConverter
instanceKlass com/google/cloud/datastore/core/auth/rules/Trackable
instanceKlass com/google/firebase/rules/runtime/common/EvaluationListener
instanceKlass com/google/firebase/rules/runtime/evaluators/AuthRuleEvaluator$RuleContext$Builder
instanceKlass  @bci com/google/cloud/datastore/emulator/impl/rules/DefaultEmulatorRulesAuthorizer lambda$emulatorTiming$0 (Ljava/util/function/Supplier;Ljava/lang/Enum;)Ljava/util/function/Supplier; 18 <appendix> member <vmtarget> ; # com/google/cloud/datastore/emulator/impl/rules/DefaultEmulatorRulesAuthorizer$$Lambda+0x000000003f5ad150
instanceKlass com/google/cloud/datastore/core/timing/TimelineEntry
instanceKlass com/google/cloud/datastore/core/stats/GenericStats$TimelineStat$1
instanceKlass com/google/cloud/datastore/core/stats/GenericStats$DelayedTimelineStatsAutoCloseable
instanceKlass com/google/cloud/datastore/core/stats/GenericStats$TimelineStatsAutoCloseable
instanceKlass  @bci com/google/cloud/datastore/computation/Computation sequence (Lcom/google/cloud/datastore/computation/Remainder;Lcom/google/cloud/datastore/computation/CFunction;)Lcom/google/cloud/datastore/computation/Remainder; 3 <appendix> member <vmtarget> ; # com/google/cloud/datastore/computation/Computation$$Lambda+0x000000003f5ac648
instanceKlass  @bci com/google/cloud/datastore/core/auth/rules/AsyncTwoPhaseRulesAuthorizer checkRead (Lcom/google/cloud/datastore/core/auth/rules/RulesRequestContext;Lcom/google/cloud/datastore/core/rep/Read;)Lcom/google/cloud/datastore/computation/Remainder; 8 <appendix> member <vmtarget> ; # com/google/cloud/datastore/core/auth/rules/AsyncTwoPhaseRulesAuthorizer$$Lambda+0x000000003f5ac418
instanceKlass  @bci com/google/cloud/datastore/computation/Remainder tryCatch (Lcom/google/cloud/datastore/computation/Remainder;Ljava/lang/Class;Lcom/google/cloud/datastore/computation/CFunction;)Lcom/google/cloud/datastore/computation/Remainder; 13 <appendix> argL0 ; # com/google/cloud/datastore/computation/Remainder$$Lambda+0x000000003f5ac1f0
instanceKlass com/google/cloud/datastore/computation/Remainder$Trace
instanceKlass  @bci com/google/cloud/datastore/computation/Remainder thenPeek (Lcom/google/cloud/datastore/computation/CConsumer;)Lcom/google/cloud/datastore/computation/Remainder; 3 <appendix> member <vmtarget> ; # com/google/cloud/datastore/computation/Remainder$$Lambda+0x000000003f5abb80
instanceKlass  @bci com/google/cloud/datastore/core/auth/rules/AsyncTwoPhaseRulesAuthorizer lambda$getEvaluator$0 (Lcom/google/firebase/rules/runtime/evaluators/AuthRuleEvaluator$AuthRuleEvaluatorRequest;Lcom/google/cloud/datastore/computation/CScheduler;Lcom/google/cloud/datastore/core/auth/rules/RulesRequestContext;)Lcom/google/cloud/datastore/computation/Remainder; 16 <appendix> member <vmtarget> ; # com/google/cloud/datastore/core/auth/rules/AsyncTwoPhaseRulesAuthorizer$$Lambda+0x000000003f5ab950
instanceKlass com/google/cloud/datastore/computation/CConsumer
instanceKlass  @bci com/google/cloud/datastore/computation/Remainder <clinit> ()V 9 <appendix> argL0 ; # com/google/cloud/datastore/computation/Remainder$$Lambda+0x000000003f5ab4f0
instanceKlass com/google/cloud/datastore/computation/Remainder$Continuation
instanceKlass com/google/common/util/concurrent/ImmediateFuture
instanceKlass com/google/firebase/rules/runtime/evaluators/AuthRuleEvaluator$RuleResult
instanceKlass com/google/firebase/rules/runtime/common/EvaluationResult
instanceKlass com/google/firebase/rules/runtime/common/Evaluator$Context
instanceKlass com/google/cloud/datastore/emulator/impl/rules/EmulatorRuleClient$EmulatorRuleEvaluator
instanceKlass com/google/firebase/rules/runtime/evaluators/AuthRuleEvaluator
instanceKlass  @bci com/google/cloud/datastore/core/auth/rules/AsyncTwoPhaseRulesAuthorizer getEvaluator (Lcom/google/cloud/datastore/core/auth/rules/RulesRequestContext;)Lcom/google/cloud/datastore/computation/Remainder; 50 <appendix> member <vmtarget> ; # com/google/cloud/datastore/core/auth/rules/AsyncTwoPhaseRulesAuthorizer$$Lambda+0x000000003f5a98d8
instanceKlass  @bci com/google/cloud/datastore/core/auth/rules/AsyncTwoPhaseRulesAuthorizer getEvaluator (Lcom/google/cloud/datastore/core/auth/rules/RulesRequestContext;)Lcom/google/cloud/datastore/computation/Remainder; 41 <appendix> member <vmtarget> ; # com/google/cloud/datastore/core/auth/rules/AsyncTwoPhaseRulesAuthorizer$$Lambda+0x000000003f5a9678
instanceKlass com/google/firebase/rules/runtime/evaluators/BaseEvaluatorRequest
instanceKlass com/google/cloud/datastore/core/auth/rules/ReleaseIdHelper
instanceKlass com/google/cloud/datastore/core/rep/Read$Builder
instanceKlass com/google/cloud/datastore/core/rep/Read
instanceKlass com/google/cloud/datastore/core/auth/rules/QueryToResourceConverter
instanceKlass com/google/cloud/datastore/core/auth/rules/EntityToExpressionValueConverter
instanceKlass com/google/cloud/datastore/core/auth/rules/FirebaseRulesAuthorizerOptions$Builder
instanceKlass com/google/cloud/datastore/core/auth/rules/FirebaseRulesAuthorizerOptions
instanceKlass com/google/firebase/rules/runtime/v1/ExpressionMapDiffValueOrBuilder
instanceKlass com/google/firebase/rules/runtime/v1/UndefinedOrBuilder
instanceKlass com/google/firebase/rules/runtime/v1/ExpressionVectorValueOrBuilder
instanceKlass com/google/firebase/rules/runtime/v1/ExpressionSetValueOrBuilder
instanceKlass com/google/firebase/rules/runtime/v1/ExpressionMapValueOrBuilder
instanceKlass com/google/firebase/rules/runtime/v1/ExpressionListValueOrBuilder
instanceKlass com/google/firebase/rules/runtime/v1/ConstraintValueOrBuilder
instanceKlass com/google/cloud/datastore/core/auth/rules/AsyncPerEntityRulesAuthorizers$PerEntityReadAuthorizer
instanceKlass com/google/cloud/datastore/core/auth/rules/AsyncPerEntityRulesAuthorizers$PerEntityWriteAuthorizer
instanceKlass com/google/cloud/datastore/core/auth/rules/AsyncTwoPhaseRulesAuthorizer
instanceKlass com/google/cloud/datastore/computation/VThread$Companion
instanceKlass com/google/common/util/concurrent/FutureCallback
instanceKlass com/google/cloud/datastore/computation/Computation$Terminated
instanceKlass com/google/cloud/datastore/computation/Computation$Label
instanceKlass com/google/cloud/datastore/computation/CFunction
instanceKlass  @bci com/google/cloud/datastore/emulator/impl/rules/DefaultEmulatorRulesAuthorizer lambda$checkLookup$0 (Lcom/google/cloud/datastore/core/auth/rules/RulesRequestContext;Ljava/util/Set;Lcom/google/cloud/datastore/emulator/impl/storage/LocalEntityStore$ReadView;Lcom/google/firebase/rules/runtime/evaluators/RuleClient;)V 5 <appendix> member <vmtarget> ; # com/google/cloud/datastore/emulator/impl/rules/DefaultEmulatorRulesAuthorizer$$Lambda+0x000000003f59c800
instanceKlass com/google/cloud/datastore/computation/Remainder
instanceKlass com/google/cloud/datastore/computation/Computation
instanceKlass com/google/cloud/datastore/emulator/impl/rules/EmulatorRuleClient
instanceKlass  @bci com/google/cloud/datastore/emulator/impl/rules/DefaultEmulatorRulesAuthorizer checkLookup (Lcom/google/cloud/datastore/emulator/impl/context/FirestoreEmulatorRequestContext;Ljava/lang/Long;Ljava/util/Set;Lcom/google/cloud/datastore/emulator/impl/storage/LocalEntityStore$ReadView;)V 91 <appendix> member <vmtarget> ; # com/google/cloud/datastore/emulator/impl/rules/DefaultEmulatorRulesAuthorizer$$Lambda+0x000000003f59d410
instanceKlass com/google/firebase/rules/runtime/evaluators/RuleClient
instanceKlass com/google/cloud/datastore/core/util/DatastoreConsumer
instanceKlass com/google/cloud/datastore/computation/CScheduler$1
instanceKlass com/google/cloud/datastore/computation/CScheduler
instanceKlass  @bci com/google/cloud/datastore/core/stats/GenericStats durationBuilder (Ljava/util/function/Function;)Ljava/util/function/Function; 2 <appendix> member <vmtarget> ; # com/google/cloud/datastore/core/stats/GenericStats$$Lambda+0x000000003f59f8d0
instanceKlass com/google/cloud/datastore/core/stats/GenericStats$Stats
instanceKlass  @bci com/google/cloud/datastore/core/stats/GenericStats <init> (Lcom/google/cloud/datastore/core/stats/GenericStats$OverallConfiguration;Lcom/google/cloud/datastore/core/stats/GenericStats$CategoryTypeMismatchReporter;)V 96 <appendix> member <vmtarget> ; # com/google/cloud/datastore/core/stats/GenericStats$$Lambda+0x000000003f59ede8
instanceKlass  @bci com/google/cloud/datastore/core/stats/GenericStats <init> (Lcom/google/cloud/datastore/core/stats/GenericStats$OverallConfiguration;Lcom/google/cloud/datastore/core/stats/GenericStats$CategoryTypeMismatchReporter;)V 86 <appendix> member <vmtarget> ; # com/google/cloud/datastore/core/stats/GenericStats$$Lambda+0x000000003f59e938
instanceKlass  @bci com/google/cloud/datastore/core/stats/GenericStats <init> (Lcom/google/cloud/datastore/core/stats/GenericStats$OverallConfiguration;Lcom/google/cloud/datastore/core/stats/GenericStats$CategoryTypeMismatchReporter;)V 76 <appendix> member <vmtarget> ; # com/google/cloud/datastore/core/stats/GenericStats$$Lambda+0x000000003f59e250
instanceKlass  @bci com/google/cloud/datastore/core/stats/GenericStats <init> (Lcom/google/cloud/datastore/core/stats/GenericStats$OverallConfiguration;Lcom/google/cloud/datastore/core/stats/GenericStats$CategoryTypeMismatchReporter;)V 66 <appendix> member <vmtarget> ; # com/google/cloud/datastore/core/stats/GenericStats$$Lambda+0x000000003f59bd78
instanceKlass  @bci com/google/cloud/datastore/core/stats/GenericStats <init> (Lcom/google/cloud/datastore/core/stats/GenericStats$OverallConfiguration;Lcom/google/cloud/datastore/core/stats/GenericStats$CategoryTypeMismatchReporter;)V 56 <appendix> member <vmtarget> ; # com/google/cloud/datastore/core/stats/GenericStats$$Lambda+0x000000003f59b8e0
instanceKlass  @bci com/google/cloud/datastore/core/stats/GenericStats <init> (Lcom/google/cloud/datastore/core/stats/GenericStats$OverallConfiguration;Lcom/google/cloud/datastore/core/stats/GenericStats$CategoryTypeMismatchReporter;)V 46 <appendix> member <vmtarget> ; # com/google/cloud/datastore/core/stats/GenericStats$$Lambda+0x000000003f59b440
instanceKlass  @bci com/google/cloud/datastore/core/stats/GenericStats <init> (Lcom/google/cloud/datastore/core/stats/GenericStats$OverallConfiguration;Lcom/google/cloud/datastore/core/stats/GenericStats$CategoryTypeMismatchReporter;)V 36 <appendix> member <vmtarget> ; # com/google/cloud/datastore/core/stats/GenericStats$$Lambda+0x000000003f59afa0
instanceKlass  @bci com/google/cloud/datastore/core/stats/GenericStats <init> (Lcom/google/cloud/datastore/core/stats/GenericStats$OverallConfiguration;Lcom/google/cloud/datastore/core/stats/GenericStats$CategoryTypeMismatchReporter;)V 26 <appendix> member <vmtarget> ; # com/google/cloud/datastore/core/stats/GenericStats$$Lambda+0x000000003f59ab10
instanceKlass  @bci com/google/cloud/datastore/core/stats/GenericStats <init> (Lcom/google/cloud/datastore/core/stats/GenericStats$OverallConfiguration;Lcom/google/cloud/datastore/core/stats/GenericStats$CategoryTypeMismatchReporter;)V 16 <appendix> member <vmtarget> ; # com/google/cloud/datastore/core/stats/GenericStats$$Lambda+0x000000003f59a680
instanceKlass  @bci com/google/cloud/datastore/core/stats/GenericStats <init> (Lcom/google/cloud/datastore/core/stats/GenericStats$OverallConfiguration;Lcom/google/cloud/datastore/core/stats/GenericStats$CategoryTypeMismatchReporter;)V 6 <appendix> member <vmtarget> ; # com/google/cloud/datastore/core/stats/GenericStats$$Lambda+0x000000003f59a1c8
instanceKlass com/google/cloud/datastore/core/stats/GenericStats$RawStat
instanceKlass  @bci com/google/cloud/datastore/core/stats/GenericStats$CategoryTypeMismatchReporter <clinit> ()V 0 <appendix> argL0 ; # com/google/cloud/datastore/core/stats/GenericStats$CategoryTypeMismatchReporter$$Lambda+0x000000003f599b40
instanceKlass  @cpi com/google/cloud/datastore/core/stats/GenericStats$CategoryTypeMismatchReporter 32 form vmentry <vmtarget> ; # java/lang/invoke/LambdaForm$DMH+0x000000003f59c000
instanceKlass com/google/cloud/datastore/core/stats/GenericStats$CategoryTypeMismatchReporter
instanceKlass com/google/cloud/datastore/core/stats/GenericStats$OverallConfiguration
instanceKlass com/google/cloud/datastore/core/stats/Pii
instanceKlass com/google/cloud/datastore/core/stats/GenericStats$StatsConfiguration
instanceKlass com/google/cloud/datastore/core/stats/GenericStats
instanceKlass com/google/cloud/datastore/emulator/impl/rules/DefaultEmulatorRulesAuthorizer$FakeRulesAccessCollector
instanceKlass com/google/cloud/datastore/core/auth/rules/RulesRequestContext$Builder
instanceKlass com/google/cloud/datastore/core/auth/rules/RulesRequestContext
instanceKlass  @bci com/google/cloud/datastore/emulator/impl/rules/DefaultEmulatorRulesAuthorizer checkLookup (Lcom/google/cloud/datastore/emulator/impl/context/FirestoreEmulatorRequestContext;Ljava/lang/Long;Ljava/util/Set;Lcom/google/cloud/datastore/emulator/impl/storage/LocalEntityStore$ReadView;)V 24 <appendix> argL0 ; # com/google/cloud/datastore/emulator/impl/rules/DefaultEmulatorRulesAuthorizer$$Lambda+0x000000003f596788
instanceKlass com/google/cloud/datastore/emulator/impl/storage/FlatLocalEntityStore$HistoricalSnapshotReadView
instanceKlass com/google/cloud/datastore/core/rep/PropertyMask
instanceKlass com/google/cloud/datastore/emulator/impl/watch/StreamTarget
instanceKlass com/google/cloud/datastore/core/rep/IdEscaper
instanceKlass com/google/firestore/v1/BloomFilterOrBuilder
instanceKlass com/google/cloud/datastore/emulator/firestore/webchannel/jsonformatfork/JsonFormat$CompactTextGenerator
instanceKlass com/google/cloud/datastore/emulator/firestore/webchannel/jsonformatfork/JsonFormat$PrinterImpl$GsonHolder
instanceKlass com/google/cloud/datastore/emulator/firestore/webchannel/jsonformatfork/JsonFormat$PrinterImpl$8
instanceKlass com/google/cloud/datastore/emulator/firestore/webchannel/jsonformatfork/JsonFormat$PrinterImpl$7
instanceKlass com/google/cloud/datastore/emulator/firestore/webchannel/jsonformatfork/JsonFormat$PrinterImpl$6
instanceKlass com/google/cloud/datastore/emulator/firestore/webchannel/jsonformatfork/JsonFormat$PrinterImpl$5
instanceKlass com/google/cloud/datastore/emulator/firestore/webchannel/jsonformatfork/JsonFormat$PrinterImpl$4
instanceKlass com/google/cloud/datastore/emulator/firestore/webchannel/jsonformatfork/JsonFormat$PrinterImpl$3
instanceKlass com/google/cloud/datastore/emulator/firestore/webchannel/jsonformatfork/JsonFormat$PrinterImpl$2
instanceKlass com/google/cloud/datastore/emulator/firestore/webchannel/jsonformatfork/JsonFormat$PrinterImpl$1
instanceKlass com/google/cloud/datastore/emulator/firestore/webchannel/jsonformatfork/JsonFormat$PrinterImpl$WellKnownTypePrinter
instanceKlass com/google/cloud/datastore/emulator/firestore/webchannel/jsonformatfork/JsonFormat$TextGenerator
instanceKlass com/google/cloud/datastore/emulator/firestore/webchannel/jsonformatfork/JsonFormat$PrinterImpl
instanceKlass com/google/cloud/datastore/emulator/firestore/webchannel/jsonformatfork/JsonFormat$Printer
instanceKlass com/google/firestore/v1/TargetChange$TargetChangeType$1
instanceKlass com/google/cloud/datastore/emulator/impl/watch/TargetId
instanceKlass com/google/cloud/datastore/emulator/impl/firestore/CloudFirestoreV1ListenStream$1
instanceKlass com/google/cloud/datastore/emulator/firestore/webchannel/jsonformatfork/JsonFormat$1
# instanceKlass java/lang/invoke/LambdaForm$MH+0x000000003f587000
# instanceKlass java/lang/invoke/LambdaForm$MH+0x000000003f586c00
# instanceKlass java/lang/invoke/LambdaForm$DMH+0x000000003f586800
# instanceKlass java/lang/invoke/LambdaForm$MH+0x000000003f586000
# instanceKlass java/lang/invoke/LambdaForm$MH+0x000000003f585c00
# instanceKlass java/lang/invoke/LambdaForm$DMH+0x000000003f585800
# instanceKlass java/lang/invoke/LambdaForm$DMH+0x000000003f585400
# instanceKlass java/lang/invoke/LambdaForm$MH+0x000000003f585000
# instanceKlass java/lang/invoke/LambdaForm$MH+0x000000003f584c00
# instanceKlass java/lang/invoke/LambdaForm$MH+0x000000003f584400
instanceKlass com/google/protobuf/GeneratedMessage$FieldAccessorTable$RealOneofAccessor
instanceKlass com/google/firestore/v1/ListenRequest$LabelsDefaultEntryHolder
instanceKlass com/google/protobuf/GeneratedMessage$FieldAccessorTable$MapFieldAccessor
# instanceKlass java/lang/invoke/LambdaForm$MH+0x000000003f584000
instanceKlass com/google/firestore/v1/Target$DocumentsTargetOrBuilder
instanceKlass com/google/firestore/v1/Target$PipelineQueryTargetOrBuilder
instanceKlass com/google/firestore/v1/Target$QueryTargetOrBuilder
instanceKlass com/google/cloud/datastore/emulator/firestore/webchannel/jsonformatfork/JsonFormat$ParserImpl$8
instanceKlass com/google/cloud/datastore/emulator/firestore/webchannel/jsonformatfork/JsonFormat$ParserImpl$7
instanceKlass com/google/cloud/datastore/emulator/firestore/webchannel/jsonformatfork/JsonFormat$ParserImpl$6
instanceKlass com/google/cloud/datastore/emulator/firestore/webchannel/jsonformatfork/JsonFormat$ParserImpl$5
instanceKlass com/google/cloud/datastore/emulator/firestore/webchannel/jsonformatfork/JsonFormat$ParserImpl$4
instanceKlass com/google/cloud/datastore/emulator/firestore/webchannel/jsonformatfork/JsonFormat$ParserImpl$3
instanceKlass com/google/cloud/datastore/emulator/firestore/webchannel/jsonformatfork/JsonFormat$ParserImpl$2
instanceKlass com/google/cloud/datastore/emulator/firestore/webchannel/jsonformatfork/JsonFormat$ParserImpl$1
instanceKlass com/google/cloud/datastore/emulator/firestore/webchannel/jsonformatfork/JsonFormat$ParserImpl$WellKnownTypeParser
instanceKlass com/google/cloud/datastore/emulator/firestore/webchannel/jsonformatfork/JsonFormat$ParserImpl
instanceKlass com/google/cloud/datastore/emulator/firestore/webchannel/jsonformatfork/JsonFormat$TypeRegistry$EmptyTypeRegistryHolder
instanceKlass com/google/cloud/datastore/emulator/firestore/webchannel/jsonformatfork/JsonFormat$TypeRegistry
instanceKlass com/google/cloud/datastore/emulator/firestore/webchannel/jsonformatfork/JsonFormat$Parser
instanceKlass com/google/cloud/datastore/emulator/firestore/webchannel/jsonformatfork/JsonFormat
instanceKlass com/google/cloud/datastore/emulator/firestore/webchannel/JsonToProtoConverter
instanceKlass com/google/net/webchannel/server/v8/ForwardRequest
instanceKlass com/google/common/collect/LinkedListMultimap$DistinctKeyIterator
instanceKlass com/google/cloud/datastore/core/firestorev1/converter/FirestoreV1RecordConverterImpl
instanceKlass com/google/cloud/datastore/core/firestorev1/converter/FirestoreV1RecordConverter
instanceKlass com/google/cloud/datastore/computation/CBiFunction
instanceKlass com/google/cloud/datastore/emulator/impl/firestore/CloudFirestoreV1ListenStream
instanceKlass com/google/cloud/datastore/emulator/impl/watch/ListenStream
instanceKlass com/google/cloud/datastore/emulator/impl/watch/StreamId
instanceKlass com/google/cloud/datastore/emulator/impl/context/AutoOneOf_EmulatorAuthorization
instanceKlass com/google/firebase/firebear/client/JsonHelper
instanceKlass com/google/firebase/firebear/client/JwtToken
instanceKlass com/google/cloud/datastore/core/firestorev1/converter/FirestoreV1ResourceNameParser
instanceKlass com/google/cloud/datastore/core/names/ProjectIdAppIdResolver$1
instanceKlass com/google/cloud/datastore/core/rep/AutoOneOf_DatabaseRefV2
instanceKlass com/google/cloud/datastore/core/rep/AutoOneOf_ProjectRef
instanceKlass com/google/cloud/datastore/core/rep/ProjectRef
instanceKlass com/google/cloud/datastore/core/rep/ExternalDatabaseRef$Builder
instanceKlass com/google/cloud/datastore/core/rep/ExternalDatabaseRef
instanceKlass com/google/cloud/datastore/core/rep/DatabaseRefV2
instanceKlass com/google/cloud/datastore/core/routing/RoutingHeaderExtractor
instanceKlass com/google/cloud/datastore/emulator/firestore/webchannel/FirestoreV1WebChannelAdapter$WebChannelObserver
instanceKlass  @bci com/google/cloud/datastore/emulator/firestore/webchannel/FirestoreV1WebChannelAdapter$FirestoreServerHandler wrapper (Lcom/google/net/webchannel/server/AsyncWebChannel;)V 240 <appendix> member <vmtarget> ; # com/google/cloud/datastore/emulator/firestore/webchannel/FirestoreV1WebChannelAdapter$FirestoreServerHandler$$Lambda+0x000000003f574a18
instanceKlass  @bci com/google/cloud/datastore/emulator/firestore/webchannel/FirestoreV1WebChannelAdapter$FirestoreServerHandler wrapper (Lcom/google/net/webchannel/server/AsyncWebChannel;)V 66 <appendix> argL0 ; # com/google/cloud/datastore/emulator/firestore/webchannel/FirestoreV1WebChannelAdapter$FirestoreServerHandler$$Lambda+0x000000003f5747d0
instanceKlass  @bci com/google/cloud/datastore/emulator/firestore/webchannel/FirestoreV1WebChannelAdapter$FirestoreServerHandler wrapper (Lcom/google/net/webchannel/server/AsyncWebChannel;)V 42 <appendix> argL0 ; # com/google/cloud/datastore/emulator/firestore/webchannel/FirestoreV1WebChannelAdapter$FirestoreServerHandler$$Lambda+0x000000003f574588
instanceKlass io/netty/handler/codec/http/HttpConstants
instanceKlass io/netty/handler/codec/http/QueryStringDecoder$Builder
instanceKlass io/netty/handler/codec/http/QueryStringDecoder
instanceKlass com/google/common/collect/LinkedListMultimap$ValueForKeyIterator
instanceKlass java/util/concurrent/locks/AbstractQueuedSynchronizer$Node
instanceKlass com/google/common/collect/Queues
instanceKlass com/google/net/webchannel/server/v8/BackChannel
instanceKlass com/google/net/webchannel/server/v8/ForwardChannel
instanceKlass com/google/net/webchannel/server/common/ScheduledEvent$1
instanceKlass com/google/net/webchannel/server/common/ScheduledEvent
instanceKlass com/google/net/webchannel/server/common/ChannelInternalState
instanceKlass com/google/net/webchannel/server/common/ChannelInternal
instanceKlass com/google/net/webchannel/server/v8/WebChannelImpl
instanceKlass com/google/common/base/Randoms
instanceKlass com/google/common/collect/LinkedListMultimap$KeyList
instanceKlass java/util/AbstractMap$SimpleEntry
instanceKlass com/google/common/net/ConstrainedMultimaps
instanceKlass java/security/CodeSigner
instanceKlass com/google/common/net/UriEncoder
instanceKlass com/google/common/net/Platform
instanceKlass com/google/common/net/Uri
instanceKlass com/google/net/webchannel/server/v8/ParsedRequest
instanceKlass com/google/net/http/RawHttpHeaders$Header
instanceKlass com/google/net/http/RawHttpHeaders
instanceKlass com/google/net/http/jdkserver/RawHeadersInternal
instanceKlass com/google/net/http/ConnectionInfo
instanceKlass sun/net/httpserver/ServerImpl$Exchange$LinkHandler
instanceKlass com/sun/net/httpserver/Filter$Chain
instanceKlass  @bci sun/net/httpserver/UnmodifiableHeaders <init> (Lcom/sun/net/httpserver/Headers;)V 16 <appendix> member <vmtarget> ; # sun/net/httpserver/UnmodifiableHeaders$$Lambda+0x000000003f5699a0
instanceKlass  @bci com/sun/net/httpserver/Headers putAll (Ljava/util/Map;)V 2 <appendix> member <vmtarget> ; # com/sun/net/httpserver/Headers$$Lambda+0x000000003f569760
instanceKlass  @cpi com/sun/net/httpserver/Headers 329 form vmentry <vmtarget> ; # java/lang/invoke/LambdaForm$DMH+0x000000003f56c000
instanceKlass  @bci java/util/stream/Collectors toUnmodifiableMap (Ljava/util/function/Function;Ljava/util/function/Function;)Ljava/util/stream/Collector; 21 <appendix> argL0 ; # java/util/stream/Collectors$$Lambda+0x000000003f2ed3d8
instanceKlass  @bci java/util/stream/Collectors uniqKeysMapMerger ()Ljava/util/function/BinaryOperator; 0 <appendix> argL0 ; # java/util/stream/Collectors$$Lambda+0x000000003f2ed188
instanceKlass  @bci java/util/stream/Collectors uniqKeysMapAccumulator (Ljava/util/function/Function;Ljava/util/function/Function;)Ljava/util/function/BiConsumer; 2 <appendix> member <vmtarget> ; # java/util/stream/Collectors$$Lambda+0x000000003f2ecf48
instanceKlass  @bci java/util/stream/Collectors toMap (Ljava/util/function/Function;Ljava/util/function/Function;)Ljava/util/stream/Collector; 4 <appendix> argL0 ; # java/util/stream/Collectors$$Lambda+0x000000003f2ecd20
instanceKlass  @bci com/sun/net/httpserver/Headers <init> (Ljava/util/Map;)V 25 <appendix> argL0 ; # com/sun/net/httpserver/Headers$$Lambda+0x000000003f569518
instanceKlass  @bci com/sun/net/httpserver/Headers <init> (Ljava/util/Map;)V 20 <appendix> argL0 ; # com/sun/net/httpserver/Headers$$Lambda+0x000000003f5692d0
instanceKlass java/time/temporal/TemporalQueries$7
instanceKlass java/time/temporal/TemporalQueries$6
instanceKlass java/time/temporal/TemporalQueries$5
instanceKlass java/time/temporal/TemporalQueries$4
instanceKlass java/time/temporal/TemporalQueries$3
instanceKlass java/time/temporal/TemporalQueries$2
instanceKlass java/time/temporal/TemporalQueries$1
instanceKlass java/time/temporal/TemporalQueries
instanceKlass  @bci java/time/format/DateTimeFormatter <clinit> ()V 1075 <appendix> argL0 ; # java/time/format/DateTimeFormatter$$Lambda+0x80000001b
instanceKlass  @bci java/time/format/DateTimeFormatter <clinit> ()V 1067 <appendix> argL0 ; # java/time/format/DateTimeFormatter$$Lambda+0x80000001a
instanceKlass java/time/Period
instanceKlass java/time/chrono/ChronoPeriod
instanceKlass java/time/format/DateTimeFormatterBuilder$TextPrinterParser
instanceKlass java/time/format/DateTimeTextProvider$1
instanceKlass java/time/format/DateTimeTextProvider
instanceKlass java/time/format/DateTimeTextProvider$LocaleStore
instanceKlass java/time/format/DateTimeFormatterBuilder$InstantPrinterParser
instanceKlass java/time/format/DateTimeFormatterBuilder$StringLiteralPrinterParser
instanceKlass java/time/format/DateTimeFormatterBuilder$ZoneIdPrinterParser
instanceKlass java/time/format/DateTimeFormatterBuilder$OffsetIdPrinterParser
instanceKlass java/time/format/DecimalStyle
instanceKlass java/time/format/DateTimeFormatterBuilder$CompositePrinterParser
instanceKlass java/time/chrono/AbstractChronology
instanceKlass java/time/chrono/Chronology
instanceKlass java/time/format/DateTimeFormatterBuilder$CharLiteralPrinterParser
instanceKlass java/time/format/DateTimeFormatterBuilder$NumberPrinterParser
instanceKlass java/time/format/DateTimeFormatterBuilder$DateTimePrinterParser
instanceKlass java/time/temporal/JulianFields
instanceKlass java/time/temporal/IsoFields
instanceKlass  @bci java/time/format/DateTimeFormatterBuilder <clinit> ()V 0 <appendix> argL0 ; # java/time/format/DateTimeFormatterBuilder$$Lambda+0x80000001c
instanceKlass java/time/format/DateTimeFormatterBuilder
instanceKlass java/time/format/DateTimeFormatter
instanceKlass sun/net/httpserver/ExchangeImpl
instanceKlass sun/net/httpserver/Utils
instanceKlass com/sun/net/httpserver/Headers
instanceKlass sun/net/httpserver/Request
instanceKlass com/sun/net/httpserver/HttpExchange
instanceKlass com/sun/net/httpserver/Request
instanceKlass sun/net/httpserver/ServerImpl$Exchange
instanceKlass io/netty/resolver/InetSocketAddressResolver$1
instanceKlass io/netty/util/internal/SocketUtils$8
instanceKlass io/netty/channel/CombinedChannelDuplexHandler$DelegatingChannelHandlerContext
instanceKlass io/netty/bootstrap/Bootstrap$1
instanceKlass io/netty/handler/codec/http/HttpClientUpgradeHandler$SourceCodec
instanceKlass io/netty/channel/DefaultChannelPipeline$5
instanceKlass io/netty/channel/DefaultChannelPipeline$4
instanceKlass io/netty/channel/AbstractChannelHandlerContext$2
instanceKlass io/netty/channel/AbstractChannelHandlerContext$4
instanceKlass io/netty/util/concurrent/DefaultPromise$1
instanceKlass io/netty/util/concurrent/PromiseCombiner$1
instanceKlass io/netty/util/concurrent/PromiseCombiner
instanceKlass io/netty/handler/codec/http/HttpHeadersEncoder
instanceKlass io/gapi/emulators/netty/CrossOriginHeaders
instanceKlass java/lang/reflect/AnnotatedType
instanceKlass com/google/gson/internal/reflect/ReflectionHelper$RecordHelper
instanceKlass com/google/gson/internal/reflect/ReflectionHelper
instanceKlass java/lang/reflect/WildcardType
instanceKlass com/google/gson/internal/GsonTypes
instanceKlass com/google/gson/reflect/TypeToken
instanceKlass com/google/gson/internal/Streams$AppendableWriter$CurrentWrite
instanceKlass io/gapi/emulators/grpc/JsonFormat$PrettyTextGenerator
instanceKlass  @bci com/google/gson/Gson <clinit> ()V 17 <appendix> argL0 ; # com/google/gson/Gson$$Lambda+0x000000003f55ded8
instanceKlass com/google/gson/ReflectionAccessFilter
instanceKlass com/google/gson/Gson
instanceKlass com/google/gson/internal/bind/ReflectiveTypeAdapterFactory$BoundField
instanceKlass com/google/gson/internal/bind/ReflectiveTypeAdapterFactory
instanceKlass com/google/gson/internal/bind/MapTypeAdapterFactory
instanceKlass com/google/gson/internal/bind/CollectionTypeAdapterFactory
instanceKlass com/google/gson/internal/bind/ArrayTypeAdapter$1
instanceKlass com/google/gson/internal/bind/JavaTimeTypeAdapters$14
instanceKlass com/google/gson/internal/bind/JavaTimeTypeAdapters
instanceKlass com/google/gson/internal/bind/TypeAdapters$FactorySupplier
instanceKlass com/google/gson/internal/bind/DefaultDateTypeAdapter$1
instanceKlass java/util/concurrent/atomic/AtomicLongArray
instanceKlass com/google/gson/internal/bind/NumberTypeAdapter$1
instanceKlass com/google/gson/internal/sql/SqlTimestampTypeAdapter$1
instanceKlass com/google/gson/internal/sql/SqlTimeTypeAdapter$1
instanceKlass com/google/gson/internal/sql/SqlDateTypeAdapter$1
instanceKlass com/google/gson/internal/bind/DefaultDateTypeAdapter$DateType
instanceKlass com/google/gson/internal/sql/SqlTypesSupport
instanceKlass com/google/gson/internal/bind/ObjectTypeAdapter$1
instanceKlass com/google/gson/internal/bind/EnumTypeAdapter$1
instanceKlass com/google/gson/internal/bind/TypeAdapters$32
instanceKlass java/util/Currency
instanceKlass java/util/UUID
instanceKlass com/google/gson/internal/bind/TypeAdapters$33
instanceKlass java/util/concurrent/atomic/AtomicIntegerArray
instanceKlass com/google/gson/internal/bind/TypeAdapters$31
instanceKlass com/google/gson/internal/bind/TypeAdapters$30
instanceKlass com/google/gson/internal/bind/TypeAdapters
instanceKlass com/google/gson/internal/Excluder
instanceKlass com/google/gson/internal/bind/JsonAdapterAnnotationTypeAdapterFactory$DummyTypeAdapterFactory
instanceKlass com/google/gson/internal/bind/JsonAdapterAnnotationTypeAdapterFactory
instanceKlass com/google/gson/TypeAdapterFactory
instanceKlass com/google/gson/internal/ObjectConstructor
instanceKlass com/google/gson/internal/ConstructorConstructor
instanceKlass com/google/gson/FormattingStyle
instanceKlass com/google/gson/ToNumberStrategy
instanceKlass com/google/gson/FieldNamingStrategy
instanceKlass com/google/gson/GsonBuilder
instanceKlass io/gapi/emulators/grpc/JsonFormat$PrinterImpl$GsonHolder
instanceKlass io/gapi/emulators/grpc/JsonFormat$PrinterImpl$8
instanceKlass io/gapi/emulators/grpc/JsonFormat$PrinterImpl$7
instanceKlass io/gapi/emulators/grpc/JsonFormat$PrinterImpl$6
instanceKlass io/gapi/emulators/grpc/JsonFormat$PrinterImpl$5
instanceKlass io/gapi/emulators/grpc/JsonFormat$PrinterImpl$4
instanceKlass io/gapi/emulators/grpc/JsonFormat$PrinterImpl$3
instanceKlass io/gapi/emulators/grpc/JsonFormat$PrinterImpl$2
instanceKlass io/gapi/emulators/grpc/JsonFormat$PrinterImpl$1
instanceKlass io/gapi/emulators/grpc/JsonFormat$PrinterImpl$WellKnownTypePrinter
instanceKlass io/gapi/emulators/grpc/JsonFormat$TextGenerator
instanceKlass io/gapi/emulators/grpc/JsonFormat$PrinterImpl
instanceKlass io/grpc/internal/DelayedClientCall$DelayedListener$3
instanceKlass io/grpc/internal/RetriableStream$4
instanceKlass io/grpc/internal/RetriableStream$SavedCloseMasterListenerReason
instanceKlass io/grpc/internal/DelayedStream$DelayedStreamListener$4
instanceKlass io/grpc/internal/AbstractClientStream$TransportState$1
instanceKlass io/grpc/internal/RetriableStream$Sublistener$4
instanceKlass io/opencensus/trace/Status
instanceKlass io/grpc/census/CensusTracingModule$2
instanceKlass io/grpc/internal/RetriableStream$Sublistener$1
instanceKlass io/opencensus/trace/EndSpanOptions$Builder
instanceKlass io/grpc/internal/RetriableStream$1CommitTask
instanceKlass io/opencensus/trace/EndSpanOptions
instanceKlass io/grpc/internal/DelayedStream$DelayedStreamListener$3
instanceKlass io/grpc/census/internal/DeprecatedCensusConstants
instanceKlass io/netty/handler/codec/http2/Http2ConnectionHandler$2
instanceKlass io/grpc/netty/NettyServerHandler$5
instanceKlass  @bci io/grpc/netty/NettyServerStream$Sink writeTrailers (Lio/grpc/Metadata;ZLio/grpc/Status;)V 54 <appendix> member <vmtarget> ; # io/grpc/netty/NettyServerStream$Sink$$Lambda+0x000000003f546d00
# instanceKlass java/lang/invoke/LambdaForm$MH+0x000000003f548400
# instanceKlass java/lang/invoke/LambdaForm$MH+0x000000003f548000
instanceKlass io/grpc/InternalStatus
instanceKlass  @bci io/grpc/netty/NettyServerStream$Sink writeFrame (Lio/grpc/internal/WritableBuffer;ZI)V 51 <appendix> member <vmtarget> ; # io/grpc/netty/NettyServerStream$Sink$$Lambda+0x000000003f546648
instanceKlass  @bci io/grpc/netty/NettyServerStream$Sink writeHeaders (Lio/grpc/Metadata;Z)V 51 <appendix> member <vmtarget> ; # io/grpc/netty/NettyServerStream$Sink$$Lambda+0x000000003f546408
instanceKlass com/google/protobuf/MapField$MutabilityAwareMap
instanceKlass com/google/protobuf/MapField$ImmutableMessageConverter
instanceKlass com/google/protobuf/MapField$Converter
instanceKlass com/google/protobuf/MapEntryLite$Metadata
instanceKlass com/google/protobuf/CppFeaturesProtoInternalDescriptors
instanceKlass com/google/protobuf/CppFeaturesProto$CppFeaturesOrBuilder
instanceKlass com/google/api/AuditingRuleOrBuilder
instanceKlass io/cloudevents/v1/proto/SpecInternalDescriptors
instanceKlass com/google/rpc/context/AttributeContextProtoInternalDescriptors
instanceKlass com/google/api/AuditingProtoInternalDescriptors
instanceKlass com/google/protos/cloud/eventflow/ingress/v1/IngressInternalDescriptors
instanceKlass com/google/protos/cloud/eventflow/ingress/v1/Ingress$TriggerMetadata$EventFiltersDefaultEntryHolder
instanceKlass com/google/protos/cloud/eventflow/ingress/v1/Ingress$EventFilter$MatchType$1
instanceKlass com/google/protos/cloud/eventflow/ingress/v1/Ingress$TriggerMetadata$Builder$EventFiltersConverter
instanceKlass com/google/protos/cloud/eventflow/ingress/v1/Ingress$EventFilterOrBuilder
instanceKlass com/google/protobuf/MapFieldBuilder$Converter
instanceKlass com/google/protos/cloud/eventflow/ingress/v1/Ingress$TriggerMetadataOrBuilder
instanceKlass  @bci com/google/cloud/datastore/emulator/impl/firestore/CloudFirestoreV1 createEventarcTrigger (Lcom/google/cloud/datastore/emulator/impl/context/FirestoreEmulatorRequestContext;Lcom/google/firestore/emulator/v1/CreateEventarcTriggerRequest;)Lcom/google/firestore/emulator/v1/EventarcTrigger; 69 <appendix> member <vmtarget> ; # com/google/cloud/datastore/emulator/impl/firestore/CloudFirestoreV1$$Lambda+0x000000003f53bdb0
instanceKlass java/util/function/UnaryOperator
instanceKlass com/google/cloud/datastore/emulator/impl/context/EmulatorAuthorization
instanceKlass com/google/cloud/datastore/emulator/impl/context/FirestoreEmulatorRequestContext$Builder
instanceKlass com/google/cloud/datastore/emulator/impl/context/FirestoreEmulatorRequestContext
instanceKlass com/google/cloud/datastore/emulator/impl/util/EntityReadResult$Builder
instanceKlass java/time/Instant$1
instanceKlass  @bci com/google/cloud/datastore/emulator/impl/storage/StoredEntity updated (Lcom/google/cloud/datastore/emulator/impl/storage/LocalEntityStore$EntityMutation;Ljava/time/Instant;)Lcom/google/cloud/datastore/emulator/impl/storage/StoredEntity; 16 <appendix> member <vmtarget> ; # com/google/cloud/datastore/emulator/impl/storage/StoredEntity$$Lambda+0x000000003f53a290
instanceKlass  @bci com/google/cloud/datastore/emulator/impl/storage/StoredEntity updated (Lcom/google/cloud/datastore/emulator/impl/storage/LocalEntityStore$EntityMutation;Ljava/time/Instant;)Lcom/google/cloud/datastore/emulator/impl/storage/StoredEntity; 7 <appendix> member <vmtarget> ; # com/google/cloud/datastore/emulator/impl/storage/StoredEntity$$Lambda+0x000000003f53a040
instanceKlass  @bci com/google/cloud/datastore/emulator/impl/storage/StoredEntity$History <clinit> ()V 0 <appendix> argL0 ; # com/google/cloud/datastore/emulator/impl/storage/StoredEntity$History$$Lambda+0x000000003f539df8
instanceKlass com/google/cloud/datastore/emulator/impl/storage/StoredEntity
instanceKlass  @bci com/google/cloud/datastore/emulator/impl/storage/FlatLocalEntityStore historyFor (Lcom/google/cloud/datastore/core/rep/EntityRef;)Lcom/google/cloud/datastore/emulator/impl/storage/StoredEntity$History; 6 <appendix> member <vmtarget> ; # com/google/cloud/datastore/emulator/impl/storage/FlatLocalEntityStore$$Lambda+0x000000003f5394e8
instanceKlass com/google/cloud/datastore/emulator/impl/storage/StoredEntity$History
instanceKlass  @bci com/google/cloud/datastore/emulator/impl/storage/FlatLocalEntityStore$StronglyConsistentReadWriteView commit (Lcom/google/common/collect/ImmutableMap;)Lcom/google/common/collect/ImmutableMap; 59 <appendix> member <vmtarget> ; # com/google/cloud/datastore/emulator/impl/storage/FlatLocalEntityStore$StronglyConsistentReadWriteView$$Lambda+0x000000003f539080
instanceKlass com/google/cloud/datastore/emulator/impl/util/EntityReadResult
instanceKlass  @bci com/google/cloud/datastore/emulator/impl/storage/FlatLocalEntityStore$StronglyConsistentReadWriteView commit (Lcom/google/common/collect/ImmutableMap;)Lcom/google/common/collect/ImmutableMap; 52 <appendix> argL0 ; # com/google/cloud/datastore/emulator/impl/storage/FlatLocalEntityStore$StronglyConsistentReadWriteView$$Lambda+0x000000003f538bf0
instanceKlass com/google/common/collect/ForwardingObject
instanceKlass com/google/common/collect/StandardTable$Row$1
instanceKlass com/ibm/icu/impl/Utility
instanceKlass com/google/cloud/datastore/core/index/firestore/FirestoreIndexValueComparator$1
instanceKlass com/google/cloud/datastore/core/rep/IndexValue$EntityRef
instanceKlass  @bci com/google/cloud/datastore/core/index/firestore/StandardEditionValueToFirestoreIndexValueConverter$Converter convertEntityRefPath (Lcom/google/cloud/datastore/core/rep/EntityRef;)Lcom/google/cloud/datastore/core/rep/IndexValue; 200 <appendix> member <vmtarget> ; # com/google/cloud/datastore/core/index/firestore/StandardEditionValueToFirestoreIndexValueConverter$Converter$$TypeSwitch+0x000000003f531228
instanceKlass com/google/cloud/datastore/core/rep/IndexValue$Regex
instanceKlass com/google/type/LatLngOrBuilder
instanceKlass  @bci com/google/cloud/datastore/core/number/decimal128/Decimal128 <init> (Lorg/bson/types/Decimal128;)V 65 <appendix> member <vmtarget> ; # com/google/cloud/datastore/core/number/decimal128/Decimal128$$Lambda+0x000000003f5378a0
instanceKlass com/google/cloud/datastore/core/quadruple/Quadruple
instanceKlass  @bci com/google/cloud/datastore/core/number/decimal128/Decimal128 <init> (Lorg/bson/types/Decimal128;)V 6 <appendix> member <vmtarget> ; # com/google/cloud/datastore/core/number/decimal128/Decimal128$$Lambda+0x000000003f537428
instanceKlass com/google/cloud/datastore/core/number/decimal128/Decimal128$NumberClass
instanceKlass com/google/cloud/datastore/core/number/decimal128/Decimal128
instanceKlass com/google/cloud/datastore/core/rep/converter/ValueToExtendedTypeMapValueConverter
instanceKlass com/google/cloud/datastore/core/index/firestore/StandardEditionValueToFirestoreIndexValueConverter$Converter
instanceKlass  @bci com/google/cloud/datastore/emulator/impl/util/EmulatorComparators <clinit> ()V 136 <appendix> member <vmtarget> ; # com/google/cloud/datastore/emulator/impl/util/EmulatorComparators$$Lambda+0x000000003f535d58
instanceKlass  @cpi com/google/cloud/datastore/core/auth/rules/AsyncLookupManager 336 form vmentry <vmtarget> ; # java/lang/invoke/LambdaForm$DMH+0x000000003f530800
instanceKlass com/google/cloud/datastore/core/rep/IndexValue
instanceKlass com/google/apphosting/datastore/shared/Config$FirestoreV1ConstantsOrBuilder
instanceKlass com/google/cloud/datastore/core/index/ValueToFirestoreIndexValueConverterProvider$1
instanceKlass com/google/cloud/datastore/core/index/firestore/BaseValueToFirestoreIndexValueConverter
instanceKlass com/google/cloud/datastore/core/index/ValueToFirestoreIndexValueConverterProvider
instanceKlass com/google/cloud/datastore/core/index/ValueToIndexValueConverterProvider$1
instanceKlass  @bci com/google/cloud/datastore/core/index/ValueToIndexValueConverterProvider <clinit> ()V 0 <appendix> argL0 ; # com/google/cloud/datastore/core/index/ValueToIndexValueConverterProvider$$Lambda+0x000000003f52fda0
instanceKlass com/google/cloud/datastore/core/index/common/ValueToIndexValueConverter
instanceKlass com/google/cloud/datastore/core/index/ValueToIndexValueConverterProvider
instanceKlass  @bci com/google/cloud/datastore/emulator/impl/util/EmulatorComparators <clinit> ()V 108 <appendix> argL0 ; # com/google/cloud/datastore/emulator/impl/util/EmulatorComparators$$Lambda+0x000000003f52f2f0
instanceKlass  @bci com/google/cloud/datastore/emulator/impl/util/EmulatorComparators <clinit> ()V 92 <appendix> argL0 ; # com/google/cloud/datastore/emulator/impl/util/EmulatorComparators$$Lambda+0x000000003f52f0a8
instanceKlass  @bci com/google/cloud/datastore/emulator/impl/util/EmulatorComparators <clinit> ()V 82 <appendix> argL0 ; # com/google/cloud/datastore/emulator/impl/util/EmulatorComparators$$Lambda+0x000000003f52ee60
instanceKlass  @bci com/google/cloud/datastore/emulator/impl/util/EmulatorComparators <clinit> ()V 72 <appendix> argL0 ; # com/google/cloud/datastore/emulator/impl/util/EmulatorComparators$$Lambda+0x000000003f52ec18
instanceKlass  @bci com/google/cloud/datastore/emulator/impl/util/EmulatorComparators <clinit> ()V 64 <appendix> argL0 ; # com/google/cloud/datastore/emulator/impl/util/EmulatorComparators$$Lambda+0x000000003f52e9d0
instanceKlass com/google/common/collect/Comparators
instanceKlass  @bci com/google/cloud/datastore/emulator/impl/util/EmulatorComparators <clinit> ()V 47 <appendix> argL0 ; # com/google/cloud/datastore/emulator/impl/util/EmulatorComparators$$Lambda+0x000000003f52e578
instanceKlass  @bci com/google/cloud/datastore/emulator/impl/util/EmulatorComparators <clinit> ()V 34 <appendix> argL0 ; # com/google/cloud/datastore/emulator/impl/util/EmulatorComparators$$Lambda+0x000000003f52e330
instanceKlass  @bci com/google/cloud/datastore/emulator/impl/util/EmulatorComparators <clinit> ()V 24 <appendix> argL0 ; # com/google/cloud/datastore/emulator/impl/util/EmulatorComparators$$Lambda+0x000000003f52e0e8
instanceKlass  @bci java/util/Comparator thenComparing (Ljava/util/Comparator;)Ljava/util/Comparator; 7 <appendix> member <vmtarget> ; # java/util/Comparator$$Lambda+0x000000003f2ea108
instanceKlass  @cpi java/util/Comparator 251 form vmentry <vmtarget> ; # java/lang/invoke/LambdaForm$DMH+0x000000003f530400
instanceKlass  @bci java/util/Comparator comparing (Ljava/util/function/Function;)Ljava/util/Comparator; 6 <appendix> member <vmtarget> ; # java/util/Comparator$$Lambda+0x000000003f2e9e60
instanceKlass  @cpi com/google/common/collect/ImmutableSortedMap 630 form vmentry <vmtarget> ; # java/lang/invoke/LambdaForm$DMH+0x000000003f530000
instanceKlass  @bci com/google/cloud/datastore/emulator/impl/util/EmulatorComparators <clinit> ()V 8 <appendix> argL0 ; # com/google/cloud/datastore/emulator/impl/util/EmulatorComparators$$Lambda+0x000000003f52dea0
instanceKlass  @bci com/google/cloud/datastore/emulator/impl/util/EmulatorComparators <clinit> ()V 0 <appendix> argL0 ; # com/google/cloud/datastore/emulator/impl/util/EmulatorComparators$$Lambda+0x000000003f52dc00
instanceKlass com/google/cloud/datastore/emulator/impl/util/EmulatorComparators
instanceKlass com/google/cloud/datastore/emulator/impl/transactions/ReactiveLockManager$1
instanceKlass com/google/cloud/datastore/emulator/impl/transactions/AutoOneOf_Resource
instanceKlass com/google/cloud/datastore/emulator/impl/transactions/LockType
instanceKlass com/google/cloud/datastore/emulator/impl/storage/FlatLocalEntityStore$StronglyConsistentReadView
instanceKlass  @bci com/google/cloud/datastore/core/rep/values/DocumentIdEquality equals (Lcom/google/cloud/datastore/core/rep/values/Value;Lcom/google/cloud/datastore/core/rep/values/Value;)Z 13 <appendix> member <vmtarget> ; # com/google/cloud/datastore/core/rep/values/DocumentIdEquality$$TypeSwitch+0x000000003f52b270
instanceKlass  @bci com/google/cloud/datastore/core/rep/values/DocumentIdEquality hashCode (Lcom/google/cloud/datastore/core/rep/values/Value;)I 11 <appendix> member <vmtarget> ; # com/google/cloud/datastore/core/rep/values/DocumentIdEquality$$TypeSwitch+0x000000003f52b060
instanceKlass java/lang/classfile/MethodModel
instanceKlass java/lang/classfile/FieldModel
instanceKlass  @bci jdk/internal/classfile/impl/ClassFileImpl attributeMapper ()Ljava/util/function/Function; 7 <appendix> argL0 ; # jdk/internal/classfile/impl/ClassFileImpl$$Lambda+0x80000004b
instanceKlass java/lang/classfile/ClassModel
instanceKlass java/lang/classfile/AttributedElement
instanceKlass java/lang/classfile/CompoundElement
instanceKlass java/lang/classfile/instruction/SwitchCase
instanceKlass  @bci java/lang/runtime/SwitchBootstraps generateTypeSwitchSkeleton (Ljava/lang/Class;[Ljava/lang/Object;Ljava/util/List;Ljava/util/List;)Ljava/util/function/Consumer; 45 <appendix> member <vmtarget> ; # java/lang/runtime/SwitchBootstraps$$Lambda+0x800000019
instanceKlass java/lang/classfile/AccessFlags
instanceKlass  @bci java/lang/runtime/SwitchBootstraps generateTypeSwitch (Ljava/lang/invoke/MethodHandles$Lookup;Ljava/lang/Class;[Ljava/lang/Object;)Ljava/lang/invoke/MethodHandle; 70 <appendix> member <vmtarget> ; # java/lang/runtime/SwitchBootstraps$$Lambda+0x800000018
instanceKlass jdk/internal/misc/PreviewFeatures
instanceKlass java/lang/runtime/SwitchBootstraps
instanceKlass com/google/cloud/datastore/emulator/impl/transactions/EmulatorTransactionManager$EmulatorTransactionWithState$Builder
instanceKlass com/google/cloud/datastore/emulator/impl/transactions/EmulatorTransactionManager$EmulatorTransactionWithState
instanceKlass com/google/cloud/datastore/emulator/impl/transactions/EmulatorTransactionManager$ReadWriteTransaction
instanceKlass com/google/common/collect/Ordering
instanceKlass com/google/cloud/datastore/emulator/impl/storage/LocalEntityStore$EntityMutation
instanceKlass java/time/OffsetDateTime
instanceKlass java/time/temporal/TemporalQuery
instanceKlass com/google/protobuf/util/Timestamps
instanceKlass com/google/cloud/datastore/core/rep/converter/ExtendedTypeMapValueToValueConverter
instanceKlass com/google/common/collect/AbstractMapBasedMultimap$KeySet$1
instanceKlass com/google/protobuf/UnsafeByteOperations
instanceKlass com/google/cloud/datastore/core/appengv3/converter/AppEngV3EntityToRepConverter$AssertionAndProblemCode
instanceKlass com/google/cloud/datastore/core/appengv3/converter/AppEngV3EntityToRepConverter$1
instanceKlass kotlin/text/StringsKt__AppendableKt
instanceKlass kotlin/collections/ArraysUtilJVM
instanceKlass kotlin/collections/ArraysKt__ArraysJVMKt
instanceKlass kotlin/collections/CollectionsKt__CollectionsJVMKt
instanceKlass kotlin/jvm/internal/Intrinsics
instanceKlass com/google/cloud/datastore/core/rep/IdConverter
instanceKlass com/google/cloud/datastore/core/rep/StringIdDocumentIdConverter
instanceKlass com/google/cloud/datastore/logs/ProblemCode$1
instanceKlass com/google/common/base/Utf8
instanceKlass com/google/cloud/datastore/core/rep/ConverterHelper
instanceKlass  @bci com/google/cloud/datastore/core/config/DatastoreCustomizableConfigUtils <clinit> ()V 11 <appendix> argL0 ; # com/google/cloud/datastore/core/config/DatastoreCustomizableConfigUtils$$Lambda+0x000000003f51bf68
instanceKlass  @bci com/google/cloud/datastore/core/config/DatastoreCustomizableConfigUtils <clinit> ()V 0 <appendix> argL0 ; # com/google/cloud/datastore/core/config/DatastoreCustomizableConfigUtils$$Lambda+0x000000003f51bd20
instanceKlass com/google/cloud/datastore/core/config/DatastoreCustomizableConfigUtils
instanceKlass com/google/protobuf/Proto2BuilderAdapter
instanceKlass com/google/protobuf/RepeatedFieldBuilder
instanceKlass java/util/concurrent/ConcurrentLinkedQueue$Itr
instanceKlass com/google/firebase/rules/utils/ResourceNameUtils$ResourceReference
instanceKlass  @bci com/google/cloud/datastore/emulator/impl/rules/EmulatorRulesCompiler$EmulatorCompilationResult rulesetAst ()Ljava/util/Optional; 7 <appendix> argL0 ; # com/google/cloud/datastore/emulator/impl/rules/EmulatorRulesCompiler$EmulatorCompilationResult$$Lambda+0x000000003f512680
instanceKlass com/google/cloud/datastore/pipelines/EntitySetSpec$NamespaceType$1
instanceKlass com/google/cloud/datastore/pipelines/EntitySetSpec$KindType$1
instanceKlass com/google/cloud/datastore/core/hyperstore/options/Options$Option
instanceKlass com/google/cloud/datastore/core/hyperstore/ast/validator/OptionsValidator
instanceKlass com/google/cloud/datastore/core/hyperstore/ast/validator/StageValidator
instanceKlass com/google/cloud/datastore/core/hyperstore/ast/validator/PipelineValidator
instanceKlass com/google/cloud/datastore/core/hyperstore/ast/validator/Validator
instanceKlass com/google/cloud/datastore/core/cloudv1/PartitionIdResolver
instanceKlass com/google/cloud/datastore/emulator/impl/firestore/FirestoreEmulatorHelper$Builder
instanceKlass com/google/cloud/datastore/emulator/impl/firestore/FirestoreEmulatorHelper
instanceKlass com/google/cloud/datastore/core/hyperstore/query/AggregationQueryValidator
instanceKlass com/google/cloud/datastore/core/hyperstore/query/QueryValidator
instanceKlass com/google/cloud/datastore/core/rep/validator/AggregationQueryValidator$AggregationQueryValidatorImpl
instanceKlass com/google/cloud/datastore/core/rep/validator/AggregationQueryValidator
instanceKlass com/google/cloud/datastore/core/rep/validator/PropertyMaskValidator
instanceKlass com/google/cloud/datastore/core/query/QueryValidatorImpl
instanceKlass com/google/cloud/datastore/core/query/QueryValidator$1
instanceKlass com/google/cloud/datastore/core/query/QueryValidator
instanceKlass com/google/cloud/datastore/emulator/impl/queries/QueryPlanner
instanceKlass com/google/cloud/datastore/emulator/impl/queries/FirestoreEmulatorQueryPlanner
instanceKlass com/google/common/util/concurrent/AtomicLongMap
instanceKlass com/ibm/icu/text/UTF16$StringComparator
instanceKlass com/google/cloud/datastore/core/common/UnicodeComparator
instanceKlass com/google/cloud/datastore/core/rep/Entity
instanceKlass com/google/cloud/datastore/core/rep/OtherServiceResourceRef
instanceKlass com/google/cloud/datastore/core/rep/values/StringValue$1
instanceKlass com/google/cloud/datastore/core/rep/values/LongValue$LongCache
instanceKlass com/google/cloud/datastore/core/rep/values/IntValue$IntCache
instanceKlass com/sun/management/VMOption
instanceKlass com/sun/management/internal/Flag
instanceKlass  @bci sun/management/spi/PlatformMBeanProvider$PlatformComponent getMBeans (Ljava/lang/Class;)Ljava/util/List; 63 <appendix> member <vmtarget> ; # sun/management/spi/PlatformMBeanProvider$PlatformComponent$$Lambda+0x000000003f2e7408
instanceKlass  @bci sun/management/spi/PlatformMBeanProvider$PlatformComponent getMBeans (Ljava/lang/Class;)Ljava/util/List; 47 <appendix> member <vmtarget> ; # sun/management/spi/PlatformMBeanProvider$PlatformComponent$$Lambda+0x000000003f2e71a8
instanceKlass com/sun/management/internal/HotSpotDiagnostic
instanceKlass  @bci java/lang/management/ManagementFactory$PlatformMBeanFinder findSingleton (Ljava/lang/Class;)Lsun/management/spi/PlatformMBeanProvider$PlatformComponent; 30 <appendix> member <vmtarget> ; # java/lang/management/ManagementFactory$PlatformMBeanFinder$$Lambda+0x000000003f2e6cb8
instanceKlass  @bci java/lang/management/ManagementFactory$PlatformMBeanFinder findSingleton (Ljava/lang/Class;)Lsun/management/spi/PlatformMBeanProvider$PlatformComponent; 19 <appendix> member <vmtarget> ; # java/lang/management/ManagementFactory$PlatformMBeanFinder$$Lambda+0x000000003f2e6a58
instanceKlass jdk/management/jfr/internal/FlightRecorderMXBeanProvider$SingleMBeanComponent
instanceKlass jdk/management/jfr/FlightRecorderMXBean
instanceKlass java/lang/management/DefaultPlatformMBeanProvider$11
instanceKlass java/lang/management/DefaultPlatformMBeanProvider$10
instanceKlass java/lang/management/DefaultPlatformMBeanProvider$9
instanceKlass sun/management/ManagementFactoryHelper$LoggingMXBeanAccess
instanceKlass java/lang/management/DefaultPlatformMBeanProvider$8
instanceKlass java/lang/management/DefaultPlatformMBeanProvider$7
instanceKlass java/lang/management/DefaultPlatformMBeanProvider$6
instanceKlass java/lang/management/DefaultPlatformMBeanProvider$5
instanceKlass java/lang/management/DefaultPlatformMBeanProvider$4
instanceKlass java/lang/management/DefaultPlatformMBeanProvider$3
instanceKlass java/lang/management/DefaultPlatformMBeanProvider$2
instanceKlass java/lang/management/DefaultPlatformMBeanProvider$1
instanceKlass com/sun/management/internal/PlatformMBeanProviderImpl$6
instanceKlass sun/management/VMManagementImpl
instanceKlass sun/management/VMManagement
instanceKlass sun/management/ManagementFactoryHelper
instanceKlass sun/management/NotificationEmitterSupport
instanceKlass javax/management/NotificationEmitter
instanceKlass javax/management/NotificationBroadcaster
instanceKlass com/sun/management/DiagnosticCommandMBean
instanceKlass javax/management/DynamicMBean
instanceKlass com/sun/management/internal/PlatformMBeanProviderImpl$5
instanceKlass com/sun/management/internal/PlatformMBeanProviderImpl$4
instanceKlass jdk/management/VirtualThreadSchedulerMXBean
instanceKlass com/sun/management/internal/PlatformMBeanProviderImpl$3
instanceKlass com/sun/management/internal/PlatformMBeanProviderImpl$2
instanceKlass  @bci java/util/stream/Collectors toSet ()Ljava/util/stream/Collector; 14 <appendix> argL0 ; # java/util/stream/Collectors$$Lambda+0x800000040
instanceKlass  @bci java/util/stream/Collectors toSet ()Ljava/util/stream/Collector; 9 <appendix> argL0 ; # java/util/stream/Collectors$$Lambda+0x800000038
instanceKlass  @bci java/util/stream/Collectors toSet ()Ljava/util/stream/Collector; 4 <appendix> argL0 ; # java/util/stream/Collectors$$Lambda+0x800000045
instanceKlass com/sun/management/internal/PlatformMBeanProviderImpl$1
instanceKlass sun/management/spi/PlatformMBeanProvider$PlatformComponent
instanceKlass sun/management/spi/PlatformMBeanProvider
instanceKlass java/lang/management/ManagementFactory$PlatformMBeanFinder
instanceKlass java/lang/management/ManagementFactory
instanceKlass com/sun/management/HotSpotDiagnosticMXBean
instanceKlass java/lang/management/PlatformManagedObject
instanceKlass com/google/cloud/datastore/core/common/memory/SizeOf$Holder
instanceKlass com/google/cloud/datastore/core/common/memory/SizeOf
instanceKlass  @bci java/lang/Class getPermittedSubclasses ()[Ljava/lang/Class; 35 <appendix> member <vmtarget> ; # java/lang/Class$$Lambda+0x000000003f2e0940
instanceKlass com/google/cloud/datastore/core/rep/values/Values
instanceKlass com/google/cloud/datastore/core/rep/IndexValueOrder
instanceKlass com/google/cloud/datastore/core/rep/IndexValueComparator
instanceKlass com/google/cloud/datastore/core/rep/BaseIndexValueComparator
instanceKlass com/google/cloud/datastore/emulator/impl/queries/FirestoreEmulatorQuerySemantics
instanceKlass com/google/firebase/rules/runtime/evaluators/EventRuleEvaluator
instanceKlass com/google/cloud/datastore/emulator/impl/events/EventManager
instanceKlass com/google/cloud/datastore/emulator/impl/util/BiSetMultimap
instanceKlass com/google/cloud/datastore/emulator/impl/watch/ListenStreamManager
instanceKlass com/google/cloud/datastore/emulator/impl/rules/EmulatorRulesCompiler$EmulatorCompilationResult
instanceKlass com/google/cloud/datastore/emulator/impl/rules/RuleCoverageNodeBuilder
instanceKlass com/google/firebase/rules/runtime/tracking/RuleExpressionTracker
instanceKlass  @bci com/google/cloud/datastore/emulator/impl/rules/DefaultEmulatorRulesAuthorizer emulatorTiming (Ljava/util/function/Supplier;)Ljava/util/function/Function; 1 <appendix> member <vmtarget> ; # com/google/cloud/datastore/emulator/impl/rules/DefaultEmulatorRulesAuthorizer$$Lambda+0x000000003f502000
instanceKlass  @bci com/google/cloud/datastore/emulator/impl/rules/DefaultEmulatorRulesAuthorizer <clinit> ()V 0 <appendix> argL0 ; # com/google/cloud/datastore/emulator/impl/rules/DefaultEmulatorRulesAuthorizer$$Lambda+0x000000003f507bf8
instanceKlass  @cpi com/google/cloud/datastore/emulator/impl/rules/DefaultEmulatorRulesAuthorizer 811 form vmentry <vmtarget> ; # java/lang/invoke/LambdaForm$DMH+0x000000003f500800
instanceKlass com/google/cloud/datastore/core/auth/rules/RulesStats
instanceKlass com/google/cloud/datastore/core/auth/rules/RulesAccessCollector
instanceKlass com/google/cloud/datastore/core/auth/rules/AsyncRulesAuthorizer$ReadHandler
instanceKlass com/google/cloud/datastore/core/auth/rules/AsyncRulesAuthorizer
instanceKlass com/google/firebase/rules/runtime/tracking/RuleExpressionTracker$ReportNodeBuilder
instanceKlass com/google/cloud/datastore/emulator/impl/rules/DefaultEmulatorRulesAuthorizer
instanceKlass com/google/firebase/rules/lang/common/SourceFileUtils
instanceKlass java/util/stream/SortedOps
instanceKlass com/google/firebase/rules/lang/common/CompilationIssueUtils$IssueComparator
instanceKlass  @bci com/google/firebase/rules/lang/FirebaseRulesProtoCompiler createResult (Lcom/google/firebase/rules/runtime/v1/RulesetAst;Ljava/util/List;Lcom/google/firebase/rules/lang/CompileResult$ParserStrategy;Lcom/google/common/collect/ImmutableList;)Lcom/google/firebase/rules/lang/CompileResult; 12 <appendix> member <vmtarget> ; # com/google/firebase/rules/lang/FirebaseRulesProtoCompiler$$Lambda+0x000000003f506858
instanceKlass com/google/firebase/rules/lang/common/CompilationIssueUtils$1
instanceKlass  @bci com/google/firebase/rules/lang/semantic/type/ExpressionResolverRunner visitCallArgumentsAndOperand (Ljava/util/Optional;Ljava/util/List;)Lcom/google/common/collect/ImmutableList; 38 <appendix> member <vmtarget> ; # com/google/firebase/rules/lang/semantic/type/ExpressionResolverRunner$$Lambda+0x000000003f5063f8
instanceKlass  @bci com/google/firebase/rules/lang/semantic/type/ExpressionResolverRunner visitCallArgumentsAndOperand (Ljava/util/Optional;Ljava/util/List;)Lcom/google/common/collect/ImmutableList; 7 <appendix> argL0 ; # com/google/firebase/rules/lang/semantic/type/ExpressionResolverRunner$$Lambda+0x000000003f5061b0
instanceKlass  @bci com/google/firebase/rules/lang/semantic/type/ExpressionResolverRunner visitList (Lcom/google/firebase/rules/runtime/v1/ListExpression;)Lcom/google/firebase/rules/lang/semantic/type/ExpressionResolverResult; 10 <appendix> member <vmtarget> ; # com/google/firebase/rules/lang/semantic/type/ExpressionResolverRunner$$Lambda+0x000000003f505f60
instanceKlass  @bci com/google/firebase/rules/lang/semantic/type/ExpressionResolverRunner visitPath (Lcom/google/firebase/rules/runtime/v1/Path;)Lcom/google/firebase/rules/lang/semantic/type/ExpressionResolverResult; 20 <appendix> member <vmtarget> ; # com/google/firebase/rules/lang/semantic/type/ExpressionResolverRunner$$Lambda+0x000000003f505d10
instanceKlass  @bci com/google/firebase/rules/lang/semantic/type/ExpressionResolverRunner visitPath (Lcom/google/firebase/rules/runtime/v1/Path;)Lcom/google/firebase/rules/lang/semantic/type/ExpressionResolverResult; 9 <appendix> argL0 ; # com/google/firebase/rules/lang/semantic/type/ExpressionResolverRunner$$Lambda+0x000000003f505ab8
instanceKlass  @bci com/google/firebase/rules/lang/semantic/scope/functions/DescriptorFunctionResolver resolve (Ljava/lang/String;ZILcom/google/common/collect/ImmutableSet;)Lcom/google/firebase/rules/lang/semantic/type/FunctionResolverResult; 215 <appendix> argL0 ; # com/google/firebase/rules/lang/semantic/scope/functions/DescriptorFunctionResolver$$Lambda+0x000000003f505870
instanceKlass  @bci com/google/firebase/rules/lang/semantic/scope/functions/UserDefinedFunctionTypes$UserDefinedFunctionResolver resolve (Lcom/google/common/collect/ImmutableSet;)Lcom/google/firebase/rules/lang/semantic/type/ExpressionResolverResult; 164 <appendix> member <vmtarget> ; # com/google/firebase/rules/lang/semantic/scope/functions/UserDefinedFunctionTypes$UserDefinedFunctionResolver$$Lambda+0x000000003f505620
instanceKlass  @bci com/google/firebase/rules/lang/semantic/scope/functions/UserDefinedFunctionTypes$UserDefinedFunctionResolver resolve (Lcom/google/common/collect/ImmutableSet;)Lcom/google/firebase/rules/lang/semantic/type/ExpressionResolverResult; 157 <appendix> argL0 ; # com/google/firebase/rules/lang/semantic/scope/functions/UserDefinedFunctionTypes$UserDefinedFunctionResolver$$Lambda+0x000000003f5053d8
instanceKlass  @bci com/google/firebase/rules/lang/semantic/scope/functions/UserDefinedFunctionTypes$UserDefinedFunctionResolver resolve (Lcom/google/common/collect/ImmutableSet;)Lcom/google/firebase/rules/lang/semantic/type/ExpressionResolverResult; 147 <appendix> member <vmtarget> ; # com/google/firebase/rules/lang/semantic/scope/functions/UserDefinedFunctionTypes$UserDefinedFunctionResolver$$Lambda+0x000000003f505178
instanceKlass  @bci com/google/firebase/rules/lang/semantic/scope/functions/UserDefinedFunctionTypes$UserDefinedFunctionResolver resolve (Lcom/google/common/collect/ImmutableSet;)Lcom/google/firebase/rules/lang/semantic/type/ExpressionResolverResult; 137 <appendix> argL0 ; # com/google/firebase/rules/lang/semantic/scope/functions/UserDefinedFunctionTypes$UserDefinedFunctionResolver$$Lambda+0x000000003f504f50
instanceKlass com/google/common/base/Predicates$CompositionPredicate
instanceKlass com/google/common/base/Predicates
instanceKlass  @bci com/google/common/collect/Maps keyPredicateOnEntries (Lcom/google/common/base/Predicate;)Lcom/google/common/base/Predicate; 1 <appendix> argL0 ; # com/google/common/collect/Maps$$Lambda+0x000000003f4ff768
instanceKlass  @bci com/google/firebase/rules/lang/semantic/scope/functions/UserDefinedFunctionTypes$UserDefinedFunctionResolver resolve (Lcom/google/common/collect/ImmutableSet;)Lcom/google/firebase/rules/lang/semantic/type/ExpressionResolverResult; 119 <appendix> member <vmtarget> ; # com/google/firebase/rules/lang/semantic/scope/functions/UserDefinedFunctionTypes$UserDefinedFunctionResolver$$Lambda+0x000000003f4ff4d8
instanceKlass  @bci com/google/firebase/rules/lang/semantic/scope/functions/UserDefinedFunctionTypes resolve (Ljava/lang/String;ZILcom/google/common/collect/ImmutableSet;)Lcom/google/firebase/rules/lang/semantic/type/FunctionResolverResult; 62 <appendix> member <vmtarget> ; # com/google/firebase/rules/lang/semantic/scope/functions/UserDefinedFunctionTypes$$Lambda+0x000000003f4ff280
instanceKlass  @bci com/google/firebase/rules/lang/semantic/scope/functions/CompositeFunctionResolver getResolver (Ljava/lang/String;Z)Lcom/google/firebase/rules/lang/semantic/type/FunctionResolver; 98 <appendix> member <vmtarget> ; # com/google/firebase/rules/lang/semantic/scope/functions/CompositeFunctionResolver$$Lambda+0x000000003f4ff028
instanceKlass  @bci com/google/firebase/rules/lang/semantic/scope/functions/CompositeFunctionResolver matchingGlobalDescriptors (Ljava/lang/String;)Ljava/util/stream/Stream; 8 <appendix> member <vmtarget> ; # com/google/firebase/rules/lang/semantic/scope/functions/CompositeFunctionResolver$$Lambda+0x000000003f4fedd8
instanceKlass  @bci com/google/firebase/rules/lang/semantic/validators/TypeCheck walkTree (Lcom/google/firebase/rules/tree/TreeNode;Ljava/util/function/Consumer;Lcom/google/firebase/rules/lang/semantic/type/ExpressionResolverUtil$ExpressionResolverModifier;)V 217 <appendix> argL0 ; # com/google/firebase/rules/lang/semantic/validators/TypeCheck$$Lambda+0x000000003f4feb90
instanceKlass  @bci com/google/firebase/rules/lang/semantic/validators/TypeCheck walkTree (Lcom/google/firebase/rules/tree/TreeNode;Ljava/util/function/Consumer;Lcom/google/firebase/rules/lang/semantic/type/ExpressionResolverUtil$ExpressionResolverModifier;)V 207 <appendix> member <vmtarget> ; # com/google/firebase/rules/lang/semantic/validators/TypeCheck$$Lambda+0x000000003f4fe930
instanceKlass  @bci com/google/common/collect/CollectCollectors toImmutableMap (Ljava/util/function/Function;Ljava/util/function/Function;Ljava/util/function/BinaryOperator;)Ljava/util/stream/Collector; 26 <appendix> argL0 ; # com/google/common/collect/CollectCollectors$$Lambda+0x000000003f4fe6e8
instanceKlass  @bci java/util/stream/Collectors toMap (Ljava/util/function/Function;Ljava/util/function/Function;Ljava/util/function/BinaryOperator;Ljava/util/function/Supplier;)Ljava/util/stream/Collector; 3 <appendix> member <vmtarget> ; # java/util/stream/Collectors$$Lambda+0x000000003f2dfa40
instanceKlass  @bci com/google/common/collect/CollectCollectors toImmutableMap (Ljava/util/function/Function;Ljava/util/function/Function;Ljava/util/function/BinaryOperator;)Ljava/util/stream/Collector; 18 <appendix> argL0 ; # com/google/common/collect/CollectCollectors$$Lambda+0x000000003f4fe4c0
instanceKlass  @bci com/google/firebase/rules/lang/semantic/type/ExpressionResolverResult allRestrictions (Lcom/google/common/collect/ImmutableCollection;)Lcom/google/common/collect/ImmutableMap; 24 <appendix> argL0 ; # com/google/firebase/rules/lang/semantic/type/ExpressionResolverResult$$Lambda+0x000000003f4fe270
instanceKlass  @bci com/google/firebase/rules/lang/semantic/type/ExpressionResolverResult allRestrictions (Lcom/google/common/collect/ImmutableCollection;)Lcom/google/common/collect/ImmutableMap; 19 <appendix> argL0 ; # com/google/firebase/rules/lang/semantic/type/ExpressionResolverResult$$Lambda+0x000000003f4fe028
instanceKlass  @bci com/google/firebase/rules/lang/semantic/type/ExpressionResolverResult allRestrictions (Lcom/google/common/collect/ImmutableCollection;)Lcom/google/common/collect/ImmutableMap; 14 <appendix> argL0 ; # com/google/firebase/rules/lang/semantic/type/ExpressionResolverResult$$Lambda+0x000000003f4fdde0
instanceKlass  @bci com/google/firebase/rules/lang/semantic/type/ExpressionResolverResult allRestrictions (Lcom/google/common/collect/ImmutableCollection;)Lcom/google/common/collect/ImmutableMap; 4 <appendix> argL0 ; # com/google/firebase/rules/lang/semantic/type/ExpressionResolverResult$$Lambda+0x000000003f4fdb98
instanceKlass  @bci com/google/firebase/rules/lang/semantic/type/ExpressionResolverResult allOptimizationMessages (Lcom/google/common/collect/ImmutableCollection;)Lcom/google/common/collect/ImmutableSet; 4 <appendix> argL0 ; # com/google/firebase/rules/lang/semantic/type/ExpressionResolverResult$$Lambda+0x000000003f4fd950
instanceKlass  @bci com/google/firebase/rules/lang/semantic/type/ExpressionResolverResult allIssues (Lcom/google/common/collect/ImmutableCollection;)Lcom/google/common/collect/ImmutableSet; 4 <appendix> argL0 ; # com/google/firebase/rules/lang/semantic/type/ExpressionResolverResult$$Lambda+0x000000003f4fd708
instanceKlass  @bci com/google/firebase/rules/lang/semantic/type/ExpressionResolverRunner visitCall (Lcom/google/firebase/rules/runtime/v1/CallExpression;Lcom/google/common/collect/ImmutableSet;Z)Lcom/google/firebase/rules/lang/semantic/type/ExpressionResolverResult; 547 <appendix> argL0 ; # com/google/firebase/rules/lang/semantic/type/ExpressionResolverRunner$$Lambda+0x000000003f4fd4c0
instanceKlass  @bci com/google/firebase/rules/lang/semantic/type/ExpressionResolverRunner visitCall (Lcom/google/firebase/rules/runtime/v1/CallExpression;Lcom/google/common/collect/ImmutableSet;Z)Lcom/google/firebase/rules/lang/semantic/type/ExpressionResolverResult; 514 <appendix> member <vmtarget> ; # com/google/firebase/rules/lang/semantic/type/ExpressionResolverRunner$$Lambda+0x000000003f4fd270
instanceKlass  @bci com/google/firebase/rules/lang/semantic/scope/functions/FunctionOverrides$EqualityBase addCoercibleTypes (Lcom/google/common/collect/ImmutableSet;)Lcom/google/common/collect/ImmutableSet; 4 <appendix> argL0 ; # com/google/firebase/rules/lang/semantic/scope/functions/FunctionOverrides$EqualityBase$$Lambda+0x000000003f4fd028
instanceKlass  @bci com/google/firebase/rules/lang/semantic/scope/functions/DescriptorFunctionResolver exists (Ljava/lang/String;ZI)Z 20 <appendix> member <vmtarget> ; # com/google/firebase/rules/lang/semantic/scope/functions/DescriptorFunctionResolver$$Lambda+0x000000003f4fcdd0
instanceKlass  @cpi com/google/firebase/rules/lang/semantic/scope/functions/DescriptorFunctionResolver 563 form vmentry <vmtarget> ; # java/lang/invoke/LambdaForm$DMH+0x000000003f500400
instanceKlass  @bci com/google/firebase/rules/lang/semantic/type/FunctionResolver usageWarnings (Ljava/lang/String;Ljava/util/Optional;Lcom/google/common/collect/ImmutableList;Lcom/google/common/collect/ImmutableSet;)Lcom/google/common/collect/ImmutableSet; 39 <appendix> argL0 ; # com/google/firebase/rules/lang/semantic/type/FunctionResolver$$Lambda+0x000000003f4fcb78
instanceKlass  @bci com/google/firebase/rules/lang/semantic/type/FunctionResolver usageWarnings (Ljava/lang/String;Ljava/util/Optional;Lcom/google/common/collect/ImmutableList;Lcom/google/common/collect/ImmutableSet;)Lcom/google/common/collect/ImmutableSet; 1 <appendix> argL0 ; # com/google/firebase/rules/lang/semantic/type/FunctionResolver$$Lambda+0x000000003f4fc930
instanceKlass  @cpi com/google/cloud/datastore/emulator/impl/queries/FirestoreQueryPlanner 667 form vmentry <vmtarget> ; # java/lang/invoke/LambdaForm$DMH+0x000000003f500000
instanceKlass  @bci com/google/firebase/rules/lang/semantic/type/ExpressionResolverRunner visitCall (Lcom/google/firebase/rules/runtime/v1/CallExpression;Lcom/google/common/collect/ImmutableSet;Z)Lcom/google/firebase/rules/lang/semantic/type/ExpressionResolverResult; 471 <appendix> argL0 ; # com/google/firebase/rules/lang/semantic/type/ExpressionResolverRunner$$Lambda+0x000000003f4fc6e8
instanceKlass  @bci com/google/firebase/rules/lang/semantic/type/ExpressionResolverRunner visitCall (Lcom/google/firebase/rules/runtime/v1/CallExpression;Lcom/google/common/collect/ImmutableSet;Z)Lcom/google/firebase/rules/lang/semantic/type/ExpressionResolverResult; 458 <appendix> argL0 ; # com/google/firebase/rules/lang/semantic/type/ExpressionResolverRunner$$Lambda+0x000000003f4fc4a0
instanceKlass  @bci com/google/firebase/rules/lang/semantic/type/ExpressionResolverRunner visitCallOperand (Ljava/util/Optional;Ljava/util/Optional;)Ljava/util/Optional; 3 <appendix> member <vmtarget> ; # com/google/firebase/rules/lang/semantic/type/ExpressionResolverRunner$$Lambda+0x000000003f4fc250
instanceKlass  @bci com/google/firebase/rules/lang/semantic/type/ExpressionResolverRunner processedVariableCombinationErrors (Lcom/google/firebase/rules/lang/semantic/type/ExpressionResolverResult;Lcom/google/firebase/rules/runtime/v1/RulesetAst$Version;Lcom/google/firebase/rules/v1/SourcePosition;)Lcom/google/firebase/rules/lang/semantic/type/ExpressionResolverResult; 75 <appendix> argL0 ; # com/google/firebase/rules/lang/semantic/type/ExpressionResolverRunner$$Lambda+0x000000003f4fc008
instanceKlass  @bci com/google/firebase/rules/lang/semantic/type/ExpressionResolverRunner processedVariableCombinationErrors (Lcom/google/firebase/rules/lang/semantic/type/ExpressionResolverResult;Lcom/google/firebase/rules/runtime/v1/RulesetAst$Version;Lcom/google/firebase/rules/v1/SourcePosition;)Lcom/google/firebase/rules/lang/semantic/type/ExpressionResolverResult; 70 <appendix> argL0 ; # com/google/firebase/rules/lang/semantic/type/ExpressionResolverRunner$$Lambda+0x000000003f4fbdc0
instanceKlass  @bci com/google/firebase/rules/lang/semantic/type/ExpressionResolverRunner processedVariableCombinationErrors (Lcom/google/firebase/rules/lang/semantic/type/ExpressionResolverResult;Lcom/google/firebase/rules/runtime/v1/RulesetAst$Version;Lcom/google/firebase/rules/v1/SourcePosition;)Lcom/google/firebase/rules/lang/semantic/type/ExpressionResolverResult; 34 <appendix> member <vmtarget> ; # com/google/firebase/rules/lang/semantic/type/ExpressionResolverRunner$$Lambda+0x000000003f4fbb70
instanceKlass  @bci com/google/firebase/rules/lang/semantic/type/ExpressionResolverRunner processedVariableCombinationErrors (Lcom/google/firebase/rules/lang/semantic/type/ExpressionResolverResult;Lcom/google/firebase/rules/runtime/v1/RulesetAst$Version;Lcom/google/firebase/rules/v1/SourcePosition;)Lcom/google/firebase/rules/lang/semantic/type/ExpressionResolverResult; 22 <appendix> argL0 ; # com/google/firebase/rules/lang/semantic/type/ExpressionResolverRunner$$Lambda+0x000000003f4fb918
instanceKlass  @bci com/google/firebase/rules/lang/semantic/scope/fields/CompositeFieldResolver resolve (Ljava/lang/String;)Lcom/google/common/collect/ImmutableSet; 38 <appendix> argL0 ; # com/google/firebase/rules/lang/semantic/scope/fields/CompositeFieldResolver$$Lambda+0x000000003f4fb6d0
instanceKlass  @bci com/google/firebase/rules/lang/semantic/scope/fields/CompositeFieldResolver lambda$resolve$0 (Ljava/lang/String;Lcom/google/common/collect/ImmutableSet;)Z 5 <appendix> member <vmtarget> ; # com/google/firebase/rules/lang/semantic/scope/fields/CompositeFieldResolver$$Lambda+0x000000003f4fb470
instanceKlass  @bci com/google/firebase/rules/lang/semantic/scope/fields/CompositeFieldResolver resolve (Ljava/lang/String;)Lcom/google/common/collect/ImmutableSet; 11 <appendix> member <vmtarget> ; # com/google/firebase/rules/lang/semantic/scope/fields/CompositeFieldResolver$$Lambda+0x000000003f4fb210
instanceKlass  @bci com/google/firebase/rules/lang/semantic/type/ExpressionResolverRunner visitCallArguments (Ljava/util/List;Lcom/google/common/collect/ImmutableList;)Lcom/google/common/collect/ImmutableList; 11 <appendix> member <vmtarget> ; # com/google/firebase/rules/lang/semantic/type/ExpressionResolverRunner$$Lambda+0x000000003f4fafd0
instanceKlass java/util/stream/Sink$ChainedInt
instanceKlass java/util/stream/Sink$OfInt
instanceKlass  @bci com/google/firebase/rules/lang/semantic/type/ExpressionResolverRunner visitCall (Lcom/google/firebase/rules/runtime/v1/CallExpression;Lcom/google/common/collect/ImmutableSet;Z)Lcom/google/firebase/rules/lang/semantic/type/ExpressionResolverResult; 230 <appendix> member <vmtarget> ; # com/google/firebase/rules/lang/semantic/type/ExpressionResolverRunner$$Lambda+0x000000003f4fad80
instanceKlass  @bci java/util/stream/IntPipeline boxed ()Ljava/util/stream/Stream; 1 <appendix> argL0 ; # java/util/stream/IntPipeline$$Lambda+0x000000003f2deab8
instanceKlass com/google/firebase/rules/lang/semantic/type/AutoOneOf_FunctionResolverResult
instanceKlass com/google/firebase/rules/lang/semantic/type/FunctionResolverResult
instanceKlass com/google/firebase/rules/lang/semantic/type/ExpressionResolverResult$Builder
instanceKlass  @bci com/google/firebase/rules/lang/semantic/scope/functions/DescriptorFunctionResolver resolve (Ljava/lang/String;ZILcom/google/common/collect/ImmutableSet;)Lcom/google/firebase/rules/lang/semantic/type/FunctionResolverResult; 346 <appendix> argL0 ; # com/google/firebase/rules/lang/semantic/scope/functions/DescriptorFunctionResolver$$Lambda+0x000000003f4f9230
instanceKlass  @bci com/google/firebase/rules/lang/semantic/scope/functions/DescriptorFunctionResolver resolve (Ljava/lang/String;ZILcom/google/common/collect/ImmutableSet;)Lcom/google/firebase/rules/lang/semantic/type/FunctionResolverResult; 317 <appendix> argL0 ; # com/google/firebase/rules/lang/semantic/scope/functions/DescriptorFunctionResolver$$Lambda+0x000000003f4f8fe8
instanceKlass  @bci com/google/firebase/rules/lang/semantic/scope/functions/DescriptorFunctionResolver resolve (Ljava/lang/String;ZILcom/google/common/collect/ImmutableSet;)Lcom/google/firebase/rules/lang/semantic/type/FunctionResolverResult; 312 <appendix> argL0 ; # com/google/firebase/rules/lang/semantic/scope/functions/DescriptorFunctionResolver$$Lambda+0x000000003f4f8da0
instanceKlass  @bci com/google/firebase/rules/lang/semantic/scope/functions/DescriptorFunctionResolver resolve (Ljava/lang/String;ZILcom/google/common/collect/ImmutableSet;)Lcom/google/firebase/rules/lang/semantic/type/FunctionResolverResult; 304 <appendix> argL0 ; # com/google/firebase/rules/lang/semantic/scope/functions/DescriptorFunctionResolver$$Lambda+0x000000003f4f8b78
instanceKlass com/google/common/base/Pair
instanceKlass  @bci com/google/firebase/rules/lang/semantic/scope/functions/DescriptorFunctionResolver resolve (Ljava/lang/String;ZILcom/google/common/collect/ImmutableSet;)Lcom/google/firebase/rules/lang/semantic/type/FunctionResolverResult; 282 <appendix> argL0 ; # com/google/firebase/rules/lang/semantic/scope/functions/DescriptorFunctionResolver$$Lambda+0x000000003f4f8708
instanceKlass java/util/stream/Streams$1
instanceKlass  @bci com/google/common/collect/Streams zip (Ljava/util/stream/Stream;Ljava/util/stream/Stream;Ljava/util/function/BiFunction;)Ljava/util/stream/Stream; 149 <appendix> member <vmtarget> ; # com/google/common/collect/Streams$$Lambda+0x000000003f4f84d8
instanceKlass  @bci com/google/common/collect/Streams zip (Ljava/util/stream/Stream;Ljava/util/stream/Stream;Ljava/util/function/BiFunction;)Ljava/util/stream/Stream; 130 <appendix> member <vmtarget> ; # com/google/common/collect/Streams$$Lambda+0x000000003f4f82a8
instanceKlass java/util/Spliterators$AbstractSpliterator
instanceKlass  @bci com/google/firebase/rules/lang/semantic/scope/functions/DescriptorFunctionResolver lambda$resolve$6 (Lcom/google/common/collect/ImmutableList;Lcom/google/common/collect/ImmutableList;)Lcom/google/common/collect/ImmutableList; 8 <appendix> argL0 ; # com/google/firebase/rules/lang/semantic/scope/functions/DescriptorFunctionResolver$$Lambda+0x000000003f4f4c98
instanceKlass  @bci com/google/firebase/rules/lang/semantic/scope/functions/DescriptorFunctionResolver lambda$resolve$5 (Lcom/google/firebase/rules/lang/type/FunctionDescriptor;)Lcom/google/common/collect/ImmutableList; 7 <appendix> argL0 ; # com/google/firebase/rules/lang/semantic/scope/functions/DescriptorFunctionResolver$$Lambda+0x000000003f4f4a50
instanceKlass java/util/stream/ReduceOps$2ReducingSink
instanceKlass  @bci com/google/firebase/rules/lang/semantic/scope/functions/DescriptorFunctionResolver resolve (Ljava/lang/String;ZILcom/google/common/collect/ImmutableSet;)Lcom/google/firebase/rules/lang/semantic/type/FunctionResolverResult; 262 <appendix> argL0 ; # com/google/firebase/rules/lang/semantic/scope/functions/DescriptorFunctionResolver$$Lambda+0x000000003f4f4800
instanceKlass  @bci com/google/firebase/rules/lang/semantic/scope/functions/DescriptorFunctionResolver resolve (Ljava/lang/String;ZILcom/google/common/collect/ImmutableSet;)Lcom/google/firebase/rules/lang/semantic/type/FunctionResolverResult; 252 <appendix> argL0 ; # com/google/firebase/rules/lang/semantic/scope/functions/DescriptorFunctionResolver$$Lambda+0x000000003f4f5bc8
instanceKlass  @bci com/google/firebase/rules/lang/semantic/scope/functions/DescriptorFunctionResolver argumentIsAssignable (Lcom/google/common/collect/ImmutableSet;Lcom/google/firebase/rules/lang/type/ExpectedExpressionKind;)Z 5 <appendix> member <vmtarget> ; # com/google/firebase/rules/lang/semantic/scope/functions/DescriptorFunctionResolver$$Lambda+0x000000003f4f5968
instanceKlass  @bci com/google/firebase/rules/lang/semantic/scope/functions/DescriptorFunctionResolver resolve (Ljava/lang/String;ZILcom/google/common/collect/ImmutableSet;)Lcom/google/firebase/rules/lang/semantic/type/FunctionResolverResult; 145 <appendix> member <vmtarget> ; # com/google/firebase/rules/lang/semantic/scope/functions/DescriptorFunctionResolver$$Lambda+0x000000003f4f5708
instanceKlass  @bci com/google/firebase/rules/lang/semantic/scope/functions/DescriptorFunctionResolver resolve (Ljava/lang/String;ZILcom/google/common/collect/ImmutableSet;)Lcom/google/firebase/rules/lang/semantic/type/FunctionResolverResult; 90 <appendix> member <vmtarget> ; # com/google/firebase/rules/lang/semantic/scope/functions/DescriptorFunctionResolver$$Lambda+0x000000003f4f54b0
instanceKlass  @bci com/google/firebase/rules/lang/semantic/scope/functions/DescriptorFunctionResolver resolve (Ljava/lang/String;ZILcom/google/common/collect/ImmutableSet;)Lcom/google/firebase/rules/lang/semantic/type/FunctionResolverResult; 36 <appendix> member <vmtarget> ; # com/google/firebase/rules/lang/semantic/scope/functions/DescriptorFunctionResolver$$Lambda+0x000000003f4f5258
instanceKlass  @bci com/google/firebase/rules/lang/semantic/scope/functions/DescriptorFunctionResolver exists (Ljava/lang/String;Z)Z 19 <appendix> member <vmtarget> ; # com/google/firebase/rules/lang/semantic/scope/functions/DescriptorFunctionResolver$$Lambda+0x000000003f4f5000
instanceKlass  @cpi com/google/firebase/rules/lang/semantic/scope/functions/UserDefinedFunctionTypes 584 form vmentry <vmtarget> ; # java/lang/invoke/LambdaForm$DMH+0x000000003f4f4400
instanceKlass  @bci java/util/stream/StreamSpliterators$WrappingSpliterator initPartialTraversalState ()V 37 <appendix> member <vmtarget> ; # java/util/stream/StreamSpliterators$WrappingSpliterator$$Lambda+0x000000003f2de098
instanceKlass java/util/function/BooleanSupplier
instanceKlass  @bci java/util/stream/StreamSpliterators$WrappingSpliterator initPartialTraversalState ()V 24 <appendix> member <vmtarget> ; # java/util/stream/StreamSpliterators$WrappingSpliterator$$Lambda+0x000000003f2ddbd8
instanceKlass  @bci com/google/common/collect/CollectSpliterators$1WithCharacteristics tryAdvance (Ljava/util/function/Consumer;)Z 9 <appendix> member <vmtarget> ; # com/google/common/collect/CollectSpliterators$1WithCharacteristics$$Lambda+0x000000003f4f7cc0
instanceKlass  @bci com/google/common/collect/CollectSpliterators$FlatMapSpliterator tryAdvance (Ljava/util/function/Consumer;)Z 53 <appendix> member <vmtarget> ; # com/google/common/collect/CollectSpliterators$FlatMapSpliterator$$Lambda+0x000000003f4f7a80
instanceKlass  @bci com/google/firebase/rules/lang/semantic/scope/functions/CompositeFunctionResolver getResolver (Ljava/lang/String;Z)Lcom/google/firebase/rules/lang/semantic/type/FunctionResolver; 61 <appendix> member <vmtarget> ; # com/google/firebase/rules/lang/semantic/scope/functions/CompositeFunctionResolver$$Lambda+0x000000003f4f7820
instanceKlass  @bci com/google/firebase/rules/lang/semantic/scope/functions/CompositeFunctionResolver getResolver (Ljava/lang/String;Z)Lcom/google/firebase/rules/lang/semantic/type/FunctionResolver; 50 <appendix> argL0 ; # com/google/firebase/rules/lang/semantic/scope/functions/CompositeFunctionResolver$$Lambda+0x000000003f4f75d8
instanceKlass  @bci com/google/firebase/rules/lang/semantic/scope/functions/CompositeFunctionResolver getResolver (Ljava/lang/String;Z)Lcom/google/firebase/rules/lang/semantic/type/FunctionResolver; 36 <appendix> argL0 ; # com/google/firebase/rules/lang/semantic/scope/functions/CompositeFunctionResolver$$Lambda+0x000000003f4f7390
instanceKlass java/util/stream/Streams$RangeIntSpliterator
instanceKlass com/google/firebase/rules/lang/semantic/type/ExpressionResolverRunner$1
instanceKlass  @bci com/google/firebase/rules/lang/semantic/validators/TypeCheck walkTree (Lcom/google/firebase/rules/tree/TreeNode;Ljava/util/function/Consumer;Lcom/google/firebase/rules/lang/semantic/type/ExpressionResolverUtil$ExpressionResolverModifier;)V 89 <appendix> argL0 ; # com/google/firebase/rules/lang/semantic/validators/TypeCheck$$Lambda+0x000000003f4f6000
instanceKlass  @bci com/google/firebase/rules/lang/semantic/validators/TypeCheck check (Lcom/google/firebase/rules/tree/TreeNode;)Lcom/google/common/collect/ImmutableSet; 11 <appendix> member <vmtarget> ; # com/google/firebase/rules/lang/semantic/validators/TypeCheck$$Lambda+0x000000003f4f3ba8
instanceKlass  @bci com/google/firebase/rules/lang/semantic/validators/ShadowedField$DuplicateLetBindingInScopeAstVisitor visitFunction (Lcom/google/firebase/rules/runtime/v1/Function;)V 17 <appendix> argL0 ; # com/google/firebase/rules/lang/semantic/validators/ShadowedField$DuplicateLetBindingInScopeAstVisitor$$Lambda+0x000000003f4f3960
instanceKlass  @bci java/util/stream/Collectors lambda$groupingBy$2 (Ljava/util/function/Function;Ljava/util/Map;)Ljava/util/Map; 2 <appendix> member <vmtarget> ; # java/util/stream/Collectors$$Lambda+0x000000003f2dd668
instanceKlass  @bci java/util/stream/Collectors lambda$groupingBy$0 (Ljava/util/function/Function;Ljava/util/function/Supplier;Ljava/util/function/BiConsumer;Ljava/util/Map;Ljava/lang/Object;)V 20 <appendix> member <vmtarget> ; # java/util/stream/Collectors$$Lambda+0x000000003f2dd418
instanceKlass  @bci java/util/stream/Collectors groupingBy (Ljava/util/function/Function;Ljava/util/function/Supplier;Ljava/util/stream/Collector;)Ljava/util/stream/Collector; 84 <appendix> member <vmtarget> ; # java/util/stream/Collectors$$Lambda+0x000000003f2dd1c8
instanceKlass  @bci java/util/stream/Collectors groupingBy (Ljava/util/function/Function;Ljava/util/function/Supplier;Ljava/util/stream/Collector;)Ljava/util/stream/Collector; 19 <appendix> member <vmtarget> ; # java/util/stream/Collectors$$Lambda+0x000000003f2dcf88
instanceKlass  @bci java/util/stream/Collectors groupingBy (Ljava/util/function/Function;Ljava/util/stream/Collector;)Ljava/util/stream/Collector; 1 <appendix> argL0 ; # java/util/stream/Collectors$$Lambda+0x000000003f2dcd60
instanceKlass  @bci java/util/stream/Collectors summingLong (Ljava/util/function/ToLongFunction;)Ljava/util/stream/Collector; 20 <appendix> argL0 ; # java/util/stream/Collectors$$Lambda+0x000000003f2dcb18
instanceKlass  @bci java/util/stream/Collectors summingLong (Ljava/util/function/ToLongFunction;)Ljava/util/stream/Collector; 15 <appendix> argL0 ; # java/util/stream/Collectors$$Lambda+0x000000003f2dc8c8
instanceKlass  @bci java/util/stream/Collectors summingLong (Ljava/util/function/ToLongFunction;)Ljava/util/stream/Collector; 10 <appendix> member <vmtarget> ; # java/util/stream/Collectors$$Lambda+0x000000003f2dc688
instanceKlass  @bci java/util/stream/Collectors summingLong (Ljava/util/function/ToLongFunction;)Ljava/util/stream/Collector; 4 <appendix> argL0 ; # java/util/stream/Collectors$$Lambda+0x000000003f2dc460
instanceKlass  @bci java/util/stream/Collectors counting ()Ljava/util/stream/Collector; 0 <appendix> argL0 ; # java/util/stream/Collectors$$Lambda+0x000000003f2dc238
instanceKlass  @cpi com/google/cloud/datastore/emulator/impl/firestore/FirestoreEmulatorHelper 1826 form vmentry <vmtarget> ; # java/lang/invoke/LambdaForm$DMH+0x000000003f4f4000
instanceKlass java/util/function/ToLongFunction
instanceKlass  @bci com/google/firebase/rules/lang/semantic/validators/ShadowedField$DuplicateLetBindingInScopeAstVisitor visitMatchRule (Lcom/google/firebase/rules/runtime/v1/MatchRule;)V 24 <appendix> argL0 ; # com/google/firebase/rules/lang/semantic/validators/ShadowedField$DuplicateLetBindingInScopeAstVisitor$$Lambda+0x000000003f4f3718
instanceKlass com/google/firebase/rules/lang/semantic/validators/ShadowedField$1
instanceKlass  @bci com/google/firebase/rules/lang/semantic/validators/ShadowedField pathCaptures (Lcom/google/firebase/rules/runtime/v1/Path;)Lcom/google/common/collect/ImmutableSet; 9 <appendix> argL0 ; # com/google/firebase/rules/lang/semantic/validators/ShadowedField$$Lambda+0x000000003f4f32c0
instanceKlass  @bci com/google/firebase/rules/lang/semantic/validators/ShadowedField$DuplicateLetBindingInScopeAstVisitor visitServiceRule (Lcom/google/firebase/rules/runtime/v1/ServiceRule;)V 20 <appendix> argL0 ; # com/google/firebase/rules/lang/semantic/validators/ShadowedField$DuplicateLetBindingInScopeAstVisitor$$Lambda+0x000000003f4f3078
instanceKlass  @bci com/google/firebase/rules/lang/semantic/scope/fields/PartnerServiceFieldTypes forService (Ljava/lang/String;)Lcom/google/common/collect/ImmutableSet; 8 <appendix> argL0 ; # com/google/firebase/rules/lang/semantic/scope/fields/PartnerServiceFieldTypes$$Lambda+0x000000003f4f2e30
instanceKlass  @bci com/google/firebase/rules/lang/semantic/validators/ShadowedField$DuplicateLetBindingInScopeAstVisitor check (Lcom/google/firebase/rules/runtime/v1/RulesetAst;Lcom/google/firebase/rules/partners/services/Services;Z)Lcom/google/common/collect/ImmutableSet; 14 <appendix> member <vmtarget> ; # com/google/firebase/rules/lang/semantic/validators/ShadowedField$DuplicateLetBindingInScopeAstVisitor$$Lambda+0x000000003f4f2bf0
instanceKlass  @bci com/google/firebase/rules/lang/semantic/validators/ServiceFunctionRulesetScope check (Lcom/google/firebase/rules/tree/TreeNode;)Lcom/google/common/collect/ImmutableSet; 69 <appendix> member <vmtarget> ; # com/google/firebase/rules/lang/semantic/validators/ServiceFunctionRulesetScope$$Lambda+0x000000003f4f2710
instanceKlass  @bci com/google/firebase/rules/lang/semantic/validators/ServiceFunctionRulesetScope check (Lcom/google/firebase/rules/tree/TreeNode;)Lcom/google/common/collect/ImmutableSet; 53 <appendix> argL0 ; # com/google/firebase/rules/lang/semantic/validators/ServiceFunctionRulesetScope$$Lambda+0x000000003f4f24c8
instanceKlass  @bci com/google/firebase/rules/lang/semantic/validators/ServiceFunctionRulesetScope check (Lcom/google/firebase/rules/tree/TreeNode;)Lcom/google/common/collect/ImmutableSet; 43 <appendix> argL0 ; # com/google/firebase/rules/lang/semantic/validators/ServiceFunctionRulesetScope$$Lambda+0x000000003f4f2270
instanceKlass  @bci com/google/firebase/rules/lang/type/Method$StandardMethods ruleAppliesToMethod (Ljava/lang/String;Ljava/lang/String;)Z 25 <appendix> member <vmtarget> ; # com/google/firebase/rules/lang/type/Method$StandardMethods$$Lambda+0x000000003f4f2020
instanceKlass  @bci com/google/firebase/rules/lang/semantic/validators/MethodName isValidMethod (Lcom/google/common/collect/ImmutableSet;Ljava/lang/String;)Z 5 <appendix> member <vmtarget> ; # com/google/firebase/rules/lang/semantic/validators/MethodName$$Lambda+0x000000003f4f1dc0
instanceKlass  @bci com/google/firebase/rules/lang/semantic/validators/MethodName lambda$walkTree$0 (Lcom/google/firebase/rules/lang/type/ServiceDescriptor;)Lcom/google/common/collect/ImmutableSet; 7 <appendix> argL0 ; # com/google/firebase/rules/lang/semantic/validators/MethodName$$Lambda+0x000000003f4f1b78
instanceKlass  @bci com/google/firebase/rules/lang/semantic/validators/MethodName walkTree (Lcom/google/firebase/rules/partners/services/Services;Lcom/google/firebase/rules/tree/TreeNode;Ljava/util/function/Consumer;)V 40 <appendix> argL0 ; # com/google/firebase/rules/lang/semantic/validators/MethodName$$Lambda+0x000000003f4f1930
instanceKlass  @bci com/google/firebase/rules/lang/semantic/validators/MethodName check (Lcom/google/firebase/rules/tree/TreeNode;)Lcom/google/common/collect/ImmutableSet; 15 <appendix> member <vmtarget> ; # com/google/firebase/rules/lang/semantic/validators/MethodName$$Lambda+0x000000003f4f16f0
instanceKlass com/google/common/cache/LocalCache$AbstractReferenceEntry
instanceKlass com/google/common/cache/LocalCache$LoadingValueReference
instanceKlass com/google/common/cache/RemovalListener
instanceKlass com/google/common/cache/Weigher
instanceKlass com/google/common/cache/LocalCache$1
instanceKlass com/google/common/cache/ReferenceEntry
instanceKlass com/google/common/cache/CacheLoader
instanceKlass com/google/common/cache/LocalCache$LocalManualCache
instanceKlass com/google/common/cache/LocalCache$StrongValueReference
instanceKlass com/google/common/cache/LocalCache$ValueReference
instanceKlass com/google/common/cache/CacheBuilder$2
instanceKlass com/google/common/cache/CacheStats
instanceKlass com/google/common/cache/CacheBuilder$1
instanceKlass com/google/common/cache/AbstractCache$StatsCounter
instanceKlass com/google/common/cache/AsyncLoadingCache
instanceKlass com/google/common/cache/LoadingCache
instanceKlass com/google/common/cache/Cache
instanceKlass com/google/common/cache/CacheBuilder
instanceKlass com/google/i18n/Message
instanceKlass com/google/i18n/MessageN
instanceKlass com/google/i18n/Message9
instanceKlass com/google/i18n/Message8
instanceKlass com/google/i18n/Message7
instanceKlass com/google/i18n/Message6
instanceKlass com/google/i18n/Message5
instanceKlass java/math/MutableBigInteger
instanceKlass com/google/common/primitives/UnsignedLongs$ParseOverflowDetection
instanceKlass com/google/common/primitives/UnsignedLongs
instanceKlass sun/util/ResourceBundleEnumeration
instanceKlass com/google/common/base/Verify
instanceKlass  @bci java/util/ResourceBundle$ResourceBundleControlProviderHolder <clinit> ()V 11 <appendix> argL0 ; # java/util/ResourceBundle$ResourceBundleControlProviderHolder$$Lambda+0x000000003f2db2f8
instanceKlass java/util/ServiceLoader$ProviderSpliterator
instanceKlass java/util/spi/ResourceBundleControlProvider
instanceKlass java/util/ResourceBundle$ResourceBundleControlProviderHolder
instanceKlass com/google/i18n/LocaleResourceCache$CacheKey
instanceKlass com/google/i18n/MessageBundle$1
instanceKlass com/google/i18n/LocaleResourceCache
instanceKlass com/google/i18n/LongObjectMap
instanceKlass com/google/i18n/LocaleResourceCache$ResourceLoader
instanceKlass com/google/firebase/rules/v1/Issue$Severity$1
instanceKlass com/google/i18n/Message3
instanceKlass com/google/i18n/Message4
instanceKlass com/google/i18n/Message2
instanceKlass com/google/i18n/Message1
instanceKlass com/google/i18n/Message0
instanceKlass com/google/firebase/rules/validations/FirebaseRulesMessages$S0
instanceKlass com/google/i18n/MessageBundle
instanceKlass com/google/i18n/MessageBundleReference
instanceKlass com/google/firebase/rules/validations/FirebaseRulesMessages
instanceKlass  @bci com/google/firebase/rules/lang/semantic/validators/DeadCode walkTree (Lcom/google/firebase/rules/tree/TreeNode;Ljava/util/function/Consumer;)Lcom/google/common/collect/ImmutableSet; 137 <appendix> argL0 ; # com/google/firebase/rules/lang/semantic/validators/DeadCode$$Lambda+0x000000003f4e2718
instanceKlass  @bci com/google/firebase/rules/lang/semantic/validators/DeadCode walkTree (Lcom/google/firebase/rules/tree/TreeNode;Ljava/util/function/Consumer;)Lcom/google/common/collect/ImmutableSet; 99 <appendix> argL0 ; # com/google/firebase/rules/lang/semantic/validators/DeadCode$$Lambda+0x000000003f4e24d0
instanceKlass  @bci com/google/firebase/rules/lang/semantic/validators/DeadCode walkTree (Lcom/google/firebase/rules/tree/TreeNode;Ljava/util/function/Consumer;)Lcom/google/common/collect/ImmutableSet; 89 <appendix> member <vmtarget> ; # com/google/firebase/rules/lang/semantic/validators/DeadCode$$Lambda+0x000000003f4e2270
instanceKlass  @bci com/google/firebase/rules/lang/semantic/validators/DeadCode walkTree (Lcom/google/firebase/rules/tree/TreeNode;Ljava/util/function/Consumer;)Lcom/google/common/collect/ImmutableSet; 42 <appendix> member <vmtarget> ; # com/google/firebase/rules/lang/semantic/validators/DeadCode$$Lambda+0x000000003f4e2020
instanceKlass  @bci com/google/firebase/rules/lang/semantic/validators/DeadCode walkTree (Lcom/google/firebase/rules/tree/TreeNode;Ljava/util/function/Consumer;)Lcom/google/common/collect/ImmutableSet; 12 <appendix> argL0 ; # com/google/firebase/rules/lang/semantic/validators/DeadCode$$Lambda+0x000000003f4e1dd8
instanceKlass  @bci com/google/firebase/rules/lang/semantic/validators/DeadCode check (Lcom/google/firebase/rules/tree/TreeNode;)Lcom/google/common/collect/ImmutableSet; 11 <appendix> member <vmtarget> ; # com/google/firebase/rules/lang/semantic/validators/DeadCode$$Lambda+0x000000003f4e1b98
instanceKlass  @bci com/google/firebase/rules/lang/semantic/validators/ServiceName check (Lcom/google/firebase/rules/tree/TreeNode;)Lcom/google/common/collect/ImmutableSet; 14 <appendix> member <vmtarget> ; # com/google/firebase/rules/lang/semantic/validators/ServiceName$$Lambda+0x000000003f4e1958
instanceKlass  @bci com/google/firebase/rules/lang/semantic/validators/MaxLetBindings check (Lcom/google/firebase/rules/tree/TreeNode;Ljava/util/function/Consumer;)V 13 <appendix> member <vmtarget> ; # com/google/firebase/rules/lang/semantic/validators/MaxLetBindings$$Lambda+0x000000003f4e1498
instanceKlass  @bci com/google/firebase/rules/lang/semantic/validators/MaxLetBindings check (Lcom/google/firebase/rules/tree/TreeNode;)Lcom/google/common/collect/ImmutableSet; 11 <appendix> member <vmtarget> ; # com/google/firebase/rules/lang/semantic/validators/MaxLetBindings$$Lambda+0x000000003f4e1258
instanceKlass  @bci com/google/firebase/rules/lang/semantic/validators/MaxCaptures check (Lcom/google/firebase/rules/tree/TreeNode;)Lcom/google/common/collect/ImmutableSet; 11 <appendix> member <vmtarget> ; # com/google/firebase/rules/lang/semantic/validators/MaxCaptures$$Lambda+0x000000003f4e1018
instanceKlass  @bci com/google/firebase/rules/lang/semantic/validators/PathLength check (Lcom/google/firebase/rules/tree/TreeNode;)Lcom/google/common/collect/ImmutableSet; 11 <appendix> member <vmtarget> ; # com/google/firebase/rules/lang/semantic/validators/PathLength$$Lambda+0x000000003f4e0dd8
instanceKlass  @bci com/google/firebase/rules/lang/semantic/validators/FunctionArity check (Lcom/google/firebase/rules/tree/TreeNode;)Lcom/google/common/collect/ImmutableSet; 11 <appendix> member <vmtarget> ; # com/google/firebase/rules/lang/semantic/validators/FunctionArity$$Lambda+0x000000003f4e0b98
instanceKlass  @bci com/google/firebase/rules/lang/semantic/validators/GlobMatchRuleWithChildGlobMatchRule walkTree (Lcom/google/firebase/rules/tree/TreeNode;ZLjava/util/function/Consumer;)V 105 <appendix> argL0 ; # com/google/firebase/rules/lang/semantic/validators/GlobMatchRuleWithChildGlobMatchRule$$Lambda+0x000000003f4e0940
instanceKlass com/google/firebase/rules/lang/semantic/validators/GlobMatchRuleWithChildGlobMatchRule$1
instanceKlass  @bci com/google/firebase/rules/lang/semantic/validators/GlobMatchRuleWithChildGlobMatchRule check (Lcom/google/firebase/rules/tree/TreeNode;)Lcom/google/common/collect/ImmutableSet; 12 <appendix> member <vmtarget> ; # com/google/firebase/rules/lang/semantic/validators/GlobMatchRuleWithChildGlobMatchRule$$Lambda+0x000000003f4e04f0
instanceKlass  @bci com/google/firebase/rules/lang/semantic/validators/RegexCheck$RegexCheckAstVisitor visit (Lcom/google/firebase/rules/tree/TreeNode;)V 15 <appendix> member <vmtarget> ; # com/google/firebase/rules/lang/semantic/validators/RegexCheck$RegexCheckAstVisitor$$Lambda+0x000000003f4e02b0
instanceKlass com/google/firebase/rules/lang/semantic/validators/LetBindingsInRulesV1$1
instanceKlass  @bci com/google/firebase/rules/lang/semantic/validators/RepeatedServiceDefinition check (Lcom/google/firebase/rules/tree/TreeNode;)Lcom/google/common/collect/ImmutableSet; 18 <appendix> member <vmtarget> ; # com/google/firebase/rules/lang/semantic/validators/RepeatedServiceDefinition$$Lambda+0x000000003f4df908
instanceKlass com/google/firebase/rules/lang/semantic/validators/GlobMatchRuleWithChild$1
instanceKlass  @bci com/google/firebase/rules/lang/semantic/validators/GlobMatchRuleWithChild check (Lcom/google/firebase/rules/tree/TreeNode;)Lcom/google/common/collect/ImmutableSet; 11 <appendix> member <vmtarget> ; # com/google/firebase/rules/lang/semantic/validators/GlobMatchRuleWithChild$$Lambda+0x000000003f4df4b8
instanceKlass com/google/firebase/rules/lang/semantic/validators/MatchRuleMaxDepth$1
instanceKlass  @bci com/google/firebase/rules/lang/semantic/validators/MatchRuleMaxDepth check (Lcom/google/firebase/rules/tree/TreeNode;)Lcom/google/common/collect/ImmutableSet; 12 <appendix> member <vmtarget> ; # com/google/firebase/rules/lang/semantic/validators/MatchRuleMaxDepth$$Lambda+0x000000003f4df068
instanceKlass  @bci com/google/firebase/rules/lang/semantic/validators/CycleDetectorAndDepth check (Lcom/google/firebase/rules/tree/TreeNode;)Lcom/google/common/collect/ImmutableSet; 38 <appendix> member <vmtarget> ; # com/google/firebase/rules/lang/semantic/validators/CycleDetectorAndDepth$$Lambda+0x000000003f4dee28
instanceKlass  @bci org/jgrapht/alg/cycle/TarjanSimpleCycles getRemoved (Ljava/lang/Object;)Ljava/util/Set; 5 <appendix> argL0 ; # org/jgrapht/alg/cycle/TarjanSimpleCycles$$Lambda+0x000000003f4debe0
instanceKlass org/jgrapht/util/TypeUtil
instanceKlass org/jgrapht/alg/interfaces/PartitioningAlgorithm$Partitioning
instanceKlass org/jgrapht/GraphTests
instanceKlass org/jgrapht/alg/cycle/TarjanSimpleCycles
instanceKlass  @bci com/google/firebase/rules/lang/semantic/validators/CycleDetectorAndDepth check (Lcom/google/firebase/rules/tree/TreeNode;)Lcom/google/common/collect/ImmutableSet; 16 <appendix> member <vmtarget> ; # com/google/firebase/rules/lang/semantic/validators/CycleDetectorAndDepth$$Lambda+0x000000003f4de130
instanceKlass com/google/firebase/rules/v1/IssueOrBuilder
instanceKlass org/jgrapht/alg/util/Pair
instanceKlass org/jgrapht/graph/specifics/DirectedEdgeContainer
instanceKlass  @bci com/google/firebase/rules/lang/semantic/validators/CycleDetectorAndDepth constructCallGraph (Lcom/google/firebase/rules/tree/TreeNode;)Lorg/jgrapht/graph/DirectedPseudograph; 19 <appendix> member <vmtarget> ; # com/google/firebase/rules/lang/semantic/validators/CycleDetectorAndDepth$$Lambda+0x000000003f4dc8b8
instanceKlass org/jgrapht/graph/BaseIntrusiveEdgesSpecifics
instanceKlass  @bci org/jgrapht/graph/FastLookupGraphSpecificsStrategy getIntrusiveEdgesSpecificsFactory ()Ljava/util/function/Function; 0 <appendix> argL0 ; # org/jgrapht/graph/FastLookupGraphSpecificsStrategy$$Lambda+0x000000003f4dc160
instanceKlass org/jgrapht/graph/specifics/ArrayUnenforcedSetEdgeSetFactory
instanceKlass org/jgrapht/graph/specifics/DirectedSpecifics
instanceKlass  @bci org/jgrapht/graph/FastLookupGraphSpecificsStrategy getSpecificsFactory ()Ljava/util/function/BiFunction; 1 <appendix> member <vmtarget> ; # org/jgrapht/graph/FastLookupGraphSpecificsStrategy$$Lambda+0x000000003f4db6c0
instanceKlass org/jgrapht/graph/IntrusiveEdgesSpecifics
instanceKlass org/jgrapht/graph/specifics/Specifics
instanceKlass org/jgrapht/graph/EdgeSetFactory
instanceKlass org/jgrapht/graph/FastLookupGraphSpecificsStrategy
instanceKlass org/jgrapht/graph/DefaultGraphType
instanceKlass org/jgrapht/graph/DefaultGraphType$Builder
instanceKlass org/jgrapht/util/SupplierUtil$ConstructorSupplier
instanceKlass org/jgrapht/util/SupplierUtil
instanceKlass org/jgrapht/graph/IntrusiveEdge
instanceKlass org/jgrapht/GraphType
instanceKlass org/jgrapht/graph/GraphSpecificsStrategy
instanceKlass org/jgrapht/graph/AbstractGraph
instanceKlass  @bci com/google/firebase/rules/lang/semantic/validators/VariableRedefinition check (Lcom/google/firebase/rules/tree/TreeNode;)Lcom/google/common/collect/ImmutableSet; 13 <appendix> member <vmtarget> ; # com/google/firebase/rules/lang/semantic/validators/VariableRedefinition$$Lambda+0x000000003f4d88f0
instanceKlass  @bci com/google/firebase/rules/lang/semantic/validators/util/ValidatorUtil functionChildren (Lcom/google/firebase/rules/tree/TreeNode;)Lcom/google/common/collect/ImmutableList; 21 <appendix> argL0 ; # com/google/firebase/rules/lang/semantic/validators/util/ValidatorUtil$$Lambda+0x000000003f4d8258
instanceKlass  @bci com/google/firebase/rules/lang/semantic/validators/util/ValidatorUtil functionChildren (Lcom/google/firebase/rules/tree/TreeNode;)Lcom/google/common/collect/ImmutableList; 11 <appendix> argL0 ; # com/google/firebase/rules/lang/semantic/validators/util/ValidatorUtil$$Lambda+0x000000003f4d8000
instanceKlass com/google/firebase/rules/lang/semantic/validators/util/ValidatorUtil
instanceKlass  @bci com/google/firebase/rules/lang/semantic/validators/FunctionRedefinition check (Lcom/google/firebase/rules/tree/TreeNode;)Lcom/google/common/collect/ImmutableSet; 13 <appendix> member <vmtarget> ; # com/google/firebase/rules/lang/semantic/validators/FunctionRedefinition$$Lambda+0x000000003f4d5c38
instanceKlass com/google/firebase/rules/tree/NodeVisitor
instanceKlass com/google/firebase/rules/tree/PreOrderTreeWalker
instanceKlass com/google/firebase/rules/tree/TreeWalker
instanceKlass com/google/firebase/rules/lang/semantic/scope/Scope$PermissionScope$Builder
instanceKlass com/google/firebase/rules/lang/semantic/scope/Scope$PermissionScope
instanceKlass  @bci com/google/firebase/rules/lang/semantic/scope/fields/PartnerServiceFieldTypes atPermission (Ljava/lang/String;Lcom/google/firebase/rules/runtime/v1/Permission;)Lcom/google/common/collect/ImmutableSet; 31 <appendix> argL0 ; # com/google/firebase/rules/lang/semantic/scope/fields/PartnerServiceFieldTypes$$Lambda+0x000000003f4d6e30
instanceKlass  @bci com/google/firebase/rules/lang/semantic/scope/fields/PartnerServiceFieldTypes atPermission (Ljava/lang/String;Lcom/google/firebase/rules/runtime/v1/Permission;)Lcom/google/common/collect/ImmutableSet; 21 <appendix> argL0 ; # com/google/firebase/rules/lang/semantic/scope/fields/PartnerServiceFieldTypes$$Lambda+0x000000003f4d6bd8
instanceKlass  @bci com/google/firebase/rules/lang/semantic/scope/fields/PartnerServiceFieldTypes atPermission (Ljava/lang/String;Lcom/google/firebase/rules/runtime/v1/Permission;)Lcom/google/common/collect/ImmutableSet; 11 <appendix> argL0 ; # com/google/firebase/rules/lang/semantic/scope/fields/PartnerServiceFieldTypes$$Lambda+0x000000003f4d6990
instanceKlass  @bci com/google/firebase/rules/lang/semantic/scope/functions/PartnerServiceFunctionTypes atPermission (Ljava/lang/String;Lcom/google/firebase/rules/runtime/v1/Permission;)Lcom/google/firebase/rules/lang/semantic/scope/functions/FunctionDescriptorProvider; 21 <appendix> argL0 ; # com/google/firebase/rules/lang/semantic/scope/functions/PartnerServiceFunctionTypes$$Lambda+0x000000003f4d6748
instanceKlass  @bci com/google/firebase/rules/lang/semantic/scope/functions/PartnerServiceFunctionTypes atPermission (Ljava/lang/String;Lcom/google/firebase/rules/runtime/v1/Permission;)Lcom/google/firebase/rules/lang/semantic/scope/functions/FunctionDescriptorProvider; 11 <appendix> argL0 ; # com/google/firebase/rules/lang/semantic/scope/functions/PartnerServiceFunctionTypes$$Lambda+0x000000003f4d6500
instanceKlass com/google/firebase/rules/lang/semantic/scope/Scope$FunctionScope$Builder
instanceKlass com/google/firebase/rules/lang/semantic/scope/Scope$FunctionScope
instanceKlass com/google/firebase/rules/lang/semantic/scope/Scope$MatchScope$Builder
instanceKlass com/google/firebase/rules/lang/semantic/scope/Scope$MatchScope
instanceKlass  @bci com/google/firebase/rules/lang/semantic/type/ExpressionResolverImpl create (Lcom/google/firebase/rules/runtime/v1/RulesetAst$Version;Lcom/google/firebase/rules/lang/semantic/type/FunctionResolver;Lcom/google/firebase/rules/lang/semantic/type/FieldResolver;Lcom/google/common/collect/ImmutableSet;Lcom/google/firebase/rules/lang/semantic/type/ExpressionResolverUtil$ExpressionResolverModifier;Lcom/google/firebase/rules/runtime/v1/Expression;I)Lcom/google/firebase/rules/lang/semantic/type/ExpressionResolverImpl; 21 <adapter> ; # java/lang/invoke/LambdaForm$MH+0x000000003f4d5000
# instanceKlass java/lang/invoke/LambdaForm$DMH+0x000000003f4d4c00
instanceKlass  @bci com/google/firebase/rules/lang/semantic/type/ExpressionResolverImpl create (Lcom/google/firebase/rules/runtime/v1/RulesetAst$Version;Lcom/google/firebase/rules/lang/semantic/type/FunctionResolver;Lcom/google/firebase/rules/lang/semantic/type/FieldResolver;Lcom/google/common/collect/ImmutableSet;Lcom/google/firebase/rules/lang/semantic/type/ExpressionResolverUtil$ExpressionResolverModifier;Lcom/google/firebase/rules/runtime/v1/Expression;I)Lcom/google/firebase/rules/lang/semantic/type/ExpressionResolverImpl; 21 <appendix> form vmentry <vmtarget> ; # java/lang/invoke/LambdaForm$DMH+0x000000003f4d4800
instanceKlass  @bci com/google/firebase/rules/lang/semantic/type/ExpressionResolverImpl create (Lcom/google/firebase/rules/runtime/v1/RulesetAst$Version;Lcom/google/firebase/rules/lang/semantic/type/FunctionResolver;Lcom/google/firebase/rules/lang/semantic/type/FieldResolver;Lcom/google/common/collect/ImmutableSet;Lcom/google/firebase/rules/lang/semantic/type/ExpressionResolverUtil$ExpressionResolverModifier;Lcom/google/firebase/rules/runtime/v1/Expression;I)Lcom/google/firebase/rules/lang/semantic/type/ExpressionResolverImpl; 21 <appendix> member <vmtarget> ; # com/google/firebase/rules/lang/semantic/type/ExpressionResolverImpl$$Lambda+0x000000003f4d2a18
instanceKlass  @cpi com/google/firebase/rules/lang/semantic/type/ExpressionResolverImpl 236 form vmentry <vmtarget> ; # java/lang/invoke/LambdaForm$DMH+0x000000003f4d4400
instanceKlass  @bci com/google/firebase/rules/lang/semantic/type/ExpressionResolverImpl create (Lcom/google/firebase/rules/runtime/v1/RulesetAst$Version;Lcom/google/firebase/rules/lang/semantic/type/FunctionResolver;Lcom/google/firebase/rules/lang/semantic/type/FieldResolver;Lcom/google/common/collect/ImmutableSet;Lcom/google/firebase/rules/lang/semantic/type/ExpressionResolverUtil$ExpressionResolverModifier;Lcom/google/firebase/rules/runtime/v1/Expression;I)Lcom/google/firebase/rules/lang/semantic/type/ExpressionResolverImpl; 8 <appendix> argL0 ; # com/google/firebase/rules/lang/semantic/type/ExpressionResolverImpl$$Lambda+0x000000003f4d27d0
instanceKlass  @bci com/google/firebase/rules/lang/semantic/type/ExpressionResolverUtil$ShallowBindingCollector collectBindings (Lcom/google/firebase/rules/runtime/v1/Expression;)Lcom/google/common/collect/ImmutableSet; 14 <appendix> member <vmtarget> ; # com/google/firebase/rules/lang/semantic/type/ExpressionResolverUtil$ShallowBindingCollector$$Lambda+0x000000003f4d2590
instanceKlass com/google/firebase/rules/lang/semantic/type/ExpressionResolverUtil
instanceKlass com/google/firebase/rules/lang/semantic/type/ExpressionResolverImpl
instanceKlass com/google/firebase/rules/lang/semantic/type/ExpressionResolver
instanceKlass  @bci com/google/firebase/rules/lang/semantic/scope/functions/UserDefinedFunctionTypes$UserDefinedFunctionResolver create (Lcom/google/firebase/rules/runtime/v1/RulesetAst$Version;Lcom/google/firebase/rules/lang/semantic/type/ExpressionResolverUtil$ExpressionResolverModifier;Lcom/google/firebase/rules/lang/semantic/type/FunctionResolver;Lcom/google/firebase/rules/lang/semantic/type/FieldResolver;Lcom/google/firebase/rules/runtime/v1/Function;)Lcom/google/firebase/rules/lang/semantic/scope/functions/UserDefinedFunctionTypes$UserDefinedFunctionResolver; 15 <appendix> argL0 ; # com/google/firebase/rules/lang/semantic/scope/functions/UserDefinedFunctionTypes$UserDefinedFunctionResolver$$Lambda+0x000000003f4d14d8
instanceKlass com/google/async/function/ThreadSafeSuppliers$MemoizingSupplierBase
instanceKlass  @bci com/google/firebase/rules/lang/semantic/scope/functions/UserDefinedFunctionTypes lambda$functionResolvers$0 (Lcom/google/firebase/rules/runtime/v1/RulesetAst$Version;Lcom/google/firebase/rules/lang/semantic/type/ExpressionResolverUtil$ExpressionResolverModifier;Lcom/google/common/collect/ImmutableMap;Lcom/google/common/collect/ImmutableMap;Lcom/google/firebase/rules/lang/semantic/scope/functions/CycleAndDepthGuard;Ljava/util/List;Lcom/google/firebase/rules/runtime/v1/Function;)Lcom/google/firebase/rules/lang/semantic/scope/functions/UserDefinedFunctionTypes$UserDefinedFunctionResolver; 21 <appendix> form vmentry <vmtarget> ; # java/lang/invoke/LambdaForm$DMH+0x000000003f4d4000
instanceKlass  @bci com/google/firebase/rules/lang/semantic/scope/functions/UserDefinedFunctionTypes lambda$functionResolvers$0 (Lcom/google/firebase/rules/runtime/v1/RulesetAst$Version;Lcom/google/firebase/rules/lang/semantic/type/ExpressionResolverUtil$ExpressionResolverModifier;Lcom/google/common/collect/ImmutableMap;Lcom/google/common/collect/ImmutableMap;Lcom/google/firebase/rules/lang/semantic/scope/functions/CycleAndDepthGuard;Ljava/util/List;Lcom/google/firebase/rules/runtime/v1/Function;)Lcom/google/firebase/rules/lang/semantic/scope/functions/UserDefinedFunctionTypes$UserDefinedFunctionResolver; 21 <appendix> member <vmtarget> ; # com/google/firebase/rules/lang/semantic/scope/functions/UserDefinedFunctionTypes$$Lambda+0x000000003f4d0920
instanceKlass  @bci com/google/common/collect/CollectCollectors lambda$flatteningToImmutableListMultimap$1 (Ljava/util/function/Function;Ljava/lang/Object;)Ljava/util/stream/Stream; 10 <appendix> argL0 ; # com/google/common/collect/CollectCollectors$$Lambda+0x000000003f4d06e8
instanceKlass  @bci java/util/stream/Collectors lambda$groupingByConcurrent$2 (Ljava/util/function/Function;Ljava/util/function/Supplier;Ljava/util/function/BiConsumer;Ljava/util/concurrent/ConcurrentMap;Ljava/lang/Object;)V 20 <appendix> member <vmtarget> ; # java/util/stream/Collectors$$Lambda+0x000000003f2da770
instanceKlass  @bci com/google/firebase/rules/lang/type/ServiceDescriptor fieldDescriptorsFor (Lcom/google/common/collect/ImmutableSet;)Lcom/google/common/collect/ImmutableSet; 5 <appendix> argL0 ; # com/google/firebase/rules/lang/type/ServiceDescriptor$$Lambda+0x000000003f4d04a0
instanceKlass  @bci com/google/firebase/rules/lang/semantic/scope/fields/PartnerServiceFieldTypes forPermissionsList (Ljava/lang/String;Lcom/google/common/collect/ImmutableSet;)Lcom/google/common/collect/ImmutableSet; 9 <appendix> member <vmtarget> ; # com/google/firebase/rules/lang/semantic/scope/fields/PartnerServiceFieldTypes$$Lambda+0x000000003f4d0250
instanceKlass  @bci com/google/firebase/rules/lang/semantic/scope/ScopeBuilder partnerServiceFieldResolvers (Lcom/google/common/collect/ImmutableSetMultimap;)Lcom/google/common/collect/ImmutableSet; 11 <appendix> member <vmtarget> ; # com/google/firebase/rules/lang/semantic/scope/ScopeBuilder$$Lambda+0x000000003f4d0000
instanceKlass  @bci com/google/common/collect/CollectSpliterators$1WithCharacteristics forEachRemaining (Ljava/util/function/Consumer;)V 9 <appendix> member <vmtarget> ; # com/google/common/collect/CollectSpliterators$1WithCharacteristics$$Lambda+0x000000003f4c8c00
instanceKlass  @cpi com/google/common/collect/CollectSpliterators$1WithCharacteristics 116 form vmentry <vmtarget> ; # java/lang/invoke/LambdaForm$DMH+0x000000003f4c8800
instanceKlass java/util/function/IntConsumer
instanceKlass java/util/stream/IntStream
instanceKlass com/google/common/collect/CollectSpliterators$1WithCharacteristics
instanceKlass  @bci com/google/common/collect/ImmutableList spliteratorWithCharacteristics (I)Ljava/util/Spliterator; 6 <appendix> member <vmtarget> ; # com/google/common/collect/ImmutableList$$Lambda+0x000000003f4c9920
instanceKlass  @cpi com/google/common/collect/ImmutableList 453 form vmentry <vmtarget> ; # java/lang/invoke/LambdaForm$DMH+0x000000003f4c8400
instanceKlass  @bci com/google/firebase/rules/lang/semantic/scope/functions/PartnerServiceFunctionTypes forPermissionsList (Ljava/lang/String;Lcom/google/common/collect/ImmutableSet;)Lcom/google/firebase/rules/lang/semantic/scope/functions/FunctionDescriptorProvider; 31 <appendix> member <vmtarget> ; # com/google/firebase/rules/lang/semantic/scope/functions/PartnerServiceFunctionTypes$$Lambda+0x000000003f4c96f0
instanceKlass  @bci com/google/firebase/rules/lang/semantic/scope/functions/PartnerServiceFunctionTypes lambda$forPermissionsList$0 (Lcom/google/common/collect/ImmutableSet;Lcom/google/firebase/rules/lang/type/ServiceDescriptor;)Lcom/google/common/collect/ImmutableSetMultimap; 13 <appendix> argL0 ; # com/google/firebase/rules/lang/semantic/scope/functions/PartnerServiceFunctionTypes$$Lambda+0x000000003f4c94a8
instanceKlass  @bci com/google/firebase/rules/lang/semantic/scope/functions/PartnerServiceFunctionTypes lambda$forPermissionsList$0 (Lcom/google/common/collect/ImmutableSet;Lcom/google/firebase/rules/lang/type/ServiceDescriptor;)Lcom/google/common/collect/ImmutableSetMultimap; 8 <appendix> argL0 ; # com/google/firebase/rules/lang/semantic/scope/functions/PartnerServiceFunctionTypes$$Lambda+0x000000003f4c9260
instanceKlass  @bci com/google/firebase/rules/lang/type/ServiceDescriptor lambda$filterPermissions$0 (Lcom/google/common/collect/ImmutableSet;Lcom/google/firebase/rules/lang/type/PermissionDescriptor;)Z 5 <appendix> member <vmtarget> ; # com/google/firebase/rules/lang/type/ServiceDescriptor$$Lambda+0x000000003f4c9000
instanceKlass  @bci com/google/firebase/rules/lang/type/ServiceDescriptor functionDescriptorsFor (Lcom/google/common/collect/ImmutableSet;)Lcom/google/common/collect/ImmutableSet; 5 <appendix> argL0 ; # com/google/firebase/rules/lang/type/ServiceDescriptor$$Lambda+0x000000003f4cbc20
instanceKlass  @bci com/google/firebase/rules/lang/type/ServiceDescriptor filterPermissions (Lcom/google/common/collect/ImmutableSet;)Ljava/util/stream/Stream; 8 <appendix> member <vmtarget> ; # com/google/firebase/rules/lang/type/ServiceDescriptor$$Lambda+0x000000003f4cb9c0
instanceKlass  @bci com/google/firebase/rules/lang/semantic/scope/functions/PartnerServiceFunctionTypes forPermissionsList (Ljava/lang/String;Lcom/google/common/collect/ImmutableSet;)Lcom/google/firebase/rules/lang/semantic/scope/functions/FunctionDescriptorProvider; 9 <appendix> member <vmtarget> ; # com/google/firebase/rules/lang/semantic/scope/functions/PartnerServiceFunctionTypes$$Lambda+0x000000003f4cb770
instanceKlass  @bci com/google/firebase/rules/lang/semantic/scope/ScopeBuilder partnerServiceFunctionProviders (Lcom/google/common/collect/ImmutableSetMultimap;)Lcom/google/common/collect/ImmutableSet; 11 <appendix> member <vmtarget> ; # com/google/firebase/rules/lang/semantic/scope/ScopeBuilder$$Lambda+0x000000003f4cb520
instanceKlass  @bci com/google/common/collect/CollectCollectors lambda$flatteningToMultimap$0 (Ljava/util/function/Function;Ljava/util/function/Function;Lcom/google/common/collect/Multimap;Ljava/lang/Object;)V 36 <appendix> member <vmtarget> ; # com/google/common/collect/CollectCollectors$$Lambda+0x000000003f4cb2e0
instanceKlass  @bci com/google/common/collect/CollectCollectors lambda$flatteningToImmutableSetMultimap$1 (Ljava/util/function/Function;Ljava/lang/Object;)Ljava/util/stream/Stream; 10 <appendix> argL0 ; # com/google/common/collect/CollectCollectors$$Lambda+0x000000003f4cb0a8
instanceKlass com/google/common/collect/MultimapBuilder$LinkedHashSetSupplier
instanceKlass  @bci com/google/common/collect/CollectCollectors flatteningToImmutableSetMultimap (Ljava/util/function/Function;Ljava/util/function/Function;)Ljava/util/stream/Collector; 41 <appendix> argL0 ; # com/google/common/collect/CollectCollectors$$Lambda+0x000000003f4ca6d0
instanceKlass  @bci com/google/common/collect/CollectCollectors flatteningToImmutableSetMultimap (Ljava/util/function/Function;Ljava/util/function/Function;)Ljava/util/stream/Collector; 33 <appendix> member <vmtarget> ; # com/google/common/collect/CollectCollectors$$Lambda+0x000000003f4ca4a0
instanceKlass  @bci com/google/common/collect/CollectCollectors flatteningToImmutableSetMultimap (Ljava/util/function/Function;Ljava/util/function/Function;)Ljava/util/stream/Collector; 17 <appendix> member <vmtarget> ; # com/google/common/collect/CollectCollectors$$Lambda+0x000000003f4ca250
instanceKlass  @bci com/google/common/collect/CollectCollectors flatteningToImmutableSetMultimap (Ljava/util/function/Function;Ljava/util/function/Function;)Ljava/util/stream/Collector; 11 <appendix> member <vmtarget> ; # com/google/common/collect/CollectCollectors$$Lambda+0x000000003f4ca000
instanceKlass  @bci com/google/firebase/rules/lang/semantic/scope/ScopeBuilder multimapFrom (Lcom/google/common/collect/ImmutableMap;)Lcom/google/common/collect/ImmutableSetMultimap; 12 <appendix> argL0 ; # com/google/firebase/rules/lang/semantic/scope/ScopeBuilder$$Lambda+0x000000003f4cfcb0
instanceKlass  @bci com/google/firebase/rules/lang/semantic/scope/ScopeBuilder multimapFrom (Lcom/google/common/collect/ImmutableMap;)Lcom/google/common/collect/ImmutableSetMultimap; 7 <appendix> argL0 ; # com/google/firebase/rules/lang/semantic/scope/ScopeBuilder$$Lambda+0x000000003f4cfa68
instanceKlass com/google/firebase/rules/lang/semantic/scope/fields/PathTemplateFieldTypes$1
instanceKlass  @bci com/google/firebase/rules/lang/semantic/scope/fields/PathTemplateFieldTypes fromPathTemplate (Lcom/google/firebase/rules/runtime/v1/Path;)Lcom/google/common/collect/ImmutableSet; 9 <appendix> argL0 ; # com/google/firebase/rules/lang/semantic/scope/fields/PathTemplateFieldTypes$$Lambda+0x000000003f4cf610
instanceKlass com/google/firebase/rules/lang/semantic/scope/fields/PathTemplateFieldTypes
instanceKlass com/google/firebase/rules/lang/semantic/scope/Scope$ServiceScope$Builder
instanceKlass com/google/firebase/rules/lang/semantic/scope/Scope$ServiceScope
instanceKlass com/google/firebase/rules/tree/TreeNodeImpl
instanceKlass com/google/firebase/rules/tree/TreeNode
instanceKlass com/google/firebase/rules/lang/semantic/scope/AutoOneOf_Scope
instanceKlass com/google/firebase/rules/lang/semantic/scope/Scope$RulesetScope$Builder
instanceKlass com/google/firebase/rules/lang/semantic/scope/Scope$RulesetScope
instanceKlass com/google/firebase/rules/lang/semantic/scope/Scope$ScopeBase
instanceKlass com/google/firebase/rules/lang/semantic/scope/Scope
instanceKlass  @bci com/google/async/function/ImmutableSuppliers ofInstance (Ljava/lang/Object;)Lcom/google/async/function/ImmutableSupplier; 1 <appendix> member <vmtarget> ; # com/google/async/function/ImmutableSuppliers$$Lambda+0x000000003f4cc000
instanceKlass com/google/async/function/ImmutableSupplier
instanceKlass com/google/async/function/ThreadSafeSupplier
instanceKlass com/google/async/function/ImmutableSuppliers
instanceKlass  @bci com/google/cloud/datastore/core/auth/rules/AsyncReadHandlers$AccessCollectorDecorator asyncRead (Lcom/google/cloud/datastore/core/rep/EntityRef;)Lcom/google/cloud/datastore/computation/Remainder; 53 <appendix> form vmentry <vmtarget> ; # java/lang/invoke/LambdaForm$DMH+0x000000003f4c8000
instanceKlass  @bci com/google/firebase/rules/lang/semantic/scope/functions/UserDefinedFunctionTypes functionResolvers (Lcom/google/firebase/rules/runtime/v1/RulesetAst$Version;Lcom/google/firebase/rules/lang/semantic/type/ExpressionResolverUtil$ExpressionResolverModifier;Lcom/google/common/collect/ImmutableMap;Lcom/google/common/collect/ImmutableMap;Lcom/google/firebase/rules/lang/semantic/scope/functions/CycleAndDepthGuard;Ljava/util/List;)Lcom/google/common/collect/ImmutableMap; 18 <appendix> member <vmtarget> ; # com/google/firebase/rules/lang/semantic/scope/functions/UserDefinedFunctionTypes$$Lambda+0x000000003f4c1778
instanceKlass com/google/firebase/rules/lang/semantic/scope/functions/UserDefinedFunctionTypes$UserDefinedFunctionResolver
instanceKlass com/google/common/collect/SortedSetMultimap
instanceKlass com/google/common/collect/Multimaps
instanceKlass com/google/common/collect/MultimapBuilder$ArrayListSupplier
instanceKlass  @bci java/util/function/Function andThen (Ljava/util/function/Function;)Ljava/util/function/Function; 7 <appendix> member <vmtarget> ; # java/util/function/Function$$Lambda+0x000000003f2d8da8
instanceKlass  @cpi java/util/function/Function 58 form vmentry <vmtarget> ; # java/lang/invoke/LambdaForm$DMH+0x000000003f4c0c00
instanceKlass  @bci com/google/common/collect/CollectCollectors flatteningToImmutableListMultimap (Ljava/util/function/Function;Ljava/util/function/Function;)Ljava/util/stream/Collector; 41 <appendix> argL0 ; # com/google/common/collect/CollectCollectors$$Lambda+0x000000003f4c2d80
instanceKlass  @bci com/google/common/collect/CollectCollectors flatteningToMultimap (Ljava/util/function/Function;Ljava/util/function/Function;Ljava/util/function/Supplier;)Ljava/util/stream/Collector; 23 <appendix> argL0 ; # com/google/common/collect/CollectCollectors$$Lambda+0x000000003f4c2b30
instanceKlass  @bci com/google/common/collect/CollectCollectors flatteningToMultimap (Ljava/util/function/Function;Ljava/util/function/Function;Ljava/util/function/Supplier;)Ljava/util/stream/Collector; 18 <appendix> member <vmtarget> ; # com/google/common/collect/CollectCollectors$$Lambda+0x000000003f4c28f0
instanceKlass  @bci com/google/common/collect/CollectCollectors flatteningToImmutableListMultimap (Ljava/util/function/Function;Ljava/util/function/Function;)Ljava/util/stream/Collector; 33 <appendix> member <vmtarget> ; # com/google/common/collect/CollectCollectors$$Lambda+0x000000003f4c26c0
instanceKlass com/google/common/collect/MultimapBuilder$MultimapBuilderWithKeys
instanceKlass com/google/common/collect/MultimapBuilder
instanceKlass  @bci com/google/common/collect/CollectCollectors flatteningToImmutableListMultimap (Ljava/util/function/Function;Ljava/util/function/Function;)Ljava/util/stream/Collector; 17 <appendix> member <vmtarget> ; # com/google/common/collect/CollectCollectors$$Lambda+0x000000003f4c61e8
instanceKlass  @bci com/google/common/collect/CollectCollectors flatteningToImmutableListMultimap (Ljava/util/function/Function;Ljava/util/function/Function;)Ljava/util/stream/Collector; 11 <appendix> member <vmtarget> ; # com/google/common/collect/CollectCollectors$$Lambda+0x000000003f4c5f98
instanceKlass  @bci com/google/firebase/rules/lang/semantic/scope/functions/UserDefinedFunctionTypes groupFunctions (Ljava/util/List;)Lcom/google/common/collect/ImmutableListMultimap; 37 <appendix> argL0 ; # com/google/firebase/rules/lang/semantic/scope/functions/UserDefinedFunctionTypes$$Lambda+0x000000003f4c5d50
instanceKlass  @bci com/google/firebase/rules/lang/semantic/scope/functions/UserDefinedFunctionTypes groupFunctions (Ljava/util/List;)Lcom/google/common/collect/ImmutableListMultimap; 32 <appendix> argL0 ; # com/google/firebase/rules/lang/semantic/scope/functions/UserDefinedFunctionTypes$$Lambda+0x000000003f4c5b08
instanceKlass  @cpi com/google/firebase/rules/utils/FutureUtils 281 form vmentry <vmtarget> ; # java/lang/invoke/LambdaForm$DMH+0x000000003f4c0800
instanceKlass  @bci java/util/stream/Collectors groupingByConcurrent (Ljava/util/function/Function;Ljava/util/function/Supplier;Ljava/util/stream/Collector;)Ljava/util/stream/Collector; 64 <appendix> member <vmtarget> ; # java/util/stream/Collectors$$Lambda+0x000000003f2d88e8
instanceKlass  @cpi java/util/stream/Collectors 1304 form vmentry <vmtarget> ; # java/lang/invoke/LambdaForm$DMH+0x000000003f4c0400
instanceKlass  @bci java/util/stream/Collectors mapMerger (Ljava/util/function/BinaryOperator;)Ljava/util/function/BinaryOperator; 1 <appendix> member <vmtarget> ; # java/util/stream/Collectors$$Lambda+0x000000003f2d8690
instanceKlass  @bci java/util/stream/Collectors groupingByConcurrent (Ljava/util/function/Function;)Ljava/util/stream/Collector; 1 <appendix> argL0 ; # java/util/stream/Collectors$$Lambda+0x000000003f2d8468
instanceKlass  @bci com/google/firebase/rules/lang/semantic/scope/functions/UserDefinedFunctionTypes groupFunctions (Ljava/util/List;)Lcom/google/common/collect/ImmutableListMultimap; 6 <appendix> argL0 ; # com/google/firebase/rules/lang/semantic/scope/functions/UserDefinedFunctionTypes$$Lambda+0x000000003f4c58c0
instanceKlass com/google/firebase/rules/lang/semantic/scope/functions/UserDefinedFunctionTypes
instanceKlass  @bci com/google/firebase/rules/lang/semantic/scope/ScopeBuilder childFunctionFieldResolvers (Lcom/google/common/collect/ImmutableTable;Lcom/google/firebase/rules/lang/semantic/scope/fields/CompositeFieldResolver;Lcom/google/common/collect/ImmutableList;)Lcom/google/common/collect/ImmutableMap; 10 <appendix> member <vmtarget> ; # com/google/firebase/rules/lang/semantic/scope/ScopeBuilder$$Lambda+0x000000003f4c4f20
instanceKlass  @bci com/google/firebase/rules/lang/semantic/scope/ScopeBuilder childFunctionFunctionResolvers (Lcom/google/common/collect/ImmutableTable;Lcom/google/firebase/rules/lang/semantic/scope/functions/CompositeFunctionResolver;Lcom/google/common/collect/ImmutableList;)Lcom/google/common/collect/ImmutableMap; 10 <appendix> member <vmtarget> ; # com/google/firebase/rules/lang/semantic/scope/ScopeBuilder$$Lambda+0x000000003f4c4cd0
instanceKlass com/google/firebase/rules/lang/semantic/scope/functions/CompositeFunctionResolver$FunctionNotFoundResolver
instanceKlass com/google/firebase/rules/lang/semantic/scope/functions/CompositeFunctionResolver
instanceKlass  @bci com/google/firebase/rules/runtime/utils/FunctionGuard functionDescriptors ()Lcom/google/common/collect/ImmutableList; 10 <appendix> member <vmtarget> ; # com/google/firebase/rules/runtime/utils/FunctionGuard$$Lambda+0x000000003f4c4000
instanceKlass  @bci com/google/firebase/rules/lang/semantic/scope/functions/FunctionOverrides$EqualityBase lambda$static$0 (Lcom/google/firebase/rules/runtime/v1/ExpressionValue$KindCase;)Lcom/google/common/collect/ImmutableSet; 20 <appendix> argL0 ; # com/google/firebase/rules/lang/semantic/scope/functions/FunctionOverrides$EqualityBase$$Lambda+0x000000003f4bfcf8
instanceKlass  @bci com/google/firebase/rules/lang/semantic/scope/functions/FunctionOverrides$EqualityBase lambda$static$0 (Lcom/google/firebase/rules/runtime/v1/ExpressionValue$KindCase;)Lcom/google/common/collect/ImmutableSet; 10 <appendix> member <vmtarget> ; # com/google/firebase/rules/lang/semantic/scope/functions/FunctionOverrides$EqualityBase$$Lambda+0x000000003f4bfa98
instanceKlass  @bci com/google/firebase/rules/lang/semantic/scope/functions/FunctionOverrides$EqualityBase <clinit> ()V 9 <appendix> argL0 ; # com/google/firebase/rules/lang/semantic/scope/functions/FunctionOverrides$EqualityBase$$Lambda+0x000000003f4bf850
instanceKlass  @bci com/google/firebase/rules/lang/semantic/scope/functions/DescriptorFunctionResolver <init> (Ljava/lang/String;Lcom/google/common/collect/ImmutableSet;)V 38 <appendix> member <vmtarget> ; # com/google/firebase/rules/lang/semantic/scope/functions/DescriptorFunctionResolver$$Lambda+0x000000003f4bf0c0
instanceKlass  @bci java/util/stream/StreamSpliterators$WrappingSpliterator forEachRemaining (Ljava/util/function/Consumer;)V 33 <appendix> member <vmtarget> ; # java/util/stream/StreamSpliterators$WrappingSpliterator$$Lambda+0x000000003f2d81b0
instanceKlass java/util/stream/StreamSpliterators
instanceKlass  @bci com/google/common/collect/CollectSpliterators$FlatMapSpliterator forEachRemaining (Ljava/util/function/Consumer;)V 28 <appendix> member <vmtarget> ; # com/google/common/collect/CollectSpliterators$FlatMapSpliterator$$Lambda+0x000000003f4bec20
instanceKlass  @bci com/google/firebase/rules/lang/semantic/scope/functions/GlobalFunctionTypes getFunctionDescriptors (Ljava/lang/String;)Lcom/google/common/collect/ImmutableSet; 35 <appendix> argL0 ; # com/google/firebase/rules/lang/semantic/scope/functions/GlobalFunctionTypes$$Lambda+0x000000003f4be9d8
instanceKlass  @bci com/google/common/collect/Streams concat ([Ljava/util/stream/Stream;)Ljava/util/stream/Stream; 122 <appendix> member <vmtarget> ; # com/google/common/collect/Streams$$Lambda+0x000000003f4be7a8
instanceKlass  @bci com/google/common/collect/CollectSpliterators$FlatMapSpliteratorOfObject <init> (Ljava/util/Spliterator;Ljava/util/Spliterator;Ljava/util/function/Function;IJ)V 4 <appendix> argL0 ; # com/google/common/collect/CollectSpliterators$FlatMapSpliteratorOfObject$$Lambda+0x000000003f4be580
instanceKlass  @cpi com/google/common/collect/CollectSpliterators$FlatMapSpliteratorOfObject 47 form vmentry <vmtarget> ; # java/lang/invoke/LambdaForm$DMH+0x000000003f4c0000
instanceKlass com/google/common/collect/CollectSpliterators$FlatMapSpliterator$Factory
instanceKlass com/google/common/collect/CollectSpliterators$FlatMapSpliterator
instanceKlass java/util/Spliterator$OfLong
instanceKlass java/util/Spliterator$OfDouble
instanceKlass java/util/Spliterator$OfInt
instanceKlass java/util/Spliterator$OfPrimitive
instanceKlass com/google/common/collect/CollectSpliterators
instanceKlass  @bci com/google/common/collect/Streams concat ([Ljava/util/stream/Stream;)Ljava/util/stream/Stream; 107 <appendix> argL0 ; # com/google/common/collect/Streams$$Lambda+0x000000003f4bda00
instanceKlass java/util/stream/StreamSpliterators$AbstractWrappingSpliterator
instanceKlass  @bci java/util/stream/AbstractPipeline spliterator ()Ljava/util/Spliterator; 103 <appendix> member <vmtarget> ; # java/util/stream/AbstractPipeline$$Lambda+0x000000003f2d7010
instanceKlass java/util/EnumMap$EntryIterator$Entry
instanceKlass java/util/EnumMap$EnumMapIterator
instanceKlass com/google/firebase/rules/lang/common/FunctionTemplate$LatLngMembers
instanceKlass com/google/firebase/rules/lang/common/FunctionTemplate$TimestampMembers
instanceKlass com/google/firebase/rules/lang/common/FunctionTemplate$DurationMembers
instanceKlass com/google/firebase/rules/lang/common/FunctionTemplate$MapDiffMembers
instanceKlass com/google/firebase/rules/runtime/impl/types/MapType$GetListOrDefault
instanceKlass com/google/firebase/rules/runtime/impl/types/MapType$GetSingleOrDefault
instanceKlass com/google/firebase/rules/lang/common/FunctionTemplate$MapMembers
instanceKlass com/google/firebase/rules/runtime/impl/types/PathType$PathRange
instanceKlass com/google/firebase/rules/runtime/impl/types/PathType$PathReference
instanceKlass com/google/firebase/rules/runtime/impl/types/PathType$PathBindingAtIntIndex
instanceKlass com/google/firebase/rules/runtime/impl/types/PathType$PathBindingAtStringIndex
instanceKlass com/google/firebase/rules/lang/common/FunctionTemplate$PathMembers
# instanceKlass java/lang/invoke/LambdaForm$MH+0x000000003f4b4000
instanceKlass com/google/firebase/rules/lang/common/FunctionTemplate$SetMembers
instanceKlass com/google/firebase/rules/runtime/impl/types/ListType$ListRange
instanceKlass com/google/firebase/rules/runtime/impl/types/ListType$ListReference
instanceKlass com/google/firebase/rules/lang/common/FunctionTemplate$ListMembers
instanceKlass com/google/firebase/rules/lang/common/FunctionTemplate$BytesMembers
instanceKlass  @bci com/google/firebase/rules/runtime/impl/BuiltinFunctions$Builder register (Lcom/google/firebase/rules/runtime/common/TypeProvider;)Lcom/google/firebase/rules/runtime/impl/BuiltinFunctions$Builder; 17 <appendix> member <vmtarget> ; # com/google/firebase/rules/runtime/impl/BuiltinFunctions$Builder$$Lambda+0x000000003f4ad530
instanceKlass com/google/firebase/rules/runtime/impl/types/StringType$StringRange
instanceKlass com/google/firebase/rules/runtime/impl/types/StringType$StringReference
instanceKlass com/google/firebase/rules/lang/common/FunctionTemplate$StringMembers
instanceKlass com/google/firebase/rules/runtime/common/AbstractTypeProvider
instanceKlass com/google/firebase/rules/runtime/impl/functions/HashingFunction$HashString
instanceKlass com/google/firebase/rules/runtime/impl/functions/HashingFunction$HashBytes
instanceKlass com/google/common/hash/Hashing$Sha256Holder
instanceKlass com/google/firebase/rules/runtime/impl/functions/Abs$AbsFloat
instanceKlass com/google/firebase/rules/runtime/impl/functions/Abs$AbsInt
instanceKlass org/joda/time/ReadableInstant
instanceKlass com/google/firebase/rules/runtime/impl/functions/TimestampEpoch$TimestampString
instanceKlass com/google/firebase/rules/runtime/impl/functions/TimestampEpoch$TimestampMillis
instanceKlass com/google/firebase/rules/units/DurationUnitConverter
instanceKlass com/google/firebase/rules/units/UnitConverter
instanceKlass com/google/firebase/rules/runtime/v1/ExpressionPathValueOrBuilder
instanceKlass com/google/firebase/rules/runtime/impl/functions/ToVector$ListToVector
instanceKlass com/google/firebase/rules/runtime/impl/functions/ToString$PathToString
instanceKlass com/google/firebase/rules/runtime/impl/functions/ToString$BoolToString
instanceKlass com/google/firebase/rules/runtime/impl/functions/ToString$StringToString
instanceKlass com/google/firebase/rules/runtime/impl/functions/ToString$NullToString
instanceKlass com/google/firebase/rules/runtime/impl/functions/ToString$FloatToString
instanceKlass com/google/firebase/rules/runtime/impl/functions/ToString$IntToString
instanceKlass com/google/firebase/rules/runtime/impl/functions/ToFloat$StringToFloat
instanceKlass com/google/firebase/rules/runtime/impl/functions/ToFloat$FloatToFloat
instanceKlass com/google/firebase/rules/runtime/impl/functions/ToFloat$IntToFloat
instanceKlass com/google/firebase/rules/runtime/impl/functions/ToInt$StringToInt
instanceKlass com/google/firebase/rules/runtime/impl/functions/ToInt$FloatToInt
instanceKlass com/google/firebase/rules/runtime/impl/functions/ToInt$IntToInt
instanceKlass com/google/firebase/rules/runtime/utils/GuardedRuntimeFunction
instanceKlass com/google/firebase/rules/runtime/impl/functions/LessThanOrEquals$LessThanOrEqualsAnyConstraint
instanceKlass com/google/firebase/rules/runtime/impl/functions/LessThanOrEquals$LessThanOrEqualsObject
instanceKlass com/google/firebase/rules/runtime/impl/functions/LessThanOrEquals$LessThanOrEqualsConstraintAny
instanceKlass com/google/firebase/rules/runtime/impl/functions/GreaterThanOrEquals$GreaterThanOrEqualsAnyConstraint
instanceKlass com/google/firebase/rules/runtime/impl/functions/GreaterThanOrEquals$GreaterThanOrEqualsConstraintAny
instanceKlass com/google/firebase/rules/runtime/impl/functions/GreaterThanOrEquals$GreaterThanOrEqualsObject
instanceKlass com/google/firebase/rules/runtime/impl/functions/LessThan$LessThanAnyConstraint
instanceKlass com/google/firebase/rules/runtime/impl/functions/LessThan$LessThanObject
instanceKlass com/google/firebase/rules/runtime/impl/functions/LessThan$LessThanConstraintAny
instanceKlass com/google/firebase/rules/runtime/impl/functions/GreaterThan$GreaterThanAnyConstraint
instanceKlass com/google/firebase/rules/runtime/impl/functions/GreaterThan$GreaterThanConstraintAny
instanceKlass com/google/firebase/rules/runtime/impl/functions/GreaterThan$GreaterThanObject
instanceKlass com/google/firebase/rules/runtime/impl/functions/NotEquals$NotEqualsObject
instanceKlass com/google/firebase/rules/runtime/impl/functions/Equals$EqualsObject
instanceKlass com/google/firebase/rules/runtime/impl/functions/Modulus$ModulusNumber
instanceKlass com/google/firebase/rules/runtime/impl/functions/Modulus$ModulusInt
instanceKlass com/google/firebase/rules/runtime/impl/functions/Divide$DivideNumber
instanceKlass com/google/firebase/rules/runtime/impl/functions/Divide$DivideInt
instanceKlass com/google/firebase/rules/runtime/impl/functions/Multiply$MultiplyNumber
instanceKlass com/google/firebase/rules/runtime/impl/functions/Multiply$MultiplyInt
instanceKlass com/google/firebase/rules/runtime/impl/functions/Negate$NegateDuration
instanceKlass com/google/firebase/rules/runtime/impl/functions/Negate$NegateFloat
instanceKlass com/google/firebase/rules/runtime/impl/functions/Negate$NegateInt
instanceKlass com/google/firebase/rules/runtime/impl/functions/Minus$MinusTimestamp
instanceKlass com/google/firebase/rules/runtime/impl/functions/Minus$MinusTimestampDuration
instanceKlass com/google/firebase/rules/runtime/impl/functions/Minus$MinusDuration
instanceKlass com/google/firebase/rules/runtime/impl/functions/Minus$MinusNumber
instanceKlass com/google/firebase/rules/runtime/impl/functions/Minus$MinusInt
instanceKlass com/google/firebase/rules/runtime/utils/FunctionGuard$FunctionExpectationTransform
instanceKlass  @bci com/google/cloud/datastore/core/auth/rules/AsyncReadHandlers$AccessCollectorDecorator asyncExists (Lcom/google/cloud/datastore/core/rep/EntityRef;)Lcom/google/cloud/datastore/computation/Remainder; 29 <appendix> form vmentry <vmtarget> ; # java/lang/invoke/LambdaForm$DMH+0x000000003f498000
instanceKlass  @bci sun/reflect/annotation/AnnotationParser parseEnumArray (ILjava/lang/Class;Ljava/nio/ByteBuffer;Ljdk/internal/reflect/ConstantPool;Ljava/lang/Class;)Ljava/lang/Object; 16 <appendix> member <vmtarget> ; # sun/reflect/annotation/AnnotationParser$$Lambda+0x000000003f2d6280
instanceKlass com/google/firebase/rules/runtime/utils/FunctionExpects
instanceKlass com/google/firebase/rules/runtime/common/AsyncRuntimeFunction
instanceKlass com/google/firebase/rules/runtime/utils/FunctionGuard
instanceKlass com/google/firebase/rules/runtime/utils/InvocationGuard
instanceKlass com/google/firebase/rules/runtime/impl/functions/Add$AddTimestampToDuration
instanceKlass com/google/firebase/rules/runtime/impl/functions/Add$AddDurationToTimestamp
instanceKlass com/google/firebase/rules/runtime/impl/functions/Add$AddDuration
instanceKlass com/google/firebase/rules/runtime/impl/functions/Add$ConcatString
instanceKlass com/google/firebase/rules/runtime/impl/functions/Add$AddNumber
instanceKlass com/google/firebase/rules/runtime/impl/functions/Add$AddInt
instanceKlass com/google/firebase/rules/runtime/utils/OverloadedRuntimeFunction
instanceKlass com/google/firebase/rules/runtime/common/BuiltinFunction
instanceKlass com/google/firebase/rules/runtime/common/RuntimeFunction
instanceKlass com/google/firebase/rules/runtime/common/TypedFunction
instanceKlass com/google/common/hash/Platform
instanceKlass com/google/common/hash/Hashing$Md5Holder
instanceKlass com/google/firebase/rules/runtime/impl/functions/GlobalFunctions
instanceKlass com/google/firebase/rules/runtime/impl/BuiltinFunctions$Builder
instanceKlass com/google/firebase/rules/runtime/common/TypeProvider
instanceKlass com/google/firebase/rules/runtime/common/BaseFunction
instanceKlass com/google/firebase/rules/runtime/impl/BuiltinFunctions
instanceKlass com/google/firebase/rules/runtime/common/BuiltinFunctionProvider
instanceKlass com/google/firebase/rules/runtime/common/FunctionProvider
instanceKlass  @bci com/google/firebase/rules/lang/semantic/scope/functions/GlobalFunctionTypes getFunctionDescriptors (Ljava/lang/String;)Lcom/google/common/collect/ImmutableSet; 13 <appendix> member <vmtarget> ; # com/google/firebase/rules/lang/semantic/scope/functions/GlobalFunctionTypes$$Lambda+0x000000003f4923c8
instanceKlass com/google/firebase/rules/lang/semantic/type/DelegateFunctionResolver
instanceKlass com/google/firebase/rules/lang/semantic/scope/functions/FunctionOverrides
instanceKlass  @bci com/google/firebase/rules/lang/semantic/scope/functions/StackMachineFunctionTypes <clinit> ()V 158 <appendix> member <vmtarget> ; # com/google/firebase/rules/lang/semantic/scope/functions/StackMachineFunctionTypes$$Lambda+0x000000003f4917e0
instanceKlass  @bci com/google/common/collect/CollectCollectors toImmutableSetMultimap (Ljava/util/function/Function;Ljava/util/function/Function;)Ljava/util/stream/Collector; 31 <appendix> argL0 ; # com/google/common/collect/CollectCollectors$$Lambda+0x000000003f491598
instanceKlass  @bci com/google/common/collect/CollectCollectors toImmutableSetMultimap (Ljava/util/function/Function;Ljava/util/function/Function;)Ljava/util/stream/Collector; 26 <appendix> argL0 ; # com/google/common/collect/CollectCollectors$$Lambda+0x000000003f491348
instanceKlass  @bci com/google/common/collect/CollectCollectors toImmutableSetMultimap (Ljava/util/function/Function;Ljava/util/function/Function;)Ljava/util/stream/Collector; 21 <appendix> member <vmtarget> ; # com/google/common/collect/CollectCollectors$$Lambda+0x000000003f491108
instanceKlass  @bci com/google/common/collect/CollectCollectors toImmutableSetMultimap (Ljava/util/function/Function;Ljava/util/function/Function;)Ljava/util/stream/Collector; 14 <appendix> argL0 ; # com/google/common/collect/CollectCollectors$$Lambda+0x000000003f490ee0
instanceKlass  @bci com/google/firebase/rules/lang/semantic/scope/functions/StackMachineFunctionTypes <clinit> ()V 137 <appendix> argL0 ; # com/google/firebase/rules/lang/semantic/scope/functions/StackMachineFunctionTypes$$Lambda+0x000000003f48f2f0
instanceKlass  @bci com/google/firebase/rules/lang/semantic/scope/functions/StackMachineFunctionTypes <clinit> ()V 132 <appendix> argL0 ; # com/google/firebase/rules/lang/semantic/scope/functions/StackMachineFunctionTypes$$Lambda+0x000000003f48f0a8
instanceKlass java/lang/invoke/MethodHandleImpl$CountingWrapper$1
instanceKlass com/google/firebase/rules/lang/semantic/scope/functions/StackMachineFunctionTypes
instanceKlass com/google/firebase/rules/lang/semantic/scope/functions/GlobalFunctionTypes
instanceKlass com/google/firebase/rules/lang/semantic/scope/functions/FunctionDescriptorProvider
instanceKlass com/google/firebase/rules/lang/semantic/scope/fields/CompositeFieldResolver
instanceKlass com/google/common/collect/Tables$AbstractCell
instanceKlass com/google/common/collect/RowSortedTable
instanceKlass com/google/common/collect/Table$Cell
instanceKlass com/google/common/collect/Tables
instanceKlass com/google/common/collect/StandardTable$CellIterator
instanceKlass com/google/common/collect/ImmutableTable$Builder
instanceKlass  @bci com/google/firebase/rules/lang/semantic/scope/FunctionMethodResolver processFunctionsAtThisScope (Ljava/util/List;)V 182 <appendix> member <vmtarget> ; # com/google/firebase/rules/lang/semantic/scope/FunctionMethodResolver$$Lambda+0x000000003f488a98
instanceKlass java/util/Spliterators$IteratorSpliterator
instanceKlass com/google/common/collect/AbstractMapBasedMultimap$AsMap$AsMapIterator
instanceKlass com/google/common/collect/AbstractMapBasedMultimap$WrappedCollection$WrappedIterator
instanceKlass  @bci com/google/firebase/rules/lang/semantic/scope/FunctionMethodResolver childFunctions (Ljava/util/List;Lcom/google/firebase/rules/runtime/v1/Function;)Lcom/google/common/collect/ImmutableSet; 15 <appendix> member <vmtarget> ; # com/google/firebase/rules/lang/semantic/scope/FunctionMethodResolver$$Lambda+0x000000003f486a58
instanceKlass com/google/protobuf/DescriptorProtos$SymbolVisibility$1
instanceKlass com/google/firebase/rules/runtime/v1/RulesetAstProtoInternalDescriptors
instanceKlass  @bci com/google/firebase/rules/lang/semantic/scope/FunctionMethodResolver processFunctionsAtThisScope (Ljava/util/List;)V 20 <appendix> argL0 ; # com/google/firebase/rules/lang/semantic/scope/FunctionMethodResolver$$Lambda+0x000000003f485d28
instanceKlass java/util/Spliterators$EmptySpliterator
instanceKlass com/google/common/collect/SetMultimap
instanceKlass com/google/firebase/rules/lang/semantic/scope/TransitiveConnectivityGraph
instanceKlass  @bci com/google/firebase/rules/lang/semantic/scope/FunctionMethodResolver processFunctionsAtThisScope (Ljava/util/List;)V 5 <appendix> member <vmtarget> ; # com/google/firebase/rules/lang/semantic/scope/FunctionMethodResolver$$Lambda+0x000000003f4837c8
instanceKlass  @bci com/google/firebase/rules/lang/semantic/scope/FunctionMethodResolver$DecoratedHashTable compute (Ljava/lang/Object;Ljava/lang/Object;Lcom/google/firebase/rules/lang/semantic/scope/FunctionMethodResolver$TriFunction;)V 12 <appendix> member <vmtarget> ; # com/google/firebase/rules/lang/semantic/scope/FunctionMethodResolver$DecoratedHashTable$$Lambda+0x000000003f483588
instanceKlass  @bci com/google/firebase/rules/lang/semantic/scope/FunctionMethodResolver addCallNamesToProcess (Lcom/google/common/collect/ImmutableSet;Ljava/lang/String;Lcom/google/common/collect/ImmutableSet;)V 36 <appendix> member <vmtarget> ; # com/google/firebase/rules/lang/semantic/scope/FunctionMethodResolver$$Lambda+0x000000003f483358
instanceKlass com/google/firebase/rules/lang/semantic/scope/FunctionMethodResolver$TriFunction
instanceKlass com/google/firebase/rules/lang/common/CallExpressionUtils
instanceKlass com/google/firebase/rules/utils/AbstractAstVisitor$1
instanceKlass  @bci com/google/firebase/rules/lang/semantic/scope/CallExpressionCollector collect (Lcom/google/firebase/rules/runtime/v1/Expression;)Lcom/google/common/collect/ImmutableSet; 14 <appendix> member <vmtarget> ; # com/google/firebase/rules/lang/semantic/scope/CallExpressionCollector$$Lambda+0x000000003f4821f0
instanceKlass com/google/firebase/rules/utils/AbstractAstVisitor
instanceKlass  @bci com/google/firebase/rules/lang/semantic/scope/FunctionMethodResolver visitPermission (Lcom/google/firebase/rules/runtime/v1/Permission;Ljava/lang/String;)V 37 <appendix> argL0 ; # com/google/firebase/rules/lang/semantic/scope/FunctionMethodResolver$$Lambda+0x000000003f481ab0
instanceKlass  @bci com/google/firebase/rules/lang/semantic/scope/FunctionMethodResolver visitPermission (Lcom/google/firebase/rules/runtime/v1/Permission;Ljava/lang/String;)V 27 <appendix> argL0 ; # com/google/firebase/rules/lang/semantic/scope/FunctionMethodResolver$$Lambda+0x000000003f481858
instanceKlass  @bci com/google/firebase/rules/lang/semantic/scope/FunctionMethodResolver visitPermission (Lcom/google/firebase/rules/runtime/v1/Permission;Ljava/lang/String;)V 17 <appendix> argL0 ; # com/google/firebase/rules/lang/semantic/scope/FunctionMethodResolver$$Lambda+0x000000003f481610
instanceKlass com/google/firebase/rules/lang/semantic/scope/FunctionMethodResolver$DecoratedHashTable
instanceKlass com/google/firebase/rules/lang/semantic/scope/FunctionMethodResolver
instanceKlass com/google/firebase/rules/lang/semantic/validators/TypeCheck
instanceKlass com/google/firebase/rules/lang/semantic/DefaultSemanticValidator$1
instanceKlass com/google/firebase/rules/lang/semantic/validators/ShadowedField
instanceKlass com/google/firebase/rules/lang/semantic/validators/ServiceFunctionRulesetScope
instanceKlass com/google/firebase/rules/lang/semantic/validators/LatestVersionValidator
instanceKlass com/google/firebase/rules/lang/semantic/validators/MethodName
instanceKlass com/google/firebase/rules/lang/semantic/validators/DeadCode
instanceKlass com/google/firebase/rules/lang/semantic/validators/ServiceName
instanceKlass com/google/firebase/rules/lang/semantic/validators/MaxLetBindings
instanceKlass com/google/firebase/rules/lang/semantic/validators/MaxCaptures
instanceKlass com/google/firebase/rules/lang/semantic/validators/PathLength
instanceKlass com/google/firebase/rules/lang/semantic/validators/FunctionArity
instanceKlass com/google/firebase/rules/lang/semantic/validators/GlobMatchRuleWithChildGlobMatchRule
instanceKlass com/google/firebase/rules/lang/semantic/validators/RegexCheck
instanceKlass com/google/firebase/rules/lang/semantic/validators/LetBindingsInRulesV1
instanceKlass com/google/firebase/rules/lang/semantic/validators/RepeatedServiceDefinition
instanceKlass com/google/firebase/rules/lang/semantic/validators/GlobMatchRuleWithChild
instanceKlass com/google/firebase/rules/lang/semantic/validators/MatchRuleMaxDepth
instanceKlass com/google/firebase/rules/lang/semantic/validators/CycleDetectorAndDepth$1
instanceKlass org/jgrapht/alg/cycle/DirectedSimpleCycles
instanceKlass org/jgrapht/Graph
instanceKlass com/google/firebase/rules/lang/semantic/validators/CycleDetectorAndDepth
instanceKlass com/google/firebase/rules/lang/semantic/validators/VariableRedefinition
instanceKlass com/google/firebase/rules/lang/semantic/validators/FunctionRedefinition
instanceKlass com/google/firebase/rules/lang/semantic/scope/fields/PartnerServiceFieldTypes
instanceKlass com/google/firebase/rules/lang/semantic/scope/functions/PartnerServiceFunctionTypes
instanceKlass com/google/firebase/rules/lang/semantic/type/FunctionResolver
instanceKlass com/google/firebase/rules/lang/semantic/type/FieldResolver
instanceKlass com/google/firebase/rules/lang/semantic/scope/ScopeBuilder
instanceKlass  @bci com/google/firebase/rules/partners/services/Services loadDescriptors (Lcom/google/common/collect/ImmutableList;)Lcom/google/common/collect/ImmutableMap; 9 <appendix> argL0 ; # com/google/firebase/rules/partners/services/Services$$Lambda+0x000000003f479298
# instanceKlass java/lang/invoke/LambdaForm$MH+0x000000003f47e800
instanceKlass  @bci com/google/cloud/datastore/core/rep/Condition$PropertyValueCondition equals (Ljava/lang/Object;)Z 2 <appendix> form vmentry <vmtarget> ; # java/lang/invoke/LambdaForm$MH+0x000000003f47e400
instanceKlass  @bci com/google/cloud/datastore/core/rep/Condition$PropertyValueCondition equals (Ljava/lang/Object;)Z 2 <appendix> argL1 form vmentry <vmtarget> ; # java/lang/invoke/LambdaForm$MH+0x000000003f47e000
# instanceKlass java/lang/invoke/LambdaForm$MH+0x000000003f47dc00
# instanceKlass java/lang/invoke/LambdaForm$MH+0x000000003f47d800
# instanceKlass java/lang/invoke/LambdaForm$MH+0x000000003f47d000
instanceKlass  @bci com/google/firebase/rules/runtime/common/ExecutionContext hashCode ()I 1 <appendix> form vmentry <vmtarget> ; # java/lang/invoke/LambdaForm$MH+0x000000003f47cc00
instanceKlass  @bci com/google/firebase/rules/runtime/common/ExecutionContext hashCode ()I 1 <appendix> argL2 argL2 argL2 form vmentry <vmtarget> ; # java/lang/invoke/LambdaForm$MH+0x000000003f47c000
instanceKlass  @bci java/lang/runtime/ObjectMethods bootstrap (Ljava/lang/invoke/MethodHandles$Lookup;Ljava/lang/String;Ljava/lang/invoke/TypeDescriptor;Ljava/lang/Class;Ljava/lang/String;[Ljava/lang/invoke/MethodHandle;)Ljava/lang/Object; 37 <appendix> argL0 ; # java/lang/runtime/ObjectMethods$$Lambda+0x800000015
instanceKlass java/lang/invoke/DirectMethodHandle$1
instanceKlass java/lang/runtime/ObjectMethods
instanceKlass  @bci com/google/firebase/rules/lang/type/FunctionDescriptor fromProto (Lcom/google/firebase/rules/lang/DescriptorsProto$FunctionDescriptor;)Lcom/google/firebase/rules/lang/type/FunctionDescriptor; 19 <appendix> argL0 ; # com/google/firebase/rules/lang/type/FunctionDescriptor$$Lambda+0x000000003f479050
instanceKlass java/util/AbstractList$RandomAccessSpliterator
instanceKlass com/google/firebase/rules/lang/type/FunctionDescriptor$Builder
instanceKlass  @bci com/google/firebase/rules/lang/type/PermissionDescriptor fromProto (Lcom/google/firebase/rules/lang/DescriptorsProto$PermissionDescriptor;)Lcom/google/firebase/rules/lang/type/PermissionDescriptor; 55 <appendix> argL0 ; # com/google/firebase/rules/lang/type/PermissionDescriptor$$Lambda+0x000000003f478990
instanceKlass com/google/firebase/rules/runtime/v1/ExpressionValueOrBuilder
instanceKlass  @bci com/google/firebase/rules/lang/type/ExpectedExpressionKind <init> (Ljava/lang/String;ILcom/google/firebase/rules/lang/type/TypeName;)V 46 <appendix> member <vmtarget> ; # com/google/firebase/rules/lang/type/ExpectedExpressionKind$$Lambda+0x000000003f473c58
instanceKlass  @bci com/google/firebase/rules/lang/type/ExpectedExpressionKind <init> (Ljava/lang/String;ILcom/google/firebase/rules/lang/type/TypeName;)V 14 <appendix> member <vmtarget> ; # com/google/firebase/rules/lang/type/ExpectedExpressionKind$$Lambda+0x000000003f4739f8
instanceKlass  @bci com/google/firebase/rules/lang/type/ExpectedExpressionKind <init> (Ljava/lang/String;I)V 46 <appendix> member <vmtarget> ; # com/google/firebase/rules/lang/type/ExpectedExpressionKind$$Lambda+0x000000003f4730e0
instanceKlass  @bci com/google/firebase/rules/lang/type/ExpectedExpressionKind <init> (Ljava/lang/String;I)V 14 <appendix> member <vmtarget> ; # com/google/firebase/rules/lang/type/ExpectedExpressionKind$$Lambda+0x000000003f472e80
instanceKlass  @cpi com/google/firebase/rules/lang/semantic/scope/functions/UserDefinedFunctionTypes$UserDefinedFunctionResolver 359 form vmentry <vmtarget> ; # java/lang/invoke/LambdaForm$DMH+0x000000003f471400
instanceKlass  @bci com/google/firebase/rules/lang/type/PermissionDescriptor fromProto (Lcom/google/firebase/rules/lang/DescriptorsProto$PermissionDescriptor;)Lcom/google/firebase/rules/lang/type/PermissionDescriptor; 22 <appendix> argL0 ; # com/google/firebase/rules/lang/type/PermissionDescriptor$$Lambda+0x000000003f475a00
instanceKlass com/google/firebase/rules/lang/type/FieldDescriptor$Builder
instanceKlass com/google/firebase/rules/lang/type/PermissionDescriptor$Builder
instanceKlass  @bci com/google/firebase/rules/lang/type/ServiceDescriptor fromProto (Lcom/google/firebase/rules/lang/DescriptorsProto$ServiceDescriptor;)Lcom/google/firebase/rules/lang/type/ServiceDescriptor; 19 <appendix> argL0 ; # com/google/firebase/rules/lang/type/ServiceDescriptor$$Lambda+0x000000003f474ce0
instanceKlass com/google/firebase/rules/lang/type/ServiceDescriptor$Builder
instanceKlass com/google/firebase/rules/lang/type/Method
# instanceKlass java/lang/invoke/LambdaForm$MH+0x000000003f471000
instanceKlass  @bci com/google/protobuf/GeneratedMessage$FieldAccessorTable$RepeatedFieldAccessor$MethodHandleInvoker addRepeated (Lcom/google/protobuf/GeneratedMessage$Builder;Ljava/lang/Object;)V 6 <adapter> ; # java/lang/invoke/LambdaForm$MH+0x000000003f470400
# instanceKlass java/lang/invoke/LambdaForm$MH+0x000000003f470000
instanceKlass com/google/firebase/rules/lang/DescriptorsProto$FunctionDescriptorOrBuilder
instanceKlass com/google/firebase/rules/lang/DescriptorsProto$FieldDescriptorOrBuilder
instanceKlass com/google/protobuf/GeneratedMessage$FieldAccessorTable$RepeatedFieldAccessor$MethodHandleInvoker
instanceKlass com/google/protobuf/GeneratedMessage$FieldAccessorTable$RepeatedFieldAccessor$ReflectionInvoker
instanceKlass com/google/protobuf/GeneratedMessage$FieldAccessorTable$RepeatedFieldAccessor$MethodInvoker
instanceKlass com/google/protobuf/TextFormat$1
instanceKlass com/google/firebase/rules/lang/DescriptorsProtoInternalDescriptors
instanceKlass com/google/protobuf/MessageReflection$BuilderAdapter
instanceKlass com/google/protobuf/TextFormat$Tokenizer
instanceKlass com/google/protobuf/Java8Compatibility
instanceKlass com/google/firebase/rules/lang/DescriptorsProto$PermissionDescriptorOrBuilder
instanceKlass com/google/firebase/rules/lang/DescriptorsProto$ServiceDescriptorOrBuilder
instanceKlass com/google/firebase/rules/lang/type/ServiceDescriptorFileHelper
instanceKlass com/google/firebase/rules/partners/generator/PartnerService
instanceKlass  @bci com/google/firebase/rules/partners/services/ServiceRegistry registeredServiceNames ()Lcom/google/common/collect/ImmutableList; 6 <appendix> argL0 ; # com/google/firebase/rules/partners/services/ServiceRegistry$$Lambda+0x000000003f4673c0
instanceKlass com/google/firebase/rules/partners/services/firestore/CloudFirestoreService
instanceKlass com/google/firebase/rules/partners/services/firebasestorage/FirebaseStorageService
instanceKlass com/google/firebase/rules/partners/services/ServiceRegistry
instanceKlass com/google/firebase/rules/partners/services/Services$ServicesContainer
instanceKlass com/google/firebase/rules/partners/services/Services
instanceKlass com/google/firebase/rules/lang/semantic/DefaultSemanticValidator
instanceKlass com/google/firebase/rules/lang/semantic/validators/SemanticValidator
instanceKlass  @bci com/google/firebase/rules/lang/FirebaseRulesProtoCompiler compile (Lcom/google/firebase/rules/v1/SourceOrBuilder;)Lcom/google/firebase/rules/lang/CompileResult; 234 <appendix> argL0 ; # com/google/firebase/rules/lang/FirebaseRulesProtoCompiler$$Lambda+0x000000003f4662a8
instanceKlass  @bci com/google/firebase/rules/lang/FirebaseRulesProtoCompiler compile (Lcom/google/firebase/rules/v1/SourceOrBuilder;)Lcom/google/firebase/rules/lang/CompileResult; 51 <appendix> member <vmtarget> ; # com/google/firebase/rules/lang/FirebaseRulesProtoCompiler$$Lambda+0x000000003f466068
instanceKlass com/google/common/base/Suppliers$MemoizingSupplier
instanceKlass com/google/common/base/Suppliers$NonSerializableMemoizingSupplier
instanceKlass  @bci com/google/firebase/rules/lang/CompileResult <init> (Lcom/google/firebase/rules/runtime/v1/RulesetAst;Ljava/util/List;Lcom/google/firebase/rules/lang/CompileResult$ParserStrategy;Lcom/google/common/collect/ImmutableList;)V 52 <appendix> member <vmtarget> ; # com/google/firebase/rules/lang/CompileResult$$Lambda+0x000000003f465978
instanceKlass com/google/firebase/rules/lang/CompileResult$PolicyAndMetadata
instanceKlass com/google/firebase/rules/lang/common/CompilationIssueUtils
instanceKlass com/google/firebase/rules/lang/common/FunctionTemplate$MethodCallFunctionTemplate
instanceKlass com/google/common/collect/Lists$ReverseList$1
instanceKlass  @bci com/google/firebase/rules/lang/ModuleQualifier isAlias (Ljava/lang/String;)Z 9 <appendix> argL0 ; # com/google/firebase/rules/lang/ModuleQualifier$$Lambda+0x000000003f45e838
instanceKlass com/google/firebase/rules/runtime/v1/ListExpressionOrBuilder
instanceKlass com/google/firebase/rules/runtime/v1/CallExpressionOrBuilder
instanceKlass com/google/firebase/rules/runtime/v1/BindingExpressionOrBuilder
instanceKlass com/google/firebase/rules/runtime/v1/MemberOrBuilder
instanceKlass com/google/firebase/rules/runtime/v1/MapExpressionOrBuilder
instanceKlass  @bci com/google/common/escape/Escaper <init> ()V 6 <appendix> member <vmtarget> ; # com/google/common/escape/Escaper$$Lambda+0x000000003f45abf0
instanceKlass com/google/common/escape/Escaper
instanceKlass com/google/firebase/rules/lang/common/UrlEncoder
instanceKlass com/google/firebase/rules/runtime/v1/ExpressionOrBuilder
instanceKlass com/google/firebase/rules/lang/FirebaseRulesProtoAstGenerator$1
instanceKlass com/google/firebase/rules/runtime/v1/Path$PathSegmentOrBuilder
instanceKlass com/google/firebase/rules/runtime/v1/PermissionOrBuilder
instanceKlass com/google/firebase/rules/runtime/v1/PathOrBuilder
instanceKlass com/google/firebase/rules/v1/SourcePositionOrBuilder
instanceKlass com/google/firebase/rules/runtime/v1/MatchRuleOrBuilder
instanceKlass com/google/firebase/rules/runtime/v1/IdentifierOrBuilder
instanceKlass com/google/firebase/rules/runtime/v1/RulesetAst$Version$1
instanceKlass com/google/re2j/Machine$Queue
instanceKlass com/google/re2j/Machine$Thread
instanceKlass com/google/re2j/Machine
instanceKlass com/google/re2j/MachineInput
instanceKlass com/google/re2j/MatcherInput
instanceKlass com/google/re2j/Matcher
instanceKlass com/google/api/tools/expr/parser/StringDecoder$DecodeBuffer
instanceKlass com/google/api/tools/expr/parser/StringDecoder
instanceKlass com/google/firebase/rules/runtime/v1/ServiceRuleOrBuilder
instanceKlass com/google/firebase/rules/runtime/v1/FunctionOrBuilder
instanceKlass com/google/firebase/rules/runtime/v1/RulesetAstOrBuilder
instanceKlass org/antlr/v4/runtime/dfa/DFAState$PredPrediction
instanceKlass org/antlr/v4/runtime/misc/FlexibleHashMap$Entry
instanceKlass org/antlr/v4/runtime/misc/FlexibleHashMap
instanceKlass org/antlr/v4/runtime/misc/DoubleKeyMap
instanceKlass org/antlr/v4/runtime/tree/TerminalNodeImpl
instanceKlass org/antlr/v4/runtime/atn/LexerIndexedCustomAction
instanceKlass org/antlr/v4/runtime/atn/LexerActionExecutor
instanceKlass org/antlr/v4/runtime/CommonToken
instanceKlass org/antlr/v4/runtime/WritableToken
instanceKlass org/antlr/v4/runtime/misc/MurmurHash
instanceKlass com/google/firebase/rules/lang/ModuleQualifier
instanceKlass com/google/common/collect/Sets
instanceKlass com/google/firebase/rules/runtime/v1/Literal$NullValue$1
instanceKlass com/google/firebase/rules/runtime/v1/LiteralOrBuilder
instanceKlass com/google/firebase/rules/lang/common/FunctionTemplate
instanceKlass com/google/firebase/rules/lang/FirebaseRulesProtoAstGenerator
instanceKlass  @bci com/google/firebase/rules/lang/FirebaseRulesProtoCompiler$CompilerInstance compileNoErrorRecovery (Lorg/antlr/v4/runtime/atn/PredictionMode;)Lcom/google/firebase/rules/lang/CompileResult; 7 <appendix> argL0 ; # com/google/firebase/rules/lang/FirebaseRulesProtoCompiler$CompilerInstance$$Lambda+0x000000003f442798
instanceKlass java/util/Collections$2
instanceKlass org/antlr/v4/runtime/atn/ParserATNSimulator$1
instanceKlass org/antlr/v4/runtime/atn/SemanticContext
instanceKlass org/antlr/v4/runtime/DefaultErrorStrategy
instanceKlass org/antlr/v4/runtime/tree/ErrorNode
instanceKlass org/antlr/v4/runtime/tree/TerminalNode
instanceKlass org/antlr/v4/runtime/RuleContext
instanceKlass org/antlr/v4/runtime/tree/RuleNode
instanceKlass org/antlr/v4/runtime/tree/ParseTreeListener
instanceKlass org/antlr/v4/runtime/BufferedTokenStream
instanceKlass org/antlr/v4/runtime/atn/LexerATNSimulator$SimState
instanceKlass org/antlr/v4/runtime/misc/AbstractEqualityComparator
instanceKlass org/antlr/v4/runtime/misc/EqualityComparator
instanceKlass org/antlr/v4/runtime/misc/Array2DHashSet
instanceKlass org/antlr/v4/runtime/dfa/DFAState
instanceKlass org/antlr/v4/runtime/atn/ATNConfigSet
instanceKlass org/antlr/v4/runtime/atn/ATNConfig
instanceKlass org/antlr/v4/runtime/misc/IntegerList
instanceKlass org/antlr/v4/runtime/Token
instanceKlass org/antlr/v4/runtime/CommonTokenFactory
instanceKlass org/antlr/v4/runtime/TokenFactory
instanceKlass org/antlr/v4/runtime/BaseErrorListener
instanceKlass org/antlr/v4/runtime/dfa/DFASerializer
instanceKlass org/antlr/v4/runtime/dfa/DFA
instanceKlass org/antlr/v4/runtime/atn/LexerPopModeAction
instanceKlass org/antlr/v4/runtime/atn/LexerChannelAction
instanceKlass org/antlr/v4/runtime/atn/LexerPushModeAction
instanceKlass org/antlr/v4/runtime/atn/ATNDeserializer$1
instanceKlass org/antlr/v4/runtime/misc/Interval
instanceKlass org/antlr/v4/runtime/misc/IntervalSet
instanceKlass org/antlr/v4/runtime/misc/Pair
instanceKlass org/antlr/v4/runtime/misc/IntSet
instanceKlass org/antlr/v4/runtime/atn/ATN
instanceKlass org/antlr/v4/runtime/atn/ATNDeserializationOptions
instanceKlass org/antlr/v4/runtime/atn/LexerAction
instanceKlass org/antlr/v4/runtime/atn/ATNState
instanceKlass org/antlr/v4/runtime/atn/Transition
instanceKlass org/antlr/v4/runtime/atn/ATNDeserializer
instanceKlass org/antlr/v4/runtime/VocabularyImpl
instanceKlass org/antlr/v4/runtime/atn/PredictionContext
instanceKlass org/antlr/v4/runtime/atn/PredictionContextCache
instanceKlass org/antlr/v4/runtime/RuntimeMetaData
instanceKlass org/antlr/v4/runtime/Vocabulary
instanceKlass org/antlr/v4/runtime/atn/ATNSimulator
instanceKlass org/antlr/v4/runtime/Recognizer
instanceKlass org/antlr/v4/runtime/CodePointCharStream$1
instanceKlass org/antlr/v4/runtime/CodePointCharStream
instanceKlass org/antlr/v4/runtime/CodePointBuffer$Builder
instanceKlass org/antlr/v4/runtime/CodePointBuffer
instanceKlass org/antlr/v4/runtime/CharStream
instanceKlass org/antlr/v4/runtime/CharStreams
instanceKlass org/antlr/v4/runtime/tree/ParseTree
instanceKlass org/antlr/v4/runtime/tree/SyntaxTree
instanceKlass org/antlr/v4/runtime/tree/Tree
instanceKlass com/google/firebase/rules/lang/FirebaseRulesIssueListener
instanceKlass org/antlr/v4/runtime/ANTLRErrorStrategy
instanceKlass org/antlr/v4/runtime/ANTLRErrorListener
instanceKlass org/antlr/v4/runtime/TokenStream
instanceKlass org/antlr/v4/runtime/IntStream
instanceKlass org/antlr/v4/runtime/TokenSource
instanceKlass com/google/firebase/rules/lang/FirebaseRulesProtoCompiler$CompilerInstance
instanceKlass com/google/firebase/rules/lang/SourcePositionFactory
instanceKlass com/google/common/collect/NullnessCasts
instanceKlass  @bci com/google/common/collect/Streams mapWithIndex (Ljava/util/stream/Stream;Lcom/google/common/collect/Streams$FunctionWithIndex;)Ljava/util/stream/Stream; 111 <appendix> member <vmtarget> ; # com/google/common/collect/Streams$$Lambda+0x000000003f4152e8
instanceKlass  @cpi com/google/cloud/datastore/computation/Computation 929 form vmentry <vmtarget> ; # java/lang/invoke/LambdaForm$DMH+0x000000003f414800
instanceKlass com/google/common/collect/Streams$MapWithIndexSpliterator
instanceKlass com/google/common/collect/Streams
instanceKlass  @bci com/google/firebase/rules/lang/FirebaseRulesProtoCompiler compile (Lcom/google/firebase/rules/v1/SourceOrBuilder;)Lcom/google/firebase/rules/lang/CompileResult; 27 <appendix> member <vmtarget> ; # com/google/firebase/rules/lang/FirebaseRulesProtoCompiler$$Lambda+0x000000003f417628
instanceKlass  @cpi com/google/firebase/rules/lang/FirebaseRulesProtoCompiler 482 form vmentry <vmtarget> ; # java/lang/invoke/LambdaForm$DMH+0x000000003f414400
instanceKlass com/google/firebase/rules/lang/CompileResult
instanceKlass com/google/common/collect/Streams$FunctionWithIndex
instanceKlass com/google/firebase/rules/metrics/CompilerMetrics$1
instanceKlass com/google/firebase/rules/metrics/CompilerMetrics
instanceKlass com/google/i18n/Localizable
instanceKlass com/google/i18n/MessageReference
instanceKlass com/google/firebase/rules/lang/FirebaseRulesProtoCompiler
instanceKlass com/google/firebase/rules/lang/common/FirebaseRulesLangOptions$Builder
instanceKlass com/google/cloud/datastore/emulator/impl/rules/EmulatorRulesAuthorizer
instanceKlass com/google/cloud/datastore/emulator/impl/rules/EmulatorRulesCompiler
instanceKlass  @bci java/util/Comparator comparing (Ljava/util/function/Function;Ljava/util/Comparator;)Ljava/util/Comparator; 12 <appendix> member <vmtarget> ; # java/util/Comparator$$Lambda+0x000000003f2d3fb0
instanceKlass java/lang/classfile/constantpool/IntegerEntry
instanceKlass sun/invoke/util/BytecodeDescriptor
instanceKlass java/lang/invoke/InnerClassLambdaMetafactory$4
instanceKlass java/lang/invoke/InnerClassLambdaMetafactory$SerializationSupport
instanceKlass  @cpi com/google/cloud/datastore/emulator/impl/queries/FirestoreEmulatorQueryExecutor 551 form vmentry <vmtarget> ; # java/lang/invoke/LambdaForm$DMH+0x000000003f414000
instanceKlass  @bci com/google/cloud/datastore/emulator/impl/transactions/ReactiveLockManager <clinit> ()V 5 <appendix> argL0 ; # com/google/cloud/datastore/emulator/impl/transactions/ReactiveLockManager$$Lambda+0x000000003f413198
instanceKlass  @bci com/google/cloud/datastore/emulator/impl/transactions/ReactiveLockManager <clinit> ()V 0 <appendix> argL0 ; # com/google/cloud/datastore/emulator/impl/transactions/ReactiveLockManager$$Lambda+0x000000003f412f50
instanceKlass com/google/cloud/datastore/emulator/impl/transactions/Resource
instanceKlass com/google/cloud/datastore/emulator/impl/transactions/OwnerRequest
instanceKlass com/google/cloud/datastore/emulator/impl/transactions/ReactiveLockManager
instanceKlass com/google/cloud/datastore/emulator/impl/storage/LocalEntityStore$ReadWriteView
instanceKlass com/google/cloud/datastore/emulator/impl/storage/LocalEntityStore$ReadView
instanceKlass com/google/cloud/datastore/emulator/impl/transactions/EmulatorTransactionManager
instanceKlass com/google/cloud/datastore/core/rep/validator/ValidationUtils
instanceKlass com/google/cloud/datastore/core/rep/validator/BaseDatastoreValidator
instanceKlass com/google/cloud/datastore/emulator/impl/validators/CloudFirestoreEmulatorInternalValidator
instanceKlass com/google/cloud/datastore/core/firestorev1/validator/FirestoreV1ServiceValidator
instanceKlass com/google/cloud/datastore/emulator/impl/transactions/EmulatorTransactionManager$EmulatorTransaction
instanceKlass com/google/common/context/NonThrowingAutoCloseable
instanceKlass com/google/cloud/datastore/emulator/impl/storage/LocalEntityStore
instanceKlass com/google/cloud/datastore/emulator/impl/transactions/LockManager
instanceKlass com/google/cloud/datastore/emulator/impl/transactions/StateManager
instanceKlass com/google/cloud/datastore/emulator/impl/transactions/StateChecker
instanceKlass com/google/cloud/datastore/emulator/impl/firestore/CloudFirestoreV1
instanceKlass com/google/cloud/datastore/emulator/impl/watch/FirestoreSyncManager
instanceKlass com/google/cloud/datastore/emulator/impl/firestore/CloudFirestoreV1Router$DatabaseBackend
instanceKlass com/google/io/protocol/ProtocolMessageEnum
instanceKlass com/google/cloud/datastore/core/names/projectids/ProjectIds$ParsedAppId
instanceKlass com/google/cloud/datastore/core/names/projectids/ProjectIds
instanceKlass com/google/cloud/datastore/core/rep/DatabaseRef$Builder
instanceKlass com/google/cloud/datastore/core/rep/DatabaseRef
instanceKlass com/google/cloud/datastore/emulator/impl/util/WrappedStreamObserver
instanceKlass  @bci com/google/cloud/datastore/emulator/firestore/EmulatorAuxiliaryGrpcAdapter$1 createEventarcTrigger (Lcom/google/firestore/emulator/v1/CreateEventarcTriggerRequest;Lio/grpc/stub/StreamObserver;)V 3 <appendix> member <vmtarget> ; # com/google/cloud/datastore/emulator/firestore/EmulatorAuxiliaryGrpcAdapter$1$$Lambda+0x000000003f40b328
instanceKlass com/google/cloud/datastore/emulator/firestore/EmulatorAuxiliaryGrpcAdapter$UnaryRpc
instanceKlass io/grpc/internal/MessageDeframer$SingleMessageProducer
instanceKlass io/grpc/Detachable
instanceKlass io/grpc/HasByteBuffer
instanceKlass io/grpc/internal/ReadableBuffers
instanceKlass  @bci io/grpc/census/CensusTracingModule recordAnnotation (Lio/opencensus/trace/Span;Lio/opencensus/trace/MessageEvent$Type;IZJ)V 83 <adapter> ; # java/lang/invoke/LambdaForm$MH+0x000000003f40d400
instanceKlass  @bci io/grpc/census/CensusTracingModule recordAnnotation (Lio/opencensus/trace/Span;Lio/opencensus/trace/MessageEvent$Type;IZJ)V 83 <appendix> form vmentry <vmtarget> ; # java/lang/invoke/LambdaForm$MH+0x000000003f40d000
instanceKlass  @bci io/grpc/census/CensusTracingModule recordAnnotation (Lio/opencensus/trace/Span;Lio/opencensus/trace/MessageEvent$Type;IZJ)V 83 <appendix> form names 6 function resolvedHandle form vmentry <vmtarget> ; # java/lang/invoke/LambdaForm$DMH+0x000000003f40c800
instanceKlass  @bci io/grpc/census/CensusTracingModule recordAnnotation (Lio/opencensus/trace/Span;Lio/opencensus/trace/MessageEvent$Type;IZJ)V 83 <appendix> argL0 form vmentry <vmtarget> ; # java/lang/invoke/LambdaForm$DMH+0x000000003f40c400
instanceKlass io/grpc/internal/ServerImpl$ServerTransportListenerImpl$1HandleServerCall$1ServerStreamCancellationListener
instanceKlass io/grpc/Context$ExecutableListener
instanceKlass io/grpc/internal/ServerCallImpl$ServerStreamListenerImpl$1
instanceKlass io/grpc/internal/ServerCallImpl$ServerStreamListenerImpl
instanceKlass io/grpc/netty/NettyServerStream$TransportState$1
instanceKlass io/grpc/Contexts
instanceKlass com/google/common/util/concurrent/AbstractFuture$Failure
instanceKlass com/google/common/util/concurrent/Platform
instanceKlass com/google/common/util/concurrent/Uninterruptibles
instanceKlass com/google/common/util/concurrent/AbstractFuture$DelegatingToFuture
instanceKlass com/google/common/util/concurrent/GwtFuturesCatchingSpecialization
instanceKlass com/google/common/util/concurrent/AbstractFuture$Cancellation
instanceKlass io/grpc/internal/ServerImpl$ServerTransportListenerImpl$ServerCallParameters
instanceKlass com/google/common/util/concurrent/AbstractFuture$Listener
instanceKlass com/google/common/util/concurrent/AbstractFutureState$Waiter
instanceKlass com/google/common/base/XplatMonitor
instanceKlass com/google/common/util/concurrent/LazyLogger
instanceKlass com/google/common/util/concurrent/AbstractFutureState$AtomicHelper
instanceKlass com/google/common/util/concurrent/internal/InternalFutureFailureAccess
instanceKlass com/google/common/util/concurrent/AbstractFuture$Trusted
instanceKlass io/grpc/internal/ServerImpl$JumpToApplicationThreadServerStreamListener
instanceKlass io/grpc/InternalServer
instanceKlass io/grpc/PersistentHashArrayMappedTrie$CompressedIndex
instanceKlass io/grpc/PersistentHashArrayMappedTrie$Leaf
instanceKlass io/opencensus/tags/unsafe/ContextUtils
instanceKlass io/grpc/netty/NettyServerStream$Sink
instanceKlass io/grpc/internal/AbstractServerStream$Sink
instanceKlass io/netty/handler/codec/http2/DefaultHttp2ConnectionDecoder$1
instanceKlass io/grpc/internal/RetriableStream$Sublistener$5
instanceKlass io/netty/handler/codec/http2/HpackDecoder$1
instanceKlass io/grpc/internal/InternalSubchannel$7
instanceKlass io/netty/handler/codec/http2/HpackDecoder$Http2HeadersSink
instanceKlass io/netty/handler/codec/http2/DefaultHttp2FrameReader$HeadersBlockBuilder
instanceKlass io/netty/util/internal/RecyclableArrayList$1
instanceKlass io/netty/handler/codec/http2/Http2ConnectionHandler$6
instanceKlass  @bci java/util/ArrayDeque copyElements (Ljava/util/Collection;)V 2 <appendix> member <vmtarget> ; # java/util/ArrayDeque$$Lambda+0x000000003f2d2f78
instanceKlass io/netty/channel/DelegatingChannelPromiseNotifier
instanceKlass io/netty/channel/AbstractCoalescingBufferQueue
instanceKlass io/netty/handler/codec/http2/DefaultHttp2ConnectionEncoder$FlowControlledBase
instanceKlass io/netty/handler/codec/http2/DefaultHttp2ConnectionEncoder$2
instanceKlass io/grpc/netty/NettyClientHandler$5
instanceKlass io/netty/handler/codec/http2/DefaultHttp2ConnectionEncoder$1
instanceKlass io/netty/handler/codec/http2/HpackEncoder$1
instanceKlass io/netty/handler/codec/http2/HpackStaticTable$HeaderIndex
instanceKlass io/netty/handler/codec/http2/HpackStaticTable$HeaderNameIndex
instanceKlass io/netty/handler/codec/http2/HpackStaticTable
instanceKlass io/grpc/netty/GrpcHttp2OutboundHeaders$Itr
instanceKlass io/netty/handler/codec/http2/DefaultHttp2Connection$2
instanceKlass  @bci io/grpc/netty/NettyServerStream$Sink writeFrame (Lio/grpc/internal/WritableBuffer;ZI)V 51 <appendix> form vmentry <vmtarget> ; # java/lang/invoke/LambdaForm$DMH+0x000000003f3fc400
instanceKlass  @bci io/grpc/netty/NettyClientStream$Sink writeFrameInternal (Lio/grpc/internal/WritableBuffer;ZZI)V 61 <appendix> member <vmtarget> ; # io/grpc/netty/NettyClientStream$Sink$$Lambda+0x000000003f3f88b0
instanceKlass  @cpi io/grpc/netty/NettyServerStream$Sink 202 form vmentry <vmtarget> ; # java/lang/invoke/LambdaForm$DMH+0x000000003f3fc000
instanceKlass io/opencensus/trace/MessageEvent$Builder
instanceKlass io/netty/handler/codec/http2/DefaultHttp2LocalFlowController$WindowUpdateVisitor
instanceKlass io/grpc/netty/NettyWritableBuffer
instanceKlass com/google/firestore/emulator/v1/EventarcTrigger$Document$MatchType$1
instanceKlass io/grpc/internal/AbstractStream$TransportState$1RequestRunnable
instanceKlass io/grpc/internal/ThreadOptimizedDeframer
instanceKlass io/grpc/InternalEquivalentAddressGroup
instanceKlass io/grpc/internal/DelayedStream$4
instanceKlass io/grpc/netty/NettyClientStream$Sink$1
instanceKlass io/grpc/internal/TransportFrameUtil
instanceKlass io/grpc/internal/ForwardingClientStreamListener
instanceKlass io/grpc/internal/ForwardingClientStream
instanceKlass io/grpc/netty/NettyClientStream$Sink
instanceKlass io/grpc/internal/MessageFramer
instanceKlass io/grpc/internal/WritableBuffer
instanceKlass io/grpc/netty/NettyWritableBufferAllocator
instanceKlass io/grpc/internal/CompositeReadableBuffer$4
instanceKlass io/grpc/internal/CompositeReadableBuffer$3
instanceKlass io/grpc/internal/CompositeReadableBuffer$2
instanceKlass io/grpc/internal/CompositeReadableBuffer$1
instanceKlass io/grpc/internal/CompositeReadableBuffer$NoThrowReadOperation
instanceKlass io/grpc/internal/CompositeReadableBuffer$ReadOperation
instanceKlass io/grpc/internal/AbstractReadableBuffer
instanceKlass io/grpc/internal/StreamListener$MessageProducer
instanceKlass io/grpc/internal/MessageDeframer
instanceKlass io/grpc/internal/Http2ClientStreamTransportState$1
instanceKlass io/grpc/internal/ReadableBuffer
instanceKlass io/grpc/internal/Deframer
instanceKlass io/grpc/InternalMethodDescriptor
instanceKlass io/grpc/internal/AbstractClientStream$Sink
instanceKlass io/grpc/internal/WritableBufferAllocator
instanceKlass io/grpc/internal/Framer
instanceKlass io/grpc/internal/AbstractStream
instanceKlass io/grpc/internal/MessageFramer$Sink
instanceKlass io/grpc/internal/StatsTraceContext
instanceKlass io/grpc/internal/InternalSubchannel$TransportListener$1
instanceKlass io/netty/handler/codec/http2/DefaultHttp2RemoteFlowController$WritabilityMonitor$1
instanceKlass io/netty/handler/codec/http2/DefaultHttp2ConnectionDecoder$FrameReadListener
instanceKlass io/netty/handler/codec/http2/Http2InboundFrameLogger$1
instanceKlass io/grpc/netty/NettyServer$1$1LoopReleaser
instanceKlass io/grpc/internal/KeepAliveManager$2
instanceKlass io/grpc/internal/KeepAliveManager$1
instanceKlass io/grpc/internal/LogExceptionRunnable
instanceKlass io/grpc/netty/NettyServerHandler$KeepAlivePinger
instanceKlass io/grpc/internal/KeepAliveManager
instanceKlass io/grpc/netty/NettyServerHandler$8
instanceKlass io/grpc/netty/NettyServerTransport$1TerminationNotifier
instanceKlass io/grpc/netty/AbstractNettyHandler$AllowPingLimiter
instanceKlass io/grpc/netty/Http2ControlFrameLimitEncoder$1
instanceKlass io/grpc/netty/NettyServerHandler$RstStreamCounter
instanceKlass io/grpc/internal/KeepAliveEnforcer$SystemTicker
instanceKlass io/grpc/internal/KeepAliveEnforcer$Ticker
instanceKlass io/grpc/internal/KeepAliveEnforcer
instanceKlass io/grpc/internal/ServerStream
instanceKlass io/grpc/internal/ServerImpl$ServerTransportListenerImpl$1TransportShutdownNow
instanceKlass io/grpc/ServerStreamTracer$ServerCallInfo
instanceKlass io/grpc/internal/ServerImpl$ServerTransportListenerImpl
instanceKlass io/grpc/netty/NettyServerTransport
instanceKlass io/netty/bootstrap/Bootstrap$3
instanceKlass io/netty/resolver/AddressResolverGroup$1
instanceKlass io/netty/resolver/AbstractAddressResolver
instanceKlass io/netty/resolver/AddressResolver
instanceKlass io/netty/resolver/SimpleNameResolver
instanceKlass io/netty/resolver/NameResolver
instanceKlass io/netty/resolver/AddressResolverGroup
instanceKlass io/netty/bootstrap/Bootstrap$ExternalAddressResolver
instanceKlass io/grpc/InternalTcpMetrics
instanceKlass io/gapi/emulators/netty/TcpProxyHandler$1
instanceKlass io/netty/buffer/DefaultByteBufHolder
instanceKlass io/netty/util/internal/PromiseNotificationUtil
instanceKlass sun/nio/ch/NativeObject
instanceKlass sun/nio/ch/IOVecWrapper
instanceKlass io/netty/channel/socket/ChannelInputShutdownEvent
instanceKlass io/netty/handler/codec/http2/Http2ConnectionPrefaceAndSettingsFrameWrittenEvent
instanceKlass io/netty/util/collection/CharObjectHashMap$PrimitiveIterator
instanceKlass io/netty/util/collection/CharObjectMap$PrimitiveEntry
instanceKlass io/netty/handler/codec/http2/Http2Flags
instanceKlass io/netty/util/internal/logging/AbstractInternalLogger$1
instanceKlass io/netty/channel/ChannelOutboundBuffer$Entry$1
instanceKlass io/grpc/InternalChannelz$Security
instanceKlass java/util/IdentityHashMap$EntryIterator$Entry
instanceKlass  @bci io/grpc/netty/ProtocolNegotiators$PlaintextHandler protocolNegotiationEventTriggered (Lio/netty/channel/ChannelHandlerContext;)V 15 <appendix> argL0 ; # io/grpc/netty/ProtocolNegotiators$PlaintextHandler$$Lambda+0x000000003f3e3b30
instanceKlass io/grpc/internal/AuthorityVerifier
instanceKlass io/grpc/Grpc
instanceKlass io/grpc/netty/WriteBufferingAndExceptionHandler$1ConnectListener
instanceKlass io/netty/channel/nio/AbstractNioChannel$AbstractNioUnsafe$2
instanceKlass io/netty/channel/nio/AbstractNioChannel$AbstractNioUnsafe$1
instanceKlass io/netty/util/internal/SocketUtils$3
instanceKlass io/grpc/netty/WriteBufferingAndExceptionHandler$ChannelWrite
instanceKlass io/grpc/internal/DnsNameResolver$Resolve$1
instanceKlass io/netty/channel/AbstractChannelHandlerContext$9
instanceKlass io/grpc/netty/WriteQueue$AbstractQueuedCommand
instanceKlass io/grpc/netty/NettyClientTransport$5
instanceKlass io/netty/channel/AbstractChannelHandlerContext$WriteTask$1
instanceKlass io/netty/channel/AbstractChannelHandlerContext$WriteTask
instanceKlass io/grpc/netty/WriteQueue$1
instanceKlass io/grpc/netty/ProtocolNegotiationEvent
instanceKlass io/grpc/netty/WriteQueue
instanceKlass io/netty/handler/codec/http2/Http2FrameAdapter
instanceKlass java/text/AttributedCharacterIterator$Attribute
instanceKlass java/text/FieldPosition
instanceKlass java/text/StringBufFactory$StringBuilderImpl
instanceKlass java/text/Format$StringBuf
instanceKlass java/text/StringBufFactory
instanceKlass java/text/Format
instanceKlass io/grpc/netty/TcpMetrics
instanceKlass io/grpc/internal/GrpcAttributes
instanceKlass io/grpc/netty/AbstractNettyHandler$FlowControlPinger
instanceKlass io/netty/util/collection/CharObjectHashMap$1
instanceKlass io/netty/util/collection/CharObjectHashMap
instanceKlass io/netty/util/collection/CharObjectMap
instanceKlass io/grpc/netty/Utils$FlowControlReader
instanceKlass io/netty/handler/codec/http2/DefaultHttp2ConnectionDecoder$PrefaceFrameListener
instanceKlass io/netty/handler/codec/http2/Http2PromisedRequestVerifier$1
instanceKlass io/netty/handler/codec/http2/Http2PromisedRequestVerifier
instanceKlass io/netty/handler/codec/http2/DefaultHttp2ConnectionDecoder
instanceKlass io/netty/handler/codec/http2/DefaultHttp2LocalFlowController$2
instanceKlass io/netty/handler/codec/http2/DefaultHttp2LocalFlowController$DefaultState
instanceKlass io/netty/handler/codec/http2/DefaultHttp2LocalFlowController$FlowState
instanceKlass io/netty/handler/codec/http2/DefaultHttp2LocalFlowController
instanceKlass io/netty/handler/codec/http2/Http2LocalFlowController
instanceKlass io/netty/handler/codec/http2/Http2RemoteFlowController$FlowControlled
instanceKlass io/netty/handler/codec/http2/DefaultHttp2ConnectionEncoder
instanceKlass io/netty/handler/codec/http2/Http2SettingsReceivedConsumer
instanceKlass io/netty/handler/codec/http2/DecoratingHttp2FrameWriter
instanceKlass io/netty/handler/codec/http2/Http2OutboundFrameLogger
instanceKlass io/netty/handler/codec/http2/Http2InboundFrameLogger
instanceKlass io/netty/handler/codec/http2/DefaultHttp2RemoteFlowController$FlowState
instanceKlass io/netty/handler/codec/http2/StreamByteDistributor$StreamState
instanceKlass io/netty/handler/codec/http2/DefaultHttp2RemoteFlowController$WritabilityMonitor
instanceKlass io/netty/handler/codec/http2/StreamByteDistributor$Writer
instanceKlass io/netty/handler/codec/http2/DefaultHttp2RemoteFlowController
instanceKlass io/netty/handler/codec/http2/Http2RemoteFlowController
instanceKlass io/netty/handler/codec/http2/Http2ConnectionAdapter
instanceKlass io/netty/handler/codec/http2/UniformStreamByteDistributor$State
instanceKlass io/netty/handler/codec/http2/DefaultHttp2Connection$DefaultPropertyKey
instanceKlass io/netty/handler/codec/http2/UniformStreamByteDistributor
instanceKlass io/netty/handler/codec/http2/DefaultHttp2Connection$DefaultEndpoint
instanceKlass io/netty/handler/codec/http2/DefaultHttp2Connection$ActiveStreams
instanceKlass io/netty/handler/codec/http2/DefaultHttp2Connection$DefaultStream$PropertyMap
instanceKlass io/netty/handler/codec/http2/DefaultHttp2Connection$DefaultStream
instanceKlass io/netty/handler/codec/http2/DefaultHttp2Connection$PropertyKeyRegistry
instanceKlass io/netty/util/collection/IntObjectHashMap$1
instanceKlass io/netty/util/collection/IntObjectHashMap
instanceKlass io/netty/handler/codec/http2/Http2Connection$PropertyKey
instanceKlass io/netty/handler/codec/http2/Http2Stream
instanceKlass io/netty/handler/codec/http2/Http2Connection$Endpoint
instanceKlass io/netty/util/collection/IntObjectMap
instanceKlass io/netty/handler/codec/http2/DefaultHttp2Connection
instanceKlass io/netty/handler/codec/http2/DefaultHttp2FrameWriter
instanceKlass io/netty/handler/codec/http2/Http2FrameWriter$Configuration
instanceKlass io/netty/handler/codec/http2/HpackEncoder$NameEntry
instanceKlass io/netty/handler/codec/http2/HpackHuffmanEncoder$EncodeProcessor
instanceKlass io/netty/handler/codec/http2/HpackHuffmanEncoder$EncodedLengthProcessor
instanceKlass io/netty/handler/codec/http2/HpackUtil
instanceKlass io/netty/handler/codec/http2/HpackHuffmanEncoder
instanceKlass io/netty/handler/codec/http2/HpackEncoder
instanceKlass io/netty/handler/codec/http2/Http2HeadersEncoder$2
instanceKlass io/netty/handler/codec/http2/Http2HeadersEncoder$1
instanceKlass io/netty/handler/codec/http2/Http2HeadersEncoder$SensitivityDetector
instanceKlass io/netty/handler/codec/http2/DefaultHttp2HeadersEncoder
instanceKlass io/netty/handler/codec/http2/Http2HeadersEncoder$Configuration
instanceKlass io/netty/handler/codec/http2/DefaultHttp2FrameReader$HeadersContinuation
instanceKlass io/netty/handler/codec/http2/DefaultHttp2FrameReader
instanceKlass io/netty/handler/codec/http2/Http2FrameReader$Configuration
instanceKlass io/netty/handler/codec/http2/Http2FrameSizePolicy
instanceKlass io/netty/handler/codec/http2/HpackHeaderField
instanceKlass io/netty/handler/codec/http2/HpackDynamicTable
instanceKlass io/netty/handler/codec/http2/HpackHuffmanDecoder
instanceKlass io/netty/handler/codec/http2/HpackDecoder
instanceKlass io/grpc/netty/AbstractHttp2Headers
instanceKlass io/netty/handler/codec/http2/DefaultHttp2HeadersDecoder
instanceKlass io/netty/handler/codec/http2/Http2HeadersDecoder$Configuration
instanceKlass io/netty/handler/codec/http2/ReadOnlyHttp2Headers
instanceKlass io/netty/handler/codec/http2/StreamByteDistributor
instanceKlass io/netty/handler/codec/http2/Http2Connection
instanceKlass io/netty/handler/codec/http2/Http2HeadersEncoder
instanceKlass io/netty/handler/codec/http2/Http2HeadersDecoder
instanceKlass io/netty/handler/codec/http2/Http2ConnectionDecoder
instanceKlass io/grpc/internal/TransportTracer$FlowControlReader
instanceKlass io/netty/handler/codec/http2/Http2FrameReader
instanceKlass io/netty/handler/codec/http2/Http2FlowController
instanceKlass io/netty/handler/codec/http2/Http2ConnectionEncoder
instanceKlass io/netty/handler/codec/http2/Http2FrameWriter
instanceKlass io/netty/handler/codec/http2/Http2DataWriter
instanceKlass io/netty/handler/codec/http2/Http2StreamVisitor
instanceKlass io/netty/handler/codec/http2/Http2Connection$Listener
instanceKlass io/netty/handler/codec/http2/Http2FrameListener
instanceKlass io/grpc/netty/AbstractNettyHandler$PingLimiter
instanceKlass io/netty/handler/codec/http2/Http2ConnectionHandler$BaseDecoder
instanceKlass io/grpc/netty/ClientTransportLifecycleManager
instanceKlass io/grpc/internal/InternalSubchannel$TransportListener
instanceKlass io/grpc/internal/CallCredentialsApplyingTransportFactory$CallCredentialsApplyingTransport$1
instanceKlass io/grpc/internal/AbstractStream$TransportState
instanceKlass io/grpc/internal/MessageDeframer$Listener
instanceKlass io/grpc/internal/ApplicationThreadDeframer$TransportExecutor
instanceKlass io/grpc/internal/ApplicationThreadDeframerListener$TransportExecutor
instanceKlass io/grpc/netty/StreamIdHolder
instanceKlass io/grpc/internal/DisconnectError
instanceKlass io/netty/handler/codec/http2/Http2LifecycleManager
instanceKlass io/grpc/internal/KeepAliveManager$KeepAlivePinger
instanceKlass io/grpc/netty/WriteQueue$QueuedCommand
instanceKlass io/grpc/netty/NettyClientTransport
instanceKlass io/grpc/internal/KeepAliveManager$ClientKeepAlivePinger$TransportWithDisconnectReason
instanceKlass io/grpc/netty/NettyChannelBuilder$NettyTransportFactory$1
instanceKlass io/grpc/internal/AtomicBackoff$State
instanceKlass io/grpc/CallCredentials$MetadataApplier
instanceKlass io/grpc/CallCredentials$RequestInfo
instanceKlass io/grpc/CallCredentials
instanceKlass io/grpc/internal/MetadataApplierImpl$MetadataApplierListener
instanceKlass io/grpc/internal/ForwardingConnectionClientTransport
instanceKlass io/grpc/internal/ClientTransportFactory$ClientTransportOptions$1
instanceKlass io/grpc/internal/ClientTransportFactory$ClientTransportOptions
instanceKlass io/grpc/internal/PickFirstLoadBalancer$2
instanceKlass  @bci io/grpc/internal/BackoffPolicyRetryScheduler reset ()V 12 <appendix> member <vmtarget> ; # io/grpc/internal/BackoffPolicyRetryScheduler$$Lambda+0x000000003f3c1278
instanceKlass io/grpc/internal/InternalSubchannel$2
instanceKlass io/grpc/LoadBalancer$PickResult
instanceKlass io/grpc/PartialMetricInstrument
instanceKlass com/google/common/collect/Lists
instanceKlass io/grpc/internal/SubchannelMetrics
instanceKlass io/grpc/internal/InternalSubchannel$Index
instanceKlass io/grpc/ConnectivityStateInfo
instanceKlass io/grpc/internal/InternalSubchannel
instanceKlass io/grpc/internal/TransportProvider
instanceKlass io/grpc/internal/PickFirstLoadBalancer$1
instanceKlass io/grpc/internal/ManagedChannelImpl$RealChannel$PendingCall$PendingCallRemoval
instanceKlass io/grpc/internal/DelayedStream$9
instanceKlass io/grpc/internal/RetriableStream$1HalfCloseEntry
instanceKlass io/grpc/internal/DelayedStream$7
instanceKlass io/grpc/internal/InternalSubchannel$Callback
instanceKlass io/grpc/internal/DelayedStream$6
instanceKlass io/grpc/LoadBalancer$CreateSubchannelArgs$Builder
instanceKlass io/grpc/internal/RetriableStream$1SendMessageEntry
instanceKlass io/grpc/LoadBalancer$CreateSubchannelArgs
instanceKlass io/grpc/internal/DelayedStream$10
instanceKlass io/grpc/internal/ServiceConfigUtil$PolicySelection
instanceKlass io/grpc/internal/RetriableStream$1RequestEntry
instanceKlass io/grpc/LoadBalancer$ResolvedAddresses$Builder
instanceKlass io/grpc/LoadBalancer$ResolvedAddresses
instanceKlass io/grpc/Attributes$Builder
instanceKlass io/grpc/internal/ManagedChannelImpl$RealChannel$PendingCall$1
instanceKlass io/grpc/internal/ContextRunnable
instanceKlass io/grpc/internal/DelayedStream$DelayedStreamListener
instanceKlass io/grpc/internal/RetriableStream$Sublistener
instanceKlass io/grpc/internal/DelayedStream$14
instanceKlass io/grpc/internal/DelayedStream$12
instanceKlass io/grpc/internal/DelayedStream
instanceKlass io/grpc/internal/PickDetailsConsumerImpl
instanceKlass io/opencensus/trace/AttributeValue
instanceKlass io/grpc/ClientStreamTracer$StreamInfo$Builder
instanceKlass io/grpc/ClientStreamTracer$StreamInfo
instanceKlass io/grpc/internal/RetriableStream$Substream
instanceKlass io/grpc/internal/RetriableStream$StartEntry
instanceKlass io/grpc/internal/ClientCallImpl$ClientStreamListenerImpl
# instanceKlass java/lang/invoke/LambdaForm$MH+0x000000003f3b8000
# instanceKlass java/lang/invoke/LambdaForm$DMH+0x000000003f3b3000
# instanceKlass java/lang/invoke/LambdaForm$MH+0x000000003f3b2c00
# instanceKlass java/lang/invoke/LambdaForm$DMH+0x000000003f3b2400
# instanceKlass java/lang/invoke/LambdaForm$DMH+0x000000003f3b2000
# instanceKlass java/lang/invoke/LambdaForm$DMH+0x000000003f3b1c00
instanceKlass io/grpc/internal/RetriableStream$1DecompressorRegistryEntry
instanceKlass io/grpc/internal/RetriableStream$1CompressorEntry
instanceKlass io/grpc/internal/RetriableStream$State
instanceKlass io/grpc/internal/InsightBuilder
instanceKlass io/grpc/internal/RetriableStream$1
instanceKlass io/grpc/internal/RetriableStream$BufferEntry
instanceKlass io/grpc/internal/RetriableStream
instanceKlass io/grpc/internal/ClientCallImpl$CancellationHandler
instanceKlass io/grpc/Context$CancellationListener
instanceKlass io/grpc/InternalDecompressorRegistry
instanceKlass io/grpc/internal/ManagedChannelServiceConfig$MethodInfo
instanceKlass io/perfmark/TaskCloseable
instanceKlass  @bci io/grpc/internal/DelayedClientCall internalStart (Lio/grpc/ClientCall$Listener;)V 17 <appendix> member <vmtarget> ; # io/grpc/internal/DelayedClientCall$$Lambda+0x000000003f3b4220
instanceKlass io/grpc/internal/SerializingExecutor$AtomicHelper
instanceKlass io/grpc/internal/SerializingExecutor
instanceKlass com/google/common/util/concurrent/ListeningScheduledExecutorService
instanceKlass com/google/common/util/concurrent/ListeningExecutorService
instanceKlass com/google/common/util/concurrent/MoreExecutors
instanceKlass  @bci io/perfmark/java7/SecretGenerator$MethodHandleGenerator getGeneration ()J 3 <adapter> ; # java/lang/invoke/LambdaForm$MH+0x000000003f3b1800
instanceKlass io/perfmark/impl/MarkHolder
instanceKlass io/perfmark/impl/MarkRecorder
# instanceKlass java/lang/invoke/LambdaForm$MH+0x000000003f3b1400
# instanceKlass java/lang/invoke/LambdaForm$MH+0x000000003f3b1000
# instanceKlass java/lang/invoke/LambdaForm$MH+0x000000003f3b0c00
# instanceKlass java/lang/invoke/LambdaForm$DMH+0x000000003f3b0800
# instanceKlass java/lang/invoke/LambdaForm$MH+0x000000003f3b0400
instanceKlass java/lang/invoke/MethodHandleImpl$2
# instanceKlass java/lang/invoke/LambdaForm$DMH+0x000000003f3b0000
instanceKlass io/perfmark/impl/Generator
instanceKlass io/perfmark/Link
instanceKlass io/perfmark/Tag
instanceKlass io/perfmark/Impl
instanceKlass io/perfmark/PerfMark
instanceKlass io/grpc/internal/DelayedClientCall$6
instanceKlass io/grpc/internal/ClientStreamListener
instanceKlass io/grpc/internal/DelayedClientCall$3
instanceKlass io/grpc/internal/DelayedClientCall$5
instanceKlass  @bci io/grpc/internal/DnsNameResolver$Resolve run ()V 124 <appendix> member <vmtarget> ; # io/grpc/internal/DnsNameResolver$Resolve$$Lambda+0x000000003f3ac740
instanceKlass io/grpc/stub/ClientResponseObserver
instanceKlass io/grpc/EquivalentAddressGroup
instanceKlass io/grpc/stub/CallStreamObserver
instanceKlass io/grpc/StatusOr
instanceKlass io/grpc/NameResolver$ResolutionResult$Builder
instanceKlass io/grpc/NameResolver$ResolutionResult
instanceKlass sun/net/spi/DefaultProxySelector$NonProxyInfo
instanceKlass io/grpc/internal/ManagedChannelImpl$RealChannel$4
instanceKlass java/net/Proxy
instanceKlass java/net/ProxySelector
instanceKlass io/grpc/internal/DnsNameResolver$Resolve
instanceKlass io/grpc/LoadBalancer$SubchannelStateListener
instanceKlass io/grpc/LoadBalancer$CreateSubchannelArgs$Key
instanceKlass io/grpc/LoadBalancer$Subchannel
instanceKlass io/grpc/ChannelCredentials
instanceKlass io/grpc/internal/ChannelLoggerImpl$1
instanceKlass io/grpc/internal/Rescheduler$FutureRunnable
instanceKlass io/grpc/internal/ManagedChannelImpl$RealChannel$2
instanceKlass io/opencensus/stats/View$1
instanceKlass io/opencensus/stats/View$Name
instanceKlass io/opencensus/common/TimeUtils
instanceKlass io/opencensus/stats/View
instanceKlass io/opencensus/common/Duration
instanceKlass io/opencensus/stats/BucketBoundaries
instanceKlass io/opencensus/stats/View$AggregationWindow
instanceKlass io/opencensus/stats/Aggregation
instanceKlass io/opencensus/contrib/grpc/metrics/RpcViewConstants
instanceKlass io/grpc/census/internal/ObservabilityCensusConstants
instanceKlass io/opencensus/trace/TraceOptions
instanceKlass io/opencensus/trace/SpanId
instanceKlass io/opencensus/trace/TraceId
instanceKlass io/opencensus/trace/Tracestate$Builder
instanceKlass io/opencensus/trace/Tracestate
instanceKlass io/opencensus/trace/SpanContext
instanceKlass io/opencensus/trace/BaseMessageEvent
instanceKlass io/grpc/PersistentHashArrayMappedTrie$Node
instanceKlass io/grpc/PersistentHashArrayMappedTrie
instanceKlass io/opencensus/trace/unsafe/ContextUtils
instanceKlass io/grpc/Context$Storage
instanceKlass io/grpc/Context$LazyStorage
instanceKlass io/opencensus/metrics/data/AttachmentValue
instanceKlass io/opencensus/tags/TagKey
instanceKlass io/opencensus/contrib/grpc/metrics/RpcMeasureConstants
instanceKlass io/opencensus/tags/TagMetadata
instanceKlass io/opencensus/tags/TagContextBuilder
instanceKlass io/opencensus/tags/TagValue
instanceKlass io/opencensus/internal/StringUtils
instanceKlass io/opencensus/stats/Measure
instanceKlass io/opencensus/tags/TagContext
instanceKlass  @bci jdk/internal/reflect/DirectMethodHandleAccessor invokeImpl (Ljava/lang/Object;[Ljava/lang/Object;)Ljava/lang/Object; 72 <adapter> ; # java/lang/invoke/LambdaForm$MH+0x000000003f3a0000
# instanceKlass java/lang/invoke/LambdaForm$MH+0x000000003f39dc00
instanceKlass io/grpc/stub/MetadataUtils$HeaderAttachingClientInterceptor
instanceKlass io/grpc/stub/MetadataUtils
instanceKlass io/netty/handler/codec/HeadersUtils$StringEntry
instanceKlass io/netty/handler/codec/DefaultHeaders$HeaderIterator
instanceKlass io/netty/handler/codec/HeadersUtils$StringEntryIterator
instanceKlass io/gapi/emulators/grpc/HttpAdapter$1
# instanceKlass java/lang/invoke/LambdaForm$MH+0x000000003f39cc00
# instanceKlass java/lang/invoke/LambdaForm$MH+0x000000003f39c400
instanceKlass io/gapi/emulators/grpc/JsonFormat$1
instanceKlass com/google/gson/internal/LinkedTreeMap$LinkedTreeMapIterator
instanceKlass com/google/gson/internal/LinkedTreeMap$Node
instanceKlass com/google/gson/internal/LinkedTreeMap$1
instanceKlass com/google/gson/internal/bind/JsonElementTypeAdapter$1
instanceKlass com/google/gson/stream/JsonWriter
instanceKlass com/google/gson/TypeAdapter
instanceKlass com/google/gson/internal/Streams
instanceKlass com/google/gson/JsonParser
instanceKlass com/google/gson/internal/JsonReaderInternalAccess
instanceKlass com/google/gson/stream/JsonReader
instanceKlass java/math/MathContext
instanceKlass jdk/internal/math/ToDecimal
instanceKlass java/util/concurrent/ForkJoinPool$DefaultForkJoinWorkerThreadFactory
instanceKlass java/util/concurrent/ForkJoinPool$1
instanceKlass jdk/internal/access/JavaUtilConcurrentFJPAccess
instanceKlass java/util/concurrent/ForkJoinPool$WorkQueue
instanceKlass java/util/concurrent/ForkJoinPool$ForkJoinWorkerThreadFactory
instanceKlass java/util/concurrent/ForkJoinTask$Aux
instanceKlass java/util/concurrent/ForkJoinTask
instanceKlass io/gapi/emulators/grpc/JsonFormat$ParserImpl$8
instanceKlass com/google/protobuf/ValueOrBuilder
instanceKlass io/gapi/emulators/grpc/JsonFormat$ParserImpl$7
instanceKlass com/google/protobuf/ListValueOrBuilder
instanceKlass io/gapi/emulators/grpc/JsonFormat$ParserImpl$6
instanceKlass com/google/protobuf/StructOrBuilder
instanceKlass io/gapi/emulators/grpc/JsonFormat$ParserImpl$5
instanceKlass com/google/protobuf/FieldMaskProtoInternalDescriptors
instanceKlass com/google/protobuf/FieldMaskOrBuilder
instanceKlass io/gapi/emulators/grpc/JsonFormat$ParserImpl$4
instanceKlass io/gapi/emulators/grpc/JsonFormat$ParserImpl$3
instanceKlass com/google/protobuf/DoubleValueOrBuilder
instanceKlass com/google/protobuf/FloatValueOrBuilder
instanceKlass com/google/protobuf/BytesValueOrBuilder
instanceKlass com/google/protobuf/StringValueOrBuilder
instanceKlass com/google/protobuf/UInt64ValueOrBuilder
instanceKlass com/google/protobuf/Int64ValueOrBuilder
instanceKlass com/google/protobuf/UInt32ValueOrBuilder
instanceKlass com/google/protobuf/Int32ValueOrBuilder
instanceKlass com/google/protobuf/BoolValueOrBuilder
instanceKlass io/gapi/emulators/grpc/JsonFormat$ParserImpl$2
instanceKlass io/gapi/emulators/grpc/JsonFormat$ParserImpl$1
instanceKlass io/gapi/emulators/grpc/JsonFormat$ParserImpl$WellKnownTypeParser
instanceKlass com/google/protobuf/AnyOrBuilder
instanceKlass io/gapi/emulators/grpc/JsonFormat$ParserImpl
# instanceKlass java/lang/invoke/LambdaForm$MH+0x000000003f388c00
instanceKlass  @cpi com/google/cloud/datastore/core/auth/rules/AsyncReadHandlers$AccessCollectorDecorator 251 form vmentry <vmtarget> ; # java/lang/invoke/LambdaForm$DMH+0x000000003f387c00
# instanceKlass java/lang/invoke/LambdaForm$MH+0x000000003f387800
instanceKlass java/lang/classfile/CodeBuilder$1
# instanceKlass java/lang/invoke/LambdaForm$MH+0x000000003f387000
instanceKlass java/lang/invoke/MethodHandleImpl$Makers$2
instanceKlass java/lang/invoke/MethodHandleImpl$Makers$1
instanceKlass java/lang/invoke/MethodHandleImpl$Makers
# instanceKlass java/lang/invoke/LambdaForm$MH+0x000000003f386c00
# instanceKlass java/lang/invoke/LambdaForm$MH+0x000000003f386800
# instanceKlass java/lang/invoke/LambdaForm$DMH+0x000000003f386000
instanceKlass  @cpi com/google/firebase/rules/runtime/impl/Program 333 form vmentry <vmtarget> ; # java/lang/invoke/LambdaForm$DMH+0x000000003f385c00
instanceKlass  @cpi com/google/cloud/datastore/computation/Computation 855 form vmentry <vmtarget> ; # java/lang/invoke/LambdaForm$DMH+0x000000003f385800
# instanceKlass java/lang/invoke/LambdaForm$MH+0x000000003f385000
instanceKlass com/google/protobuf/GeneratedMessage$FieldAccessorTable$MethodHandleConstants
instanceKlass com/google/protobuf/GeneratedMessage$FieldAccessorTable$RepeatedFieldAccessor
# instanceKlass java/lang/invoke/LambdaForm$MH+0x000000003f384c00
# instanceKlass java/lang/invoke/LambdaForm$MH+0x000000003f384800
# instanceKlass java/lang/invoke/LambdaForm$MH+0x000000003f384400
instanceKlass com/google/protobuf/GeneratedMessage$FieldAccessorTable$SingularFieldAccessor$MethodHandleInvoker
instanceKlass com/google/protobuf/GeneratedMessage$FieldAccessorTable$SingularFieldAccessor$ReflectionInvoker
instanceKlass com/google/protobuf/GeneratedMessage$FieldAccessorTable$SingularFieldAccessor$MethodInvoker
instanceKlass com/google/protobuf/GeneratedMessage$FieldAccessorTable$SingularFieldAccessor
instanceKlass io/gapi/emulators/grpc/HttpAdapter$UnaryMethodHandler$1
instanceKlass io/gapi/emulators/grpc/HttpAdapter$HandlerAndValues
instanceKlass java/net/URLDecoder
instanceKlass com/google/common/collect/Iterators$ConcatenatedIterator
instanceKlass com/google/common/collect/FluentIterable
instanceKlass com/google/common/base/Joiner$MapJoiner
instanceKlass com/google/common/collect/AbstractMapBasedMultiset$2
instanceKlass com/google/common/collect/Multisets$AbstractEntry
instanceKlass com/google/common/collect/Count
instanceKlass com/google/common/collect/SortedMultiset
instanceKlass com/google/common/collect/SortedMultisetBridge
instanceKlass com/google/common/collect/Multiset$Entry
instanceKlass com/google/common/collect/Multisets
instanceKlass com/google/common/collect/AbstractMapEntry
instanceKlass com/google/common/collect/TransformedIterator
instanceKlass  @bci com/google/common/collect/Maps asEntryToEntryFunction (Lcom/google/common/collect/Maps$EntryTransformer;)Lcom/google/common/base/Function; 6 <appendix> member <vmtarget> ; # com/google/common/collect/Maps$$Lambda+0x000000003f3775d8
instanceKlass  @bci com/google/common/collect/Maps transformValues (Ljava/util/Map;Lcom/google/common/base/Function;)Ljava/util/Map; 7 <appendix> member <vmtarget> ; # com/google/common/collect/Maps$$Lambda+0x000000003f376388
instanceKlass com/google/common/collect/Maps$EntryTransformer
instanceKlass  @bci com/google/common/net/MediaType parametersAsMap ()Ljava/util/Map; 7 <appendix> argL0 ; # com/google/common/net/MediaType$$Lambda+0x000000003f375f18
instanceKlass com/google/common/collect/ImmutableMultimap$Builder
instanceKlass com/google/common/collect/Multiset
instanceKlass com/google/common/collect/AbstractMultimap
instanceKlass com/google/common/collect/ListMultimap
instanceKlass com/google/common/net/MediaType
instanceKlass io/gapi/emulators/netty/HttpHandler$1
instanceKlass io/netty/buffer/PooledSlicedByteBuf$1
instanceKlass io/netty/util/ReferenceCountUtil
instanceKlass io/netty/buffer/CompositeByteBuf$Component
instanceKlass io/netty/buffer/CompositeByteBuf$2
instanceKlass io/netty/buffer/CompositeByteBuf$1
instanceKlass io/netty/buffer/CompositeByteBuf$ByteWrapper
instanceKlass io/netty/handler/codec/compression/Zstd
instanceKlass io/netty/handler/codec/DefaultHeaders$ValueIterator
instanceKlass io/netty/util/AsciiStringUtil
instanceKlass io/netty/handler/codec/HeadersUtils
instanceKlass io/netty/handler/codec/http/HttpMethod$EnumNameMap$Node
instanceKlass io/netty/handler/codec/http/HttpMethod$EnumNameMap
instanceKlass io/netty/handler/codec/http/HttpMethod
instanceKlass io/netty/util/internal/SWARUtil
instanceKlass io/netty/handler/codec/CodecOutputList$CodecOutputLists
instanceKlass io/netty/handler/codec/CodecOutputList$1
instanceKlass io/netty/handler/codec/CodecOutputList$CodecOutputListRecycler
instanceKlass io/netty/channel/AbstractChannelHandlerContext$Tasks$4
instanceKlass io/netty/channel/AbstractChannelHandlerContext$Tasks$3
instanceKlass io/netty/channel/AbstractChannelHandlerContext$Tasks$2
instanceKlass io/netty/channel/AbstractChannelHandlerContext$Tasks$1
instanceKlass io/netty/channel/AbstractChannelHandlerContext$7
instanceKlass io/netty/channel/DefaultChannelPipeline$6
instanceKlass io/netty/handler/codec/http2/Http2CodecUtil
instanceKlass  @bci sun/net/httpserver/ServerImpl$IdleTimeoutTask closeConnections (Ljava/util/Set;J)V 20 <adapter> ; # java/lang/invoke/LambdaForm$MH+0x000000003f36cc00
# instanceKlass java/lang/invoke/LambdaForm$DMH+0x000000003f36c800
instanceKlass  @bci sun/net/httpserver/ServerImpl$IdleTimeoutTask closeConnections (Ljava/util/Set;J)V 20 <appendix> form vmentry <vmtarget> ; # java/lang/invoke/LambdaForm$DMH+0x000000003f36c400
instanceKlass  @bci sun/net/httpserver/ServerImpl$IdleTimeoutTask closeConnections (Ljava/util/Set;J)V 20 <appendix> member <vmtarget> ; # sun/net/httpserver/ServerImpl$IdleTimeoutTask$$Lambda+0x000000003f3684c0
instanceKlass  @cpi sun/net/httpserver/ServerImpl$IdleTimeoutTask 149 form vmentry <vmtarget> ; # java/lang/invoke/LambdaForm$DMH+0x000000003f36c000
instanceKlass sun/net/httpserver/HttpConnection
instanceKlass  @bci sun/net/httpserver/ServerImpl$Dispatcher run ()V 175 <appendix> argL0 ; # sun/net/httpserver/ServerImpl$Dispatcher$$Lambda+0x000000003f368000
instanceKlass io/netty/channel/AbstractChannel$AbstractUnsafe$7
instanceKlass io/netty/buffer/PoolThreadCache$MemoryRegionCache$Entry
instanceKlass io/netty/buffer/PoolThreadCache$1
instanceKlass io/netty/buffer/LongLongHashMap
instanceKlass io/netty/buffer/IntPriorityQueue
instanceKlass io/netty/buffer/PoolChunk
instanceKlass io/netty/buffer/PoolChunkMetric
instanceKlass io/netty/util/internal/shaded/org/jctools/queues/MessagePassingQueueUtil
instanceKlass io/netty/util/Recycler$LocalPool
instanceKlass io/netty/util/internal/shaded/org/jctools/queues/MessagePassingQueue$Consumer
instanceKlass io/netty/buffer/PooledUnsafeDirectByteBuf$1
instanceKlass io/netty/buffer/PoolThreadCache$FreeOnFinalize
instanceKlass io/netty/util/Recycler$EnhancedHandle
instanceKlass io/netty/util/Recycler$Handle
instanceKlass io/netty/util/internal/ObjectPool$Handle
instanceKlass io/netty/util/Recycler
instanceKlass io/netty/util/internal/ObjectPool
instanceKlass io/netty/buffer/PoolThreadCache$MemoryRegionCache$1
instanceKlass io/netty/util/internal/ObjectPool$ObjectCreator
instanceKlass io/netty/buffer/PoolThreadCache$MemoryRegionCache
instanceKlass io/netty/handler/codec/http/HttpUtil
instanceKlass io/netty/handler/codec/http/HttpHeaderValidationUtil
instanceKlass io/netty/handler/codec/http/HttpHeaderNames
instanceKlass io/netty/handler/codec/DefaultHeaders$HeaderEntry
instanceKlass io/netty/handler/codec/CharSequenceValueConverter
instanceKlass io/netty/handler/codec/http/EmptyHttpHeaders$InstanceInitializer
instanceKlass io/netty/handler/codec/DefaultHeaders
instanceKlass io/netty/handler/codec/ValueConverter
instanceKlass io/netty/handler/codec/http/HttpResponseStatus
instanceKlass  @bci io/grpc/netty/NettyServerStream$Sink writeFrame (Lio/grpc/internal/WritableBuffer;ZI)V 51 <adapter> ; # java/lang/invoke/LambdaForm$MH+0x000000003f35cc00
instanceKlass  @bci io/netty/handler/codec/http/HttpVersion <init> (Ljava/lang/String;IIZZ)V 99 <appendix> form vmentry <vmtarget> ; # java/lang/invoke/LambdaForm$MH+0x000000003f35c800
instanceKlass  @bci io/netty/handler/codec/http/HttpVersion <init> (Ljava/lang/String;IIZZ)V 99 <appendix> form names 6 function resolvedHandle form vmentry <vmtarget> ; # java/lang/invoke/LambdaForm$DMH+0x000000003f35c400
instanceKlass  @bci java/util/regex/CharPredicates ASCII_DIGIT ()Ljava/util/regex/Pattern$BmpCharPredicate; 0 <appendix> argL0 ; # java/util/regex/CharPredicates$$Lambda+0x800000024
instanceKlass io/netty/handler/codec/http/HttpVersion
instanceKlass io/netty/handler/codec/http/LastHttpContent$1
instanceKlass io/netty/handler/codec/http/DefaultHttpObject
instanceKlass io/netty/handler/codec/http/HttpObjectAggregator$AggregatedFullHttpMessage
instanceKlass io/netty/handler/codec/http/HttpHeaderValues
instanceKlass io/netty/buffer/UnsafeByteBufUtil
instanceKlass io/netty/buffer/AbstractByteBufAllocator$1
instanceKlass io/netty/handler/codec/http/HttpObjectDecoder$HeaderParser
instanceKlass io/netty/util/ResourceLeakDetectorFactory
instanceKlass io/netty/buffer/UnpooledByteBufAllocator$UnpooledByteBufAllocatorMetric
instanceKlass io/netty/buffer/Unpooled
instanceKlass io/netty/handler/codec/DefaultHeaders$ValueValidator$1
instanceKlass io/netty/handler/codec/DefaultHeaders$NameValidator$1
instanceKlass io/netty/handler/codec/http/DefaultHttpHeadersFactory$3
instanceKlass io/netty/handler/codec/http/DefaultHttpHeadersFactory$2
instanceKlass io/netty/handler/codec/http/DefaultHttpHeadersFactory$1
instanceKlass io/netty/handler/codec/DefaultHeaders$ValueValidator
instanceKlass io/netty/handler/codec/DefaultHeaders$NameValidator
instanceKlass io/netty/handler/codec/http/DefaultHttpHeadersFactory
instanceKlass io/netty/handler/codec/http/HttpHeadersFactory
instanceKlass io/netty/handler/codec/http/HttpDecoderConfig
instanceKlass io/netty/handler/codec/http/HttpObjectDecoder$3
instanceKlass io/netty/handler/codec/http/HttpObjectDecoder$2
instanceKlass io/netty/handler/codec/http/HttpObjectDecoder$1
instanceKlass io/netty/handler/codec/ByteToMessageDecoder$2
instanceKlass io/netty/handler/codec/ByteToMessageDecoder$1
instanceKlass io/netty/handler/codec/DecoderResult
instanceKlass io/netty/handler/codec/ByteToMessageDecoder$Cumulator
instanceKlass io/netty/bootstrap/ServerBootstrap$ServerBootstrapAcceptor$2
instanceKlass sun/nio/ch/SocketChannelImpl$DefaultOptionsHolder
instanceKlass java/net/Socket
instanceKlass io/netty/channel/nio/AbstractNioByteChannel$1
instanceKlass io/netty/util/internal/SocketUtils$5
instanceKlass io/netty/channel/DefaultMaxMessagesRecvByteBufAllocator$MaxMessageHandle$1
instanceKlass io/netty/util/UncheckedBooleanSupplier
instanceKlass io/netty/util/BooleanSupplier
instanceKlass io/netty/channel/DefaultMaxMessagesRecvByteBufAllocator$MaxMessageHandle
instanceKlass io/netty/channel/RecvByteBufAllocator$ExtendedHandle
instanceKlass io/netty/util/concurrent/GenericProgressiveFutureListener
instanceKlass io/grpc/netty/NettyServer$3
instanceKlass io/netty/util/internal/SocketUtils$7
instanceKlass io/grpc/netty/NettyServer$ListenSocket
instanceKlass io/grpc/netty/NettyServer$2
instanceKlass io/grpc/internal/ServerTransport
instanceKlass io/grpc/netty/Utils$ByteBufAllocatorPreferDirectHolder
instanceKlass io/grpc/internal/ServerTransportListener
instanceKlass io/grpc/internal/ServerImpl$ServerListenerImpl
instanceKlass io/netty/channel/group/CombinedIterator
instanceKlass io/netty/channel/group/VoidChannelGroupFuture
instanceKlass io/netty/channel/group/DefaultChannelGroup$1
instanceKlass io/netty/channel/group/ChannelGroupFuture
instanceKlass io/netty/channel/group/ChannelGroup
instanceKlass io/grpc/netty/NettyServer
instanceKlass  @bci jdk/internal/reflect/DirectMethodHandleAccessor invokeImpl (Ljava/lang/Object;[Ljava/lang/Object;)Ljava/lang/Object; 92 <adapter> ; # java/lang/invoke/LambdaForm$MH+0x000000003f338800
instanceKlass io/grpc/internal/ServerImpl$NoopListener
instanceKlass io/grpc/Context$Key
instanceKlass io/grpc/Context
instanceKlass io/grpc/internal/ServerListener
instanceKlass io/grpc/internal/ServerStreamListener
instanceKlass io/grpc/internal/StreamListener
instanceKlass io/grpc/reflection/v1alpha/ServerReflectionGrpc$ServerReflectionBaseDescriptorSupplier
instanceKlass io/grpc/reflection/v1alpha/ListServiceResponseOrBuilder
instanceKlass io/grpc/reflection/v1alpha/ExtensionNumberResponseOrBuilder
instanceKlass io/grpc/reflection/v1alpha/FileDescriptorResponseOrBuilder
instanceKlass io/grpc/reflection/v1alpha/ErrorResponseOrBuilder
instanceKlass io/grpc/reflection/v1alpha/ServerReflectionResponseOrBuilder
instanceKlass io/grpc/reflection/v1alpha/ExtensionRequestOrBuilder
instanceKlass io/grpc/reflection/v1alpha/ServerReflectionRequestOrBuilder
instanceKlass io/grpc/reflection/v1alpha/ServerReflectionGrpc
instanceKlass io/grpc/reflection/v1/ServerReflectionGrpc$MethodHandlers
instanceKlass io/grpc/reflection/v1/ListServiceResponseOrBuilder
instanceKlass io/grpc/reflection/v1/ExtensionNumberResponseOrBuilder
instanceKlass io/grpc/reflection/v1/FileDescriptorResponseOrBuilder
instanceKlass io/grpc/reflection/v1/ErrorResponseOrBuilder
instanceKlass io/grpc/reflection/v1/ServerReflectionResponseOrBuilder
instanceKlass io/grpc/reflection/v1/ExtensionRequestOrBuilder
instanceKlass io/grpc/reflection/v1/ServerReflectionRequestOrBuilder
instanceKlass io/grpc/reflection/v1/ServerReflectionGrpc$ServerReflectionBaseDescriptorSupplier
instanceKlass io/grpc/reflection/v1/ServerReflectionGrpc
instanceKlass io/grpc/reflection/v1/ServerReflectionGrpc$ServerReflectionImplBase
instanceKlass io/grpc/reflection/v1/ServerReflectionGrpc$AsyncService
instanceKlass io/grpc/netty/ProtocolNegotiators$PlaintextProtocolNegotiatorServerFactory
instanceKlass io/grpc/internal/InternalHandlerRegistry$Builder
instanceKlass io/grpc/internal/InternalServer
instanceKlass io/grpc/netty/NettyServerBuilder$NettyClientTransportServersBuilder
instanceKlass io/grpc/Server
instanceKlass io/grpc/HandlerRegistry
instanceKlass io/grpc/Attributes
instanceKlass io/grpc/internal/ServerImplBuilder$ClientTransportServersBuilder
instanceKlass io/grpc/ServerBuilder
instanceKlass com/google/common/flogger/backend/google/ShutdownChecker
instanceKlass java/time/LocalTime$1
instanceKlass java/text/DateFormatSymbols
instanceKlass java/time/LocalDate$1
instanceKlass java/time/ZonedDateTime$1
instanceKlass java/util/Calendar
instanceKlass java/util/Formatter$DateTime
instanceKlass  @bci jdk/internal/module/SystemModuleFinders$SystemModuleReader open (Ljava/lang/String;)Ljava/util/Optional; 6 <appendix> member <vmtarget> ; # jdk/internal/module/SystemModuleFinders$SystemModuleReader$$Lambda+0x000000003f2cae90
instanceKlass jdk/internal/module/SystemModuleFinders
instanceKlass java/util/ResourceBundle$CacheKeyReference
instanceKlass java/util/ResourceBundle$CacheKey
instanceKlass java/util/logging/Level$RbAccess
instanceKlass java/time/ZonedDateTime
instanceKlass java/time/chrono/ChronoZonedDateTime
instanceKlass java/time/LocalTime
instanceKlass java/time/temporal/ValueRange
instanceKlass java/time/temporal/TemporalField
instanceKlass java/time/LocalDate
instanceKlass java/time/chrono/ChronoLocalDate
instanceKlass java/time/zone/ZoneOffsetTransition
instanceKlass java/time/LocalDateTime
instanceKlass java/time/chrono/ChronoLocalDateTime
instanceKlass java/time/zone/ZoneOffsetTransitionRule
instanceKlass java/time/zone/ZoneRules
instanceKlass java/time/zone/Ser
instanceKlass java/io/Externalizable
instanceKlass java/time/zone/ZoneRulesProvider
instanceKlass sun/util/calendar/ZoneInfoFile$ZoneOffsetTransitionRule
instanceKlass jdk/internal/util/ByteArray
instanceKlass sun/util/calendar/ZoneInfoFile
instanceKlass java/util/TimeZone
instanceKlass java/time/ZoneId
instanceKlass java/util/logging/LogManager$CloseOnReset
instanceKlass java/util/logging/ErrorManager
instanceKlass jdk/internal/logger/SimpleConsoleLogger$Formatting
instanceKlass sun/util/logging/PlatformLogger
instanceKlass  @bci java/util/logging/SimpleFormatter <init> ()V 5 <appendix> argL0 ; # java/util/logging/SimpleFormatter$$Lambda+0x000000003f2c5e88
instanceKlass com/google/common/flogger/backend/MessageUtils
instanceKlass com/google/common/flogger/backend/BaseMessageFormatter$1
instanceKlass  @bci com/google/api/client/http/HttpRequest execute ()Lcom/google/api/client/http/HttpResponse; 85 <appendix> form vmentry <vmtarget> ; # java/lang/invoke/LambdaForm$MH+0x000000003f330000
instanceKlass com/google/common/flogger/backend/FormatOptions
instanceKlass com/google/common/flogger/parser/MessageBuilder
instanceKlass com/google/common/flogger/parameter/ParameterVisitor
instanceKlass com/google/common/flogger/backend/google/SimpleCustomFormatter$FormatContext$2
instanceKlass com/google/common/flogger/backend/google/SimpleCustomFormatter$FormatContext$1
instanceKlass com/google/common/flogger/MetadataKey$KeyValueHandler
instanceKlass com/google/common/flogger/backend/google/SimpleCustomFormatter$FormatContext
instanceKlass com/google/common/flogger/backend/SimpleMessageFormatter
instanceKlass com/google/common/flogger/backend/MetadataProcessor
instanceKlass java/util/logging/Formatter
instanceKlass  @bci com/google/protobuf/ProtobufToStringOutput <clinit> ()V 0 <appendix> argL0 ; # com/google/protobuf/ProtobufToStringOutput$$Lambda+0x000000003f3288f8
instanceKlass com/google/protobuf/ProtobufToStringOutput
instanceKlass  @bci com/google/common/flogger/backend/google/GoogleLoggerBackend$BackendImpl log (Lcom/google/common/flogger/backend/LogData;)V 2 <appendix> member <vmtarget> ; # com/google/common/flogger/backend/google/GoogleLoggerBackend$BackendImpl$$Lambda+0x000000003f328268
instanceKlass com/google/common/flogger/util/RecursionDepth
instanceKlass com/google/common/flogger/context/Tags$LightweightTagMap$1
instanceKlass com/google/common/flogger/context/Tags$2
instanceKlass com/google/common/flogger/context/Tags$1
instanceKlass com/google/common/flogger/parameter/Parameter
instanceKlass com/google/common/flogger/backend/TemplateContext
instanceKlass com/google/common/flogger/LazyArg
instanceKlass com/google/common/flogger/LogSite
instanceKlass io/netty/channel/ChannelFutureListener$3
instanceKlass io/netty/channel/ChannelFutureListener$2
instanceKlass io/netty/channel/ChannelFutureListener$1
instanceKlass io/netty/channel/AbstractChannel$AbstractUnsafe$2
instanceKlass com/google/common/flogger/parser/MessageParser
instanceKlass com/google/common/flogger/LogSiteKey
instanceKlass com/google/common/flogger/backend/Metadata
instanceKlass com/google/common/flogger/LogContext
instanceKlass com/google/common/flogger/backend/LogData
instanceKlass io/netty/bootstrap/ServerBootstrap$ServerBootstrapAcceptor$1
instanceKlass io/netty/bootstrap/AbstractBootstrap$2
instanceKlass io/netty/bootstrap/ServerBootstrap$1$1
instanceKlass io/netty/bootstrap/AbstractBootstrap$1
instanceKlass io/netty/util/concurrent/FastThreadLocalRunnable
instanceKlass io/netty/util/internal/ThreadExecutorMap$2
instanceKlass io/netty/util/concurrent/SingleThreadEventExecutor$4
instanceKlass io/netty/util/internal/shaded/org/jctools/queues/LinkedArrayQueueUtil
instanceKlass io/netty/channel/AbstractChannel$AbstractUnsafe$1
instanceKlass io/netty/bootstrap/ChannelInitializerExtensions
instanceKlass io/netty/buffer/ByteBufUtil$2
instanceKlass io/netty/buffer/PooledByteBufAllocatorMetric
instanceKlass io/netty/buffer/PoolChunkList
instanceKlass io/netty/buffer/PoolChunkListMetric
instanceKlass io/netty/buffer/PoolSubpage
instanceKlass io/netty/buffer/PoolSubpageMetric
instanceKlass io/netty/buffer/PoolThreadCache
instanceKlass io/netty/buffer/SizeClasses
instanceKlass io/netty/buffer/PoolArena
instanceKlass io/netty/buffer/PoolArenaMetric
instanceKlass io/netty/buffer/SizeClassesMetric
instanceKlass io/netty/buffer/PooledByteBufAllocator$1
instanceKlass io/netty/buffer/ByteBufAllocatorMetric
instanceKlass io/netty/buffer/AbstractByteBufAllocator
instanceKlass io/netty/buffer/ByteBufAllocatorMetricProvider
instanceKlass io/netty/util/CharsetUtil
instanceKlass io/netty/buffer/ByteBuf
instanceKlass io/netty/buffer/ByteBufConvertible
instanceKlass io/netty/util/ByteProcessor
instanceKlass io/netty/buffer/ByteBufUtil
instanceKlass io/netty/channel/RecvByteBufAllocator$Handle
instanceKlass io/netty/channel/DefaultMaxMessagesRecvByteBufAllocator
instanceKlass io/netty/channel/MaxMessagesRecvByteBufAllocator
instanceKlass io/netty/channel/WriteBufferWaterMark
instanceKlass io/netty/channel/DefaultMessageSizeEstimator$HandleImpl
instanceKlass io/netty/channel/DefaultMessageSizeEstimator
instanceKlass io/netty/channel/MessageSizeEstimator
instanceKlass io/netty/channel/RecvByteBufAllocator
instanceKlass io/netty/channel/DefaultChannelConfig
instanceKlass io/netty/channel/nio/AbstractNioChannel$1
instanceKlass io/netty/channel/ChannelHandlerMask$Skip
instanceKlass io/netty/channel/ChannelHandlerMask$2
instanceKlass io/netty/channel/ChannelHandlerMask
instanceKlass io/netty/channel/AbstractChannelHandlerContext$Tasks
instanceKlass io/netty/channel/VoidChannelPromise$1
instanceKlass io/netty/channel/MessageSizeEstimator$Handle
instanceKlass io/netty/channel/DefaultChannelPipeline$PendingHandlerCallback
instanceKlass io/netty/channel/ChannelProgressivePromise
instanceKlass io/netty/channel/ChannelProgressiveFuture
instanceKlass io/netty/channel/AbstractChannelHandlerContext
instanceKlass io/netty/util/ResourceLeakHint
instanceKlass io/netty/channel/ChannelHandlerContext
instanceKlass io/netty/channel/DefaultChannelPipeline
instanceKlass io/netty/channel/ChannelOutboundBuffer$Entry
instanceKlass java/util/concurrent/atomic/AtomicLongFieldUpdater
instanceKlass io/netty/channel/ChannelOutboundBuffer
instanceKlass io/netty/util/internal/SocketUtils$13
instanceKlass io/netty/util/NetUtil$SoMaxConnAction
instanceKlass io/netty/util/NetUtilInitializations$NetworkIfaceAndInetAddress
instanceKlass io/netty/util/internal/SocketUtils$11
instanceKlass io/netty/util/NetUtilInitializations
instanceKlass io/netty/util/NetUtil
instanceKlass io/netty/util/internal/MacAddressUtil
# instanceKlass java/lang/invoke/LambdaForm$MH+0x000000003f305c00
instanceKlass  @bci com/google/firebase/rules/runtime/common/ExecutionContext hashCode ()I 1 <appendix> argL1 form names 3 function resolvedHandle form vmentry <vmtarget> ; # java/lang/invoke/LambdaForm$DMH+0x000000003f305000
instanceKlass  @bci java/lang/ProcessHandleImpl initReaper ()Ljava/util/concurrent/Executor; 45 <appendix> form vmentry <vmtarget> ; # java/lang/invoke/LambdaForm$DMH+0x000000003f304800
instanceKlass  @bci java/lang/ProcessHandleImpl initReaper ()Ljava/util/concurrent/Executor; 45 <appendix> member <vmtarget> ; # java/lang/ProcessHandleImpl$$Lambda+0x000000003f2c38f0
instanceKlass  @cpi java/lang/ProcessHandleImpl 358 form vmentry <vmtarget> ; # java/lang/invoke/LambdaForm$DMH+0x000000003f304400
instanceKlass java/lang/ProcessHandleImpl
instanceKlass java/util/concurrent/CompletableFuture
instanceKlass java/util/concurrent/CompletionStage
instanceKlass java/lang/ProcessHandle$Info
instanceKlass java/lang/ProcessHandle
instanceKlass io/netty/channel/DefaultChannelId
instanceKlass io/netty/channel/ChannelFlushPromiseNotifier$FlushCheckpoint
instanceKlass io/netty/channel/ChannelFutureListener
instanceKlass java/nio/channels/MulticastChannel
instanceKlass io/netty/channel/socket/nio/SelectorProviderUtil
instanceKlass io/netty/channel/ChannelMetadata
instanceKlass io/netty/util/internal/SocketUtils$10
instanceKlass io/netty/util/internal/SocketUtils
instanceKlass io/netty/channel/socket/ServerSocketChannelConfig
instanceKlass io/netty/channel/socket/ServerSocketChannel
instanceKlass io/netty/bootstrap/AbstractBootstrapConfig
instanceKlass io/netty/bootstrap/AbstractBootstrap
instanceKlass java/util/concurrent/RunnableScheduledFuture
instanceKlass java/util/concurrent/Executors$DelegatedExecutorService
instanceKlass io/netty/util/ConstantPool
instanceKlass io/netty/util/AbstractConstant
instanceKlass io/netty/util/Constant
instanceKlass com/google/net/webchannel/server/WebChannelOptions
instanceKlass com/google/net/webchannel/server/WebChannelOptions$Builder
instanceKlass com/google/net/webchannel/server/common/ChannelInternalSupport
instanceKlass com/google/net/webchannel/server/v8/CorsFilter
instanceKlass com/google/net/webchannel/server/common/Event
instanceKlass com/google/net/http/HttpTransactionHandler
instanceKlass com/google/net/webchannel/server/common/HttpTransactionFilter
instanceKlass com/google/net/webchannel/server/AsyncWebChannel$Handler
instanceKlass com/google/net/webchannel/server/AsyncWebChannel
instanceKlass com/google/cloud/datastore/emulator/firestore/webchannel/FirestoreV1WebChannelAdapter$FirestoreServerHandler
instanceKlass java/util/LinkedList$Node
instanceKlass java/util/LinkedList$ListItr
instanceKlass com/sun/net/httpserver/Filter
instanceKlass com/google/net/http/HttpTransaction
instanceKlass com/google/net/http/jdkserver/HttpServerSupportInternal$HandlerInternal
instanceKlass java/util/Timer$ThreadReaper
instanceKlass java/lang/Thread$ThreadNumbering
instanceKlass java/util/TaskQueue
instanceKlass java/util/Timer
instanceKlass sun/net/httpserver/ServerImpl$Dispatcher
instanceKlass java/lang/invoke/ConstantBootstraps
instanceKlass sun/net/httpserver/ContextList
instanceKlass sun/util/logging/PlatformLogger$ConfigurableBridge$LoggerConfiguration
instanceKlass jdk/internal/logger/LoggerFinderLoader
instanceKlass jdk/internal/logger/LazyLoggers$LazyLoggerFactories
instanceKlass jdk/internal/logger/LazyLoggers$1
instanceKlass jdk/internal/logger/LazyLoggers
instanceKlass sun/net/httpserver/ServerConfig
instanceKlass sun/net/httpserver/Event
instanceKlass java/util/TimerTask
instanceKlass sun/net/httpserver/ServerImpl
instanceKlass com/sun/net/httpserver/HttpContext
instanceKlass com/sun/net/httpserver/spi/HttpServerProvider
instanceKlass com/sun/net/httpserver/HttpServer
instanceKlass com/google/net/http/ServerOptions
instanceKlass com/google/net/http/ServerOptions$Builder
instanceKlass com/sun/net/httpserver/HttpHandler
instanceKlass com/google/net/http/HttpServerSupport
instanceKlass com/google/net/http/HttpServers
instanceKlass com/google/net/webchannel/server/common/HttpServerHandler
instanceKlass com/google/net/http/HttpServerSupport$ServerHandler
instanceKlass com/google/net/webchannel/server/WebChannelServerSupport
instanceKlass com/google/net/webchannel/server/WebChannelServers
instanceKlass com/google/net/webchannel/server/WebChannelServerSupport$ServerHandler
instanceKlass com/google/cloud/datastore/emulator/firestore/webchannel/FirestoreV1WebChannelAdapter
instanceKlass sun/net/NetHooks
instanceKlass  @bci sun/nio/ch/NioSocketImpl closerFor (Ljava/io/FileDescriptor;)Ljava/lang/Runnable; 1 <appendix> member <vmtarget> ; # sun/nio/ch/NioSocketImpl$$Lambda+0x000000003f0faf60
instanceKlass  @cpi com/google/common/collect/Streams 647 form vmentry <vmtarget> ; # java/lang/invoke/LambdaForm$DMH+0x000000003f2b4000
instanceKlass java/net/InetSocketAddress$InetSocketAddressHolder
instanceKlass sun/net/PlatformSocketImpl
instanceKlass java/net/SocketImpl
instanceKlass java/net/SocketOptions
instanceKlass java/net/ServerSocket
instanceKlass io/netty/handler/codec/http/FullHttpRequest
instanceKlass io/netty/handler/codec/http/HttpRequest
instanceKlass io/netty/util/internal/TypeParameterMatcher
instanceKlass com/google/cloud/datastore/emulator/firestore/FirestoreRuleCoverageHandler$ErrorPage
instanceKlass com/google/cloud/datastore/emulator/firestore/FirestoreRuleCoverageHandler$RuleCoverageReportPage
instanceKlass io/netty/channel/ChannelHandler$Sharable
instanceKlass io/grpc/protobuf/services/ProtoReflectionService
instanceKlass com/google/firestore/emulator/v1/FirestoreEmulatorGrpc$1
instanceKlass com/google/api/ResourceDescriptor$ResourceNameDescriptorOrBuilder
instanceKlass com/google/cloud/boq/clientapi/flows/api/FlowsDataGovernance$FlowsDataClassificationOrBuilder
instanceKlass com/google/protos/datapol/SemanticAnnotations$SemanticType$1
instanceKlass com/google/api/ResourceContainerRuleOrBuilder
instanceKlass com/google/api/ResourceReferenceOrBuilder
instanceKlass com/google/api/ResourceDescriptor$1
instanceKlass com/google/api/ResourceDescriptorOrBuilder
instanceKlass com/google/firestore/admin/v1/IndexProtoInternalDescriptors
instanceKlass com/google/privacy/datagovernance/attributes/classification/ClassificationInternalDescriptors
instanceKlass com/google/cloud/boq/clientapi/flows/api/FlowsDataGovernanceInternalDescriptors
instanceKlass com/google/firestore/admin/v1/PitrSnapshotProtoInternalDescriptors
instanceKlass com/google/firestore/admin/v1/RealtimeUpdatesProtoInternalDescriptors
instanceKlass com/google/protos/keytracking/KeyTrackingAnnotationsInternalDescriptors
instanceKlass com/google/firestore/admin/v1/DatabaseProtoInternalDescriptors
instanceKlass com/google/api/ResourceProtoInternalDescriptors
instanceKlass com/google/firebase/rules/v1/SourceProtoInternalDescriptors
instanceKlass com/google/firebase/rules/runtime/v1/RuntimeProtoInternalDescriptors
instanceKlass com/google/firestore/emulator/v1/FirestoreEmulatorProtoInternalDescriptors
instanceKlass com/google/firestore/v1beta1/WriteOrBuilder
instanceKlass com/google/firestore/v1beta1/FirestoreGrpc$1
instanceKlass com/google/firestore/v1beta1/BloomFilterProtoInternalDescriptors
instanceKlass com/google/firestore/v1beta1/WriteProtoInternalDescriptors
instanceKlass com/google/firestore/v1beta1/QueryProfileProtoInternalDescriptors
instanceKlass com/google/firestore/v1beta1/QueryProtoInternalDescriptors
instanceKlass com/google/firestore/v1beta1/PipelineProtoInternalDescriptors
instanceKlass com/google/firestore/v1beta1/ExplainStatsProtoInternalDescriptors
instanceKlass com/google/firestore/v1beta1/CommonProtoInternalDescriptors
instanceKlass com/google/firestore/v1beta1/DocumentProtoInternalDescriptors
instanceKlass com/google/firestore/v1beta1/AggregationResultProtoInternalDescriptors
instanceKlass com/google/firestore/v1beta1/FirestoreProtoInternalDescriptors
instanceKlass com/google/firestore/v1/WriteOrBuilder
instanceKlass com/google/firestore/v1/FirestoreGrpc$1
instanceKlass com/google/api/PolicyAspectOrBuilder
instanceKlass com/google/api/CustomErrorRuleOrBuilder
instanceKlass com/google/protobuf/EmptyProtoInternalDescriptors
instanceKlass com/google/firestore/v1/BloomFilterProtoInternalDescriptors
instanceKlass com/google/firestore/v1/WriteProtoInternalDescriptors
instanceKlass com/google/firestore/v1/QueryProfileProtoInternalDescriptors
instanceKlass com/google/firestore/v1/QueryProtoInternalDescriptors
instanceKlass com/google/firestore/v1/PipelineProtoInternalDescriptors
instanceKlass com/google/api/ErrorFormatProtoInternalDescriptors
instanceKlass com/google/firestore/v1/ExplainStatsProtoInternalDescriptors
instanceKlass com/google/firestore/v1/CommonProtoInternalDescriptors
instanceKlass com/google/firestore/v1/DocumentProtoInternalDescriptors
instanceKlass com/google/firestore/v1/AggregationResultProtoInternalDescriptors
instanceKlass com/google/cloud/datastore/billing/BillingProtoInternalDescriptors
instanceKlass com/google/cloud/datastore/internal/DatastoreInternalInlineExtensionsInternalDescriptors
instanceKlass com/google/firestore/v1/FirestoreProtoInternalDescriptors
instanceKlass com/google/datastore/v1/MutationOrBuilder
instanceKlass com/google/datastore/v1/KeyOrBuilder
instanceKlass io/gapi/gax/protobuf/ProtoReflectionUtil
instanceKlass io/gapi/gax/protobuf/PathTemplate$Segment
instanceKlass com/google/common/base/NullnessCasts
instanceKlass com/google/common/base/AbstractIterator
instanceKlass com/google/common/base/Splitter$5
instanceKlass io/gapi/gax/protobuf/PathTemplate
instanceKlass com/google/protobuf/AbstractMessageLite$InternalOneOfEnum
instanceKlass io/gapi/emulators/protobuf/HttpConfig$1
instanceKlass com/google/common/base/Suppliers$SupplierOfInstance
instanceKlass com/google/common/base/Suppliers
instanceKlass io/gapi/emulators/protobuf/HttpConfig
instanceKlass io/grpc/ClientCall$Listener
instanceKlass io/grpc/stub/ClientCalls
instanceKlass io/grpc/CallOptions$Builder
instanceKlass io/grpc/CallOptions
instanceKlass com/google/datastore/v1/DatastoreGrpc$1
instanceKlass com/google/protobuf/CodedInputStream$1
instanceKlass com/google/api/RoutingParameterOrBuilder
instanceKlass com/google/api/CrossOriginValidationOrBuilder
instanceKlass com/google/api/RoutingRuleOrBuilder
instanceKlass com/google/protobuf/GeneratedMessage$5
instanceKlass com/google/protos/datapol/classification/DatapolClassification$OptionsOrBuilder
instanceKlass com/google/protos/datapol/SemanticAnnotations$EnumDetailsOrBuilder
instanceKlass com/google/protos/datapol/SemanticAnnotations$MessageDetails$1
instanceKlass com/google/protos/datapol/SemanticAnnotations$MessageDetailsOrBuilder
instanceKlass com/google/protos/datapol/RetentionAnnotations$RetentionSpecOrBuilder
instanceKlass com/google/protos/datapol/SemanticAnnotations$FieldDetails$1
instanceKlass com/google/protos/datapol/SemanticAnnotations$AnnotationsDetailsOrBuilder
instanceKlass com/google/protos/datapol/SemanticAnnotations$FieldDetailsOrBuilder
instanceKlass com/google/protos/datapol/SemanticAnnotations$LocationQualifierOrBuilder
instanceKlass com/google/protos/datapol/SemanticAnnotations$QualifierOrBuilder
instanceKlass com/google/api/MetadataPolicyOrBuilder
instanceKlass com/google/api/OrgPolicyOrBuilder
instanceKlass com/google/api/MethodPolicyOrBuilder
instanceKlass com/google/api/FieldPolicyOrBuilder
instanceKlass com/google/protobuf/GeneratedMessage$ExtendableMessage$NoOpExtensionSerializer
instanceKlass com/google/protobuf/ByteString$CodedBuilder
instanceKlass com/google/protobuf/ByteOutput
instanceKlass com/google/api/VisibilityRuleOrBuilder
instanceKlass com/google/api/ApiInclusionOrBuilder
instanceKlass com/google/api/AuthorizationRuleOrBuilder
instanceKlass com/google/api/CustomHttpPatternOrBuilder
instanceKlass com/google/api/MediaDownloadOrBuilder
instanceKlass com/google/api/MediaUploadOrBuilder
instanceKlass com/google/api/HttpRuleOrBuilder
instanceKlass com/google/protobuf/DescriptorProtos$MethodOptions$TokenUnit$1
instanceKlass com/google/protobuf/DescriptorProtos$MethodOptions$SecurityLevel$1
instanceKlass com/google/protobuf/DescriptorProtos$MethodOptionsOrBuilder
instanceKlass com/google/protobuf/DescriptorProtos$MethodDescriptorProtoOrBuilder
instanceKlass com/google/protobuf/DescriptorProtos$ServiceOptionsOrBuilder
instanceKlass com/google/rpc/StatusProtoInternalDescriptors
instanceKlass com/google/protobuf/AnyProtoInternalDescriptors
instanceKlass com/google/datastore/v1/QueryProfileProtoInternalDescriptors
instanceKlass com/google/net/proto2/contrib/annotatedfingerprint/FingerprintingAnnotationsInternalDescriptors
instanceKlass com/google/protobuf/DescriptorProtos$FieldOptions$CType$1
instanceKlass com/google/protobuf/WrappersProtoInternalDescriptors
instanceKlass com/google/datastore/v1/QueryProtoInternalDescriptors
instanceKlass com/google/type/LatLngProtoInternalDescriptors
instanceKlass com/google/protobuf/TimestampProtoInternalDescriptors
instanceKlass com/google/datastore/v1/EntityProtoInternalDescriptors
instanceKlass com/google/datastore/v1/AggregationResultProtoInternalDescriptors
instanceKlass com/google/api/RoutingProtoInternalDescriptors
instanceKlass com/google/api/FieldBehaviorProtoInternalDescriptors
instanceKlass com/google/protos/datapol/classification/DatapolClassificationInternalDescriptors
instanceKlass com/google/protos/datapol/RetentionAnnotationsInternalDescriptors
instanceKlass com/google/protos/datapol/SemanticAnnotationsInternalDescriptors
instanceKlass com/google/protobuf/DurationProtoInternalDescriptors
instanceKlass com/google/protobuf/StructProtoInternalDescriptors
instanceKlass com/google/api/PolicyProtoInternalDescriptors
instanceKlass com/google/api/LaunchStageProtoInternalDescriptors
instanceKlass com/google/api/ClientProtoInternalDescriptors
instanceKlass com/google/protobuf/DescriptorProtos$OneofOptionsOrBuilder
instanceKlass com/google/api/MediaProtoInternalDescriptors
instanceKlass com/google/protobuf/UnknownFieldSet$Field$Builder
instanceKlass com/google/protobuf/UnknownFieldSet$Field
instanceKlass com/google/protobuf/Proto1FeaturesProto$Proto1Features$NestInFileClassFeature$NestInFileClass$1
instanceKlass com/google/protobuf/JavaMutableFeaturesProto$JavaMutableFeatures$NestInFileClassFeature$NestInFileClass$1
instanceKlass com/google/protobuf/JavaFeaturesProto$JavaFeatures$NestInFileClassFeature$NestInFileClass$1
instanceKlass com/google/protobuf/JavaFeaturesProto$JavaFeatures$Utf8Validation$1
instanceKlass com/google/protobuf/DescriptorProtos$FeatureSet$VisibilityFeature$DefaultSymbolVisibility$1
instanceKlass com/google/protobuf/DescriptorProtos$FeatureSet$EnforceNamingStyle$1
instanceKlass com/google/protobuf/DescriptorProtos$FeatureSet$JsonFormat$1
instanceKlass com/google/protobuf/DescriptorProtos$FeatureSet$MessageEncoding$1
instanceKlass com/google/protobuf/DescriptorProtos$FeatureSet$Utf8Validation$1
instanceKlass com/google/protobuf/DescriptorProtos$FeatureSet$RepeatedFieldEncoding$1
instanceKlass com/google/protobuf/DescriptorProtos$FeatureSet$EnumType$1
instanceKlass com/google/protobuf/DescriptorProtos$FeatureSet$FieldPresence$1
instanceKlass com/google/protobuf/SmallSortedMap$Entry
instanceKlass com/google/protobuf/InternalLazyField
instanceKlass com/google/protobuf/FieldSet$1
instanceKlass com/google/protobuf/MessageReflection$1
instanceKlass com/google/protobuf/MessageReflection
instanceKlass com/google/protobuf/MessageReflection$ExtensionBuilderAdapter
instanceKlass com/google/protobuf/DescriptorProtos$FeatureSetDefaults$FeatureSetEditionDefaultOrBuilder
instanceKlass com/google/protobuf/Proto1FeaturesProtoInternalDescriptors
instanceKlass com/google/protobuf/Proto1FeaturesProto$Proto1FeaturesOrBuilder
instanceKlass com/google/protobuf/JavaMutableFeaturesProtoInternalDescriptors
instanceKlass com/google/protobuf/JavaMutableFeaturesProto$JavaMutableFeaturesOrBuilder
instanceKlass com/google/protobuf/ExtensionRegistry$DescriptorIntPair
instanceKlass com/google/protobuf/ExtensionRegistry$1
instanceKlass com/google/protobuf/GeneratedMessage$GeneratedExtension$1
instanceKlass com/google/protobuf/JavaFeaturesProtoInternalDescriptors
instanceKlass com/google/protobuf/JavaFeaturesProto$JavaFeaturesOrBuilder
instanceKlass com/google/protobuf/DescriptorProtos$FeatureSetDefaultsOrBuilder
instanceKlass com/google/protobuf/SmallSortedMap$EntryIterator
instanceKlass java/util/AbstractMap$KeyIterator
instanceKlass com/google/protobuf/GeneratedMessage$FieldAccessorTable$OneofAccessor
instanceKlass com/google/protobuf/GeneratedMessage$FieldAccessorTable$FieldAccessor
instanceKlass com/google/protobuf/GeneratedMessage$FieldAccessorTable
instanceKlass com/google/protobuf/FieldSet$Builder
instanceKlass com/google/protobuf/TypeRegistry$EmptyTypeRegistryHolder
instanceKlass com/google/protobuf/TypeRegistry
instanceKlass com/google/protobuf/TextFormat$Parser$Builder
instanceKlass com/google/protobuf/TextFormat$Parser
instanceKlass com/google/protobuf/TextFormat
instanceKlass  @bci com/google/protobuf/Descriptors$EnumValueDescriptor <clinit> ()V 10 <appendix> argL0 ; # com/google/protobuf/Descriptors$EnumValueDescriptor$$Lambda+0x000000003f22d6a0
instanceKlass com/google/protobuf/Descriptors$EnumValueDescriptor$1
instanceKlass  @bci java/util/DualPivotQuicksort sort (Ljava/util/DualPivotQuicksort$Sorter;[IIII)V 63 <appendix> argL0 ; # java/util/DualPivotQuicksort$$Lambda+0x000000003f0f96a8
instanceKlass  @cpi java/util/DualPivotQuicksort 405 form vmentry <vmtarget> ; # java/lang/invoke/LambdaForm$DMH+0x000000003f230000
instanceKlass java/util/DualPivotQuicksort$SortOperation
instanceKlass java/util/DualPivotQuicksort
instanceKlass  @bci com/google/protobuf/Descriptors$FieldDescriptor <clinit> ()V 0 <appendix> argL0 ; # com/google/protobuf/Descriptors$FieldDescriptor$$Lambda+0x000000003f22b258
instanceKlass java/util/function/ToIntFunction
instanceKlass com/google/protobuf/Descriptors
instanceKlass java/util/IdentityHashMap$IdentityHashMapIterator
instanceKlass com/google/protobuf/Descriptors$FileDescriptorTables
instanceKlass com/google/protobuf/DescriptorProtos$FileOptions$OptimizeMode$1
instanceKlass com/google/protobuf/DescriptorProtos$FieldOptions$OptionTargetType$1
instanceKlass com/google/protobuf/DescriptorProtos$Edition$1
instanceKlass com/google/protobuf/DescriptorProtos$EnumValueOptionsOrBuilder
instanceKlass com/google/protobuf/DescriptorProtos$EnumDescriptorProto$EnumReservedRangeOrBuilder
instanceKlass com/google/protobuf/DescriptorProtos$EnumValueDescriptorProtoOrBuilder
instanceKlass com/google/protobuf/DescriptorProtos$EnumOptionsOrBuilder
instanceKlass com/google/protobuf/DescriptorProtos$FieldOptions$OptionRetention$1
instanceKlass com/google/protobuf/DescriptorProtos$UninterpretedOptionOrBuilder
instanceKlass com/google/protobuf/DescriptorProtos$FieldOptions$EditionDefaultOrBuilder
instanceKlass com/google/protobuf/DescriptorProtos$FieldOptions$UpgradedOptionOrBuilder
instanceKlass com/google/protobuf/FieldSet
instanceKlass com/google/protobuf/DescriptorProtos$FieldOptions$1
instanceKlass com/google/protobuf/DescriptorProtos$FieldOptions$FeatureSupportOrBuilder
instanceKlass com/google/protobuf/DescriptorProtos$FeatureSetOrBuilder
instanceKlass com/google/protobuf/GeneratedMessage$ExtendableMessage$ExtensionSerializer
instanceKlass com/google/protobuf/DescriptorProtos$ExtensionRangeOptionsOrBuilder
instanceKlass com/google/protobuf/DescriptorProtos$FieldDescriptorProto$Type$1
instanceKlass com/google/protobuf/DescriptorProtos$FieldDescriptorProto$Label$1
instanceKlass com/google/protobuf/DescriptorProtos$FieldOptionsOrBuilder
instanceKlass com/google/protobuf/DescriptorProtos$DescriptorProto$ReservedRangeOrBuilder
instanceKlass com/google/protobuf/DescriptorProtos$OneofDescriptorProtoOrBuilder
instanceKlass com/google/protobuf/DescriptorProtos$DescriptorProto$ExtensionRangeOrBuilder
instanceKlass com/google/protobuf/DescriptorProtos$MessageOptionsOrBuilder
instanceKlass com/google/protobuf/DescriptorProtos$FieldDescriptorProtoOrBuilder
instanceKlass com/google/protobuf/DescriptorProtos$ServiceDescriptorProtoOrBuilder
instanceKlass com/google/protobuf/DescriptorProtos$EnumDescriptorProtoOrBuilder
instanceKlass com/google/protobuf/DescriptorProtos$DescriptorProtoOrBuilder
instanceKlass com/google/protobuf/DescriptorProtos$SourceCodeInfoOrBuilder
instanceKlass com/google/protobuf/DescriptorProtos$FileOptionsOrBuilder
instanceKlass com/google/protobuf/GeneratedMessage$ExtendableMessageOrBuilder
instanceKlass com/google/protobuf/DescriptorProtos$FileDescriptorProtoOrBuilder
instanceKlass com/google/protobuf/DescriptorProtosInternalDescriptors
instanceKlass com/google/api/VisibilityProtoInternalDescriptors
instanceKlass com/google/api/InclusionProtoInternalDescriptors
instanceKlass com/google/api/AuthzProtoInternalDescriptors
instanceKlass com/google/api/HttpProtoInternalDescriptors
instanceKlass com/google/api/AnnotationsProtoInternalDescriptors
instanceKlass com/google/datastore/v1/DatastoreProtoInternalDescriptors
instanceKlass io/gapi/emulators/grpc/JsonFormat$Parser
instanceKlass io/gapi/emulators/grpc/JsonFormat$Printer
instanceKlass io/gapi/emulators/grpc/JsonFormat
instanceKlass io/gapi/emulators/grpc/JsonFormat$TypeRegistry$EmptyTypeRegistryHolder
instanceKlass io/gapi/emulators/grpc/JsonFormat$TypeRegistry
instanceKlass io/gapi/emulators/grpc/HttpAdapter$MethodHandler
instanceKlass io/netty/handler/codec/http/FullHttpResponse
instanceKlass io/netty/handler/codec/http/FullHttpMessage
instanceKlass io/netty/handler/codec/http/LastHttpContent
instanceKlass io/netty/handler/codec/http/HttpContent
instanceKlass io/netty/handler/codec/http/HttpResponse
instanceKlass io/netty/handler/codec/http/HttpMessage
instanceKlass io/netty/handler/codec/http/HttpObject
instanceKlass io/netty/handler/codec/DecoderResultProvider
instanceKlass io/gapi/emulators/util/Observer
instanceKlass io/netty/channel/ChannelOutboundHandler
instanceKlass jdk/internal/util/random/RandomSupport
instanceKlass java/util/concurrent/ThreadLocalRandom$Access$1
instanceKlass jdk/internal/access/JavaUtilConcurrentTLRAccess
instanceKlass java/util/concurrent/ThreadLocalRandom$Access
instanceKlass io/grpc/internal/ReflectionLongAdderCounter
instanceKlass io/grpc/internal/LongCounter
instanceKlass io/grpc/internal/LongCounterFactory
instanceKlass io/grpc/internal/CallTracer$1
instanceKlass io/grpc/internal/CallTracer
instanceKlass io/grpc/internal/ManagedChannelImpl$1ChannelCallTracerFactory
instanceKlass io/grpc/internal/ManagedChannelImpl$IdleModeTimer
instanceKlass io/grpc/internal/Rescheduler
instanceKlass io/grpc/ClientInterceptors
instanceKlass io/grpc/internal/DelayedClientTransport$3
instanceKlass io/grpc/internal/DelayedClientTransport$2
instanceKlass io/grpc/internal/DelayedClientTransport$1
instanceKlass io/grpc/internal/DelayedClientTransport$PickerState
instanceKlass io/grpc/LoadBalancer$PickSubchannelArgs
instanceKlass io/grpc/internal/DelayedClientTransport
instanceKlass io/grpc/internal/BackoffPolicyRetryScheduler
instanceKlass io/grpc/internal/RetryScheduler
instanceKlass io/grpc/internal/FixedObjectPool
instanceKlass com/google/common/base/Ticker
instanceKlass com/google/common/base/Stopwatch
instanceKlass com/sun/jndi/dns/DnsContextFactory
instanceKlass javax/naming/spi/InitialContextFactory
instanceKlass javax/naming/InitialContext
instanceKlass javax/naming/directory/DirContext
instanceKlass javax/naming/Context
instanceKlass io/grpc/internal/DnsNameResolver$ResourceResolver
instanceKlass io/grpc/internal/JndiResourceResolverFactory$RecordFetcher
instanceKlass io/grpc/internal/JndiResourceResolverFactory
instanceKlass io/grpc/internal/DnsNameResolver$ResourceResolverFactory
instanceKlass io/grpc/internal/DnsNameResolver$AddressResolver
instanceKlass io/grpc/NameResolver$Args$Builder
instanceKlass io/grpc/NameResolver$Args
instanceKlass io/grpc/MetricInstrument
instanceKlass io/grpc/MetricInstrumentRegistry
instanceKlass io/grpc/MetricRecorder$BatchRecorder
instanceKlass io/grpc/internal/MetricRecorderImpl
instanceKlass io/grpc/util/SecretRoundRobinLoadBalancerProvider
instanceKlass com/google/common/base/MoreObjects$ToStringHelper$ValueHolder
instanceKlass com/google/common/base/MoreObjects$ToStringHelper
instanceKlass io/grpc/grpclb/SubchannelPool
instanceKlass io/grpc/LoadBalancerRegistry$LoadBalancerPriorityAccessor
instanceKlass  @bci io/grpc/LoadBalancerRegistry getDefaultRegistry ()Lio/grpc/LoadBalancerRegistry; 21 <appendix> argL0 ; # io/grpc/LoadBalancerRegistry$$Lambda+0x000000003f1fb4d8
instanceKlass io/grpc/LoadBalancerRegistry
instanceKlass io/grpc/NameResolver$ConfigOrError
instanceKlass io/grpc/LoadBalancerProvider$UnknownConfig
instanceKlass io/grpc/LoadBalancer
instanceKlass io/grpc/internal/ChannelTracer$2
instanceKlass io/grpc/InternalChannelz$ChannelTrace$Event
instanceKlass io/grpc/InternalChannelz$ChannelTrace$Event$Builder
instanceKlass com/google/common/math/LongMath
instanceKlass io/grpc/internal/ChannelTracer
instanceKlass io/grpc/internal/ManagedChannelImpl$RestrictedScheduledExecutor
instanceKlass io/grpc/internal/CallCredentialsApplyingTransportFactory
instanceKlass io/grpc/internal/ManagedChannelImpl$ExecutorHolder
instanceKlass java/util/concurrent/LinkedTransferQueue$DualNode
instanceKlass java/util/concurrent/ForkJoinPool$ManagedBlocker
instanceKlass java/util/concurrent/TransferQueue
instanceKlass io/grpc/InternalLogId
instanceKlass io/grpc/internal/ClientStream
instanceKlass io/grpc/internal/Stream
instanceKlass io/grpc/internal/ManagedChannelImpl$ChannelStreamProvider
instanceKlass io/grpc/internal/ClientCallImpl$ClientStreamProvider
instanceKlass io/grpc/internal/ManagedChannelImpl$DelayedTransportListener
instanceKlass io/grpc/Deadline$Ticker
instanceKlass io/grpc/Deadline
instanceKlass io/grpc/internal/RetriableStream$ChannelBufferMeter
instanceKlass io/grpc/internal/ManagedChannelImpl$UncommittedRetriableStreamsRegistry
instanceKlass io/grpc/internal/ConnectivityStateManager
instanceKlass io/grpc/internal/ManagedChannelImpl$3
instanceKlass io/grpc/SynchronizationContext
instanceKlass io/grpc/census/CensusTracingModule$1
instanceKlass io/grpc/census/CensusTracingModule$TracingClientInterceptor
instanceKlass io/opencensus/trace/propagation/BinaryFormat
instanceKlass io/opencensus/trace/propagation/PropagationComponent
instanceKlass io/opencensus/trace/SpanBuilder
instanceKlass io/opencensus/trace/Tracer
instanceKlass io/opencensus/internal/Utils
instanceKlass io/opencensus/trace/export/SampledSpanStore$PerSpanNameSummary
instanceKlass io/opencensus/trace/export/SampledSpanStore
instanceKlass io/opencensus/trace/export/ExportComponent
instanceKlass io/opencensus/common/Clock
instanceKlass io/opencensus/trace/TraceComponent
instanceKlass io/opencensus/trace/Tracing
instanceKlass io/grpc/ServerCall
instanceKlass io/opencensus/trace/Span
instanceKlass io/grpc/census/CensusTracingModule
instanceKlass io/grpc/census/InternalCensusTracingAccessor
instanceKlass io/grpc/ClientStreamTracer$Factory
instanceKlass io/grpc/census/CensusStatsModule$StatsClientInterceptor
instanceKlass io/grpc/census/CensusStatsModule$1
instanceKlass io/opencensus/common/Timestamp
instanceKlass io/opencensus/stats/MeasureMap
instanceKlass io/opencensus/stats/ViewManager
instanceKlass io/opencensus/stats/NoopStats
instanceKlass io/opencensus/stats/StatsComponent
instanceKlass io/opencensus/stats/Stats
instanceKlass io/opencensus/tags/propagation/TagPropagationComponent
instanceKlass io/opencensus/tags/propagation/TagContextTextFormat
instanceKlass io/opencensus/tags/NoopTags
instanceKlass io/opencensus/tags/TagsComponent
instanceKlass io/opencensus/tags/Tags
instanceKlass io/grpc/census/CensusStatsModule
# instanceKlass java/lang/invoke/LambdaForm$MH+0x000000003f1ee800
# instanceKlass java/lang/invoke/LambdaForm$MH+0x000000003f1ee000
# instanceKlass java/lang/invoke/LambdaForm$DMH+0x000000003f1edc00
instanceKlass  @cpi com/google/firebase/rules/runtime/impl/CompositeListener 251 form vmentry <vmtarget> ; # java/lang/invoke/LambdaForm$DMH+0x000000003f1ed800
instanceKlass  @cpi com/google/cloud/datastore/emulator/impl/watch/ListenStreamManager 521 form vmentry <vmtarget> ; # java/lang/invoke/LambdaForm$DMH+0x000000003f1ed400
instanceKlass java/lang/ClassValue$RemovalToken
instanceKlass java/lang/invoke/MethodHandleImpl$ArrayAccessor
instanceKlass java/lang/invoke/MethodHandleImpl$CasesHolder
instanceKlass java/lang/invoke/MethodHandleImpl$LoopClauses
# instanceKlass java/lang/invoke/LambdaForm$MH+0x000000003f1ed000
instanceKlass java/lang/invoke/LambdaFormEditor$1
# instanceKlass java/lang/invoke/LambdaForm$DMH+0x000000003f1ec800
# instanceKlass java/lang/invoke/LambdaForm$MH+0x000000003f1ec400
# instanceKlass java/lang/invoke/LambdaForm$DMH+0x000000003f1ec000
instanceKlass java/lang/invoke/ClassSpecializer$Factory$1$5$1
instanceKlass java/lang/invoke/ClassSpecializer$Factory$1$5
instanceKlass java/lang/invoke/ClassSpecializer$Factory$1$4
instanceKlass java/lang/invoke/ClassSpecializer$Factory$1$3
instanceKlass java/lang/invoke/ClassSpecializer$Factory$1$2
instanceKlass java/lang/invoke/ClassSpecializer$Factory$1$1Var
instanceKlass java/lang/invoke/ClassSpecializer$Factory$1$1
instanceKlass java/lang/invoke/ClassSpecializer$Factory$1
instanceKlass java/lang/invoke/MethodHandles$1
instanceKlass sun/invoke/util/ValueConversions$1
instanceKlass io/grpc/internal/BackoffPolicy
instanceKlass io/grpc/internal/ExponentialBackoffPolicy$Provider
instanceKlass io/grpc/internal/ManagedChannelImpl$2
instanceKlass io/grpc/Attributes$Key
instanceKlass io/grpc/internal/ManagedChannelServiceConfig
instanceKlass com/google/common/base/ExtraObjectsMethodsForWeb
instanceKlass io/grpc/Status$StatusMessageMarshaller
instanceKlass io/grpc/Status$StatusCodeMarshaller
instanceKlass java/util/TreeMap$PrivateEntryIterator
instanceKlass com/google/common/util/concurrent/ListenableFuture
instanceKlass io/grpc/LoadBalancer$SubchannelPicker
instanceKlass io/grpc/NameResolver$Listener2
instanceKlass io/grpc/NameResolver$Listener
instanceKlass io/grpc/LoadBalancer$Helper
instanceKlass io/grpc/ClientCall
instanceKlass io/grpc/LoadBalancer$PickDetailsConsumer
instanceKlass io/grpc/InternalConfigSelector
instanceKlass io/grpc/internal/CallTracer$Factory
instanceKlass io/grpc/NameResolver$ServiceConfigParser
instanceKlass io/grpc/MetricRecorder
instanceKlass io/grpc/LoadBalancer$Factory
instanceKlass io/grpc/ChannelLogger
instanceKlass io/grpc/internal/InUseStateAggregator
instanceKlass io/grpc/internal/ManagedClientTransport$Listener
instanceKlass io/grpc/internal/UriWrapper$JavaNetUriWrapper
instanceKlass io/grpc/internal/UriWrapper
instanceKlass io/grpc/internal/ManagedChannelImplBuilder$ResolvedNameResolver
instanceKlass jdk/internal/util/Exceptions$SensitiveInfo
instanceKlass io/grpc/FeatureFlags
instanceKlass io/grpc/InternalFeatureFlags
instanceKlass io/grpc/netty/NettyChannelBuilder$LocalSocketPicker
instanceKlass io/grpc/internal/AtomicBackoff
instanceKlass io/grpc/internal/SharedResourceHolder$Instance
instanceKlass io/grpc/internal/SharedResourceHolder$1
instanceKlass io/grpc/internal/SharedResourceHolder$ScheduledExecutorFactory
instanceKlass io/grpc/internal/SharedResourceHolder
instanceKlass io/grpc/internal/ConnectionClientTransport
instanceKlass io/grpc/internal/ManagedClientTransport
instanceKlass io/grpc/netty/NettyChannelBuilder$NettyTransportFactory
instanceKlass io/grpc/netty/ProtocolNegotiators$PlaintextProtocolNegotiator
instanceKlass io/grpc/netty/ProtocolNegotiator$ServerFactory
instanceKlass io/netty/handler/codec/http/HttpHeaders
instanceKlass io/grpc/netty/ProtocolNegotiator
instanceKlass javax/net/ssl/TrustManagerFactory
instanceKlass javax/net/ssl/KeyManagerFactory
instanceKlass io/grpc/netty/ProtocolNegotiators
instanceKlass io/grpc/netty/NettyChannelBuilder$1
instanceKlass io/grpc/ConfiguratorRegistry
instanceKlass io/grpc/InternalConfiguratorRegistry
instanceKlass io/grpc/InternalChannelz
instanceKlass com/google/common/collect/Iterables
instanceKlass java/util/Collections$ReverseComparator2
instanceKlass java/util/Collections$ReverseComparator
instanceKlass io/grpc/ServiceProviders$1
instanceKlass io/grpc/grpclb/SecretGrpclbNameResolverProvider
instanceKlass io/grpc/InternalServiceProviders
instanceKlass io/grpc/NameResolver
instanceKlass io/grpc/ServiceProviders
instanceKlass io/grpc/NameResolverRegistry$NameResolverPriorityAccessor
instanceKlass  @bci io/grpc/NameResolverRegistry getDefaultRegistry ()Lio/grpc/NameResolverRegistry; 21 <appendix> argL0 ; # io/grpc/NameResolverRegistry$$Lambda+0x000000003f1deb18
instanceKlass io/grpc/ServiceProviders$PriorityAccessor
instanceKlass io/grpc/NameResolverRegistry
instanceKlass io/grpc/netty/NettyChannelBuilder$NettyChannelDefaultPortProvider
instanceKlass io/grpc/netty/NettyChannelBuilder$NettyChannelTransportFactoryBuilder
instanceKlass io/grpc/ServerStreamTracer$Factory
instanceKlass io/grpc/ClientInterceptor
instanceKlass io/opencensus/stats/StatsRecorder
instanceKlass io/opencensus/tags/propagation/TagContextBinarySerializer
instanceKlass io/opencensus/tags/Tagger
instanceKlass io/grpc/census/InternalCensusStatsAccessor$1
instanceKlass io/grpc/census/InternalCensusStatsAccessor
instanceKlass io/grpc/CompressorRegistry
instanceKlass io/grpc/Codec$Identity
instanceKlass java/util/Collections$UnmodifiableMap$UnmodifiableEntrySet$UnmodifiableEntry
instanceKlass java/util/Collections$UnmodifiableMap$UnmodifiableEntrySet$1
instanceKlass io/grpc/DecompressorRegistry$DecompressorInfo
instanceKlass io/grpc/Codec$Gzip
instanceKlass io/grpc/Codec
instanceKlass io/grpc/Compressor
instanceKlass com/google/common/base/Joiner
instanceKlass io/grpc/Decompressor
instanceKlass io/grpc/DecompressorRegistry
instanceKlass io/grpc/internal/BackoffPolicy$Provider
instanceKlass io/grpc/NameResolver$Factory
instanceKlass io/grpc/netty/NettyChannelBuilder$DefaultProtocolNegotiator
instanceKlass io/grpc/internal/InstantTimeProvider
instanceKlass io/grpc/internal/TimeProviderResolverFactory
instanceKlass io/grpc/internal/TimeProvider
instanceKlass io/grpc/internal/TransportTracer$Factory
instanceKlass io/grpc/internal/TransportTracer
instanceKlass io/grpc/internal/SharedResourcePool
instanceKlass io/netty/channel/socket/SocketChannelConfig
instanceKlass io/netty/channel/socket/DuplexChannelConfig
instanceKlass io/netty/channel/ChannelConfig
instanceKlass io/netty/channel/AbstractChannel$AbstractUnsafe
instanceKlass io/netty/channel/nio/AbstractNioChannel$NioUnsafe
instanceKlass io/netty/channel/ChannelId
instanceKlass io/netty/channel/ChannelPipeline
instanceKlass io/netty/channel/ChannelInboundInvoker
instanceKlass io/netty/channel/Channel$Unsafe
instanceKlass io/netty/util/Attribute
instanceKlass io/netty/util/DefaultAttributeMap
instanceKlass io/netty/channel/socket/SocketChannel
instanceKlass io/netty/channel/socket/DuplexChannel
instanceKlass io/netty/channel/ServerChannel
instanceKlass io/netty/channel/Channel
instanceKlass io/netty/channel/ChannelOutboundInvoker
instanceKlass io/netty/util/AttributeMap
instanceKlass io/grpc/netty/Utils$1
instanceKlass sun/nio/ch/ExtendedSocketOption$1
instanceKlass sun/nio/ch/ExtendedSocketOption
instanceKlass sun/nio/ch/OptionKey
instanceKlass sun/nio/ch/SocketOptionRegistry$LazyInitialization
instanceKlass sun/nio/ch/SocketOptionRegistry$RegistryKey
instanceKlass sun/nio/ch/SocketOptionRegistry
instanceKlass java/net/StandardSocketOptions$StdSocketOption
instanceKlass java/net/StandardSocketOptions
instanceKlass  @bci sun/nio/ch/Net shouldShutdownWriteBeforeClose ()Z 3 <appendix> argL0 ; # sun/nio/ch/Net$$Lambda+0x000000003f0ef160
instanceKlass java/lang/invoke/TypeConvertingMethodAdapter$BoxHolder
instanceKlass java/lang/invoke/TypeConvertingMethodAdapter$1
instanceKlass  @cpi sun/nio/ch/Net 689 form vmentry <vmtarget> ; # java/lang/invoke/LambdaForm$DMH+0x000000003f1d4000
instanceKlass io/netty/channel/DefaultAddressedEnvelope
instanceKlass io/netty/channel/AddressedEnvelope
instanceKlass io/netty/buffer/ByteBufHolder
instanceKlass io/netty/util/internal/ReferenceCountUpdater
instanceKlass io/netty/util/internal/ClassInitializerUtil
instanceKlass io/netty/channel/epoll/NativeDatagramPacketArray$NativeDatagramPacket
instanceKlass io/netty/util/AbstractReferenceCounted
instanceKlass io/netty/channel/FileRegion
instanceKlass io/netty/util/ReferenceCounted
instanceKlass io/netty/channel/unix/PeerCredentials
instanceKlass io/netty/channel/epoll/Native
instanceKlass io/netty/channel/epoll/Epoll
instanceKlass io/grpc/netty/Utils$DefaultEventLoopGroupResource
instanceKlass io/grpc/internal/GrpcUtil$5
instanceKlass io/grpc/internal/GrpcUtil$4
instanceKlass io/grpc/internal/GrpcUtil$3
instanceKlass io/grpc/CallOptions$Key
instanceKlass io/grpc/internal/GrpcUtil$1
instanceKlass io/grpc/internal/ProxyDetectorImpl$2
instanceKlass io/grpc/internal/ProxyDetectorImpl$1
instanceKlass io/grpc/internal/ProxyDetectorImpl$AuthenticationProvider
instanceKlass io/grpc/internal/ProxyDetectorImpl
instanceKlass  @bci com/google/common/base/Splitter on (Lcom/google/common/base/CharMatcher;)Lcom/google/common/base/Splitter; 10 <appendix> member <vmtarget> ; # com/google/common/base/Splitter$$Lambda+0x000000003f1cd368
instanceKlass com/google/common/base/Splitter$Strategy
instanceKlass com/google/common/base/CharMatcher
instanceKlass com/google/common/base/Splitter
instanceKlass io/grpc/InternalMetadata
instanceKlass io/grpc/internal/GrpcUtil$AcceptEncodingMarshaller
instanceKlass io/grpc/Metadata$2
instanceKlass io/grpc/Metadata$1
instanceKlass io/grpc/Metadata
instanceKlass io/grpc/Metadata$Key
instanceKlass io/grpc/internal/GrpcUtil$TimeoutMarshaller
instanceKlass io/grpc/Status
instanceKlass io/grpc/internal/ClientTransport
instanceKlass io/grpc/InternalInstrumented
instanceKlass io/grpc/InternalWithLogId
instanceKlass io/grpc/StreamTracer
instanceKlass io/grpc/ProxyDetector
instanceKlass io/grpc/InternalMetadata$TrustedAsciiMarshaller
instanceKlass io/grpc/Metadata$TrustedAsciiMarshaller
instanceKlass io/grpc/Metadata$AsciiMarshaller
instanceKlass io/grpc/internal/GrpcUtil
instanceKlass io/netty/util/AsciiString$2
instanceKlass io/netty/util/AsciiString$1
instanceKlass io/netty/util/internal/MathUtil
instanceKlass io/netty/util/AsciiString$CharEqualityComparator
instanceKlass io/netty/util/HashingStrategy
instanceKlass io/netty/handler/codec/http2/Http2Headers
instanceKlass io/netty/handler/codec/Headers
instanceKlass io/netty/buffer/ByteBufAllocator
instanceKlass io/grpc/internal/SharedResourceHolder$Resource
instanceKlass io/grpc/netty/Utils
instanceKlass io/netty/channel/ReflectiveChannelFactory
instanceKlass io/grpc/internal/ClientTransportFactory
instanceKlass io/grpc/internal/ObjectPool
instanceKlass io/netty/channel/ChannelFactory
instanceKlass io/netty/bootstrap/ChannelFactory
instanceKlass io/grpc/internal/ManagedChannelImplBuilder$ClientTransportFactoryBuilder
instanceKlass io/grpc/internal/ManagedChannelImplBuilder$ChannelBuilderDefaultPortProvider
instanceKlass io/grpc/netty/ProtocolNegotiator$ClientFactory
instanceKlass io/grpc/ManagedChannelBuilder
instanceKlass com/google/common/util/concurrent/ThreadFactoryBuilder$1
instanceKlass com/google/common/util/concurrent/ThreadFactoryBuilder
instanceKlass io/gapi/emulators/netty/NettyUtil
instanceKlass com/google/common/collect/Platform
instanceKlass com/google/datastore/v1/DatastoreGrpc$MethodHandlers
instanceKlass com/google/datastore/v1/ReserveIdsResponseOrBuilder
instanceKlass com/google/datastore/v1/ReserveIdsRequestOrBuilder
instanceKlass com/google/datastore/v1/TransactionOptionsOrBuilder
instanceKlass com/google/datastore/v1/AggregationResultBatchOrBuilder
instanceKlass com/google/datastore/v1/AggregationQueryOrBuilder
instanceKlass com/google/datastore/v1/QueryResultBatchOrBuilder
instanceKlass com/google/datastore/v1/ExplainMetricsOrBuilder
instanceKlass com/google/datastore/v1/PartitionIdOrBuilder
instanceKlass com/google/datastore/v1/GqlQueryOrBuilder
instanceKlass com/google/datastore/v1/ExplainOptionsOrBuilder
instanceKlass com/google/datastore/v1/QueryOrBuilder
instanceKlass com/google/datastore/v1/PropertyMaskOrBuilder
instanceKlass com/google/datastore/v1/ReadOptionsOrBuilder
instanceKlass com/google/rpc/StatusOrBuilder
instanceKlass com/google/datastore/v1/RunAggregationQueryResponseOrBuilder
instanceKlass com/google/datastore/v1/BeginTransactionResponseOrBuilder
instanceKlass com/google/datastore/v1/CommitResponseOrBuilder
instanceKlass com/google/datastore/v1/AllocateIdsResponseOrBuilder
instanceKlass com/google/datastore/v1/RunQueryResponseOrBuilder
instanceKlass com/google/datastore/v1/RollbackResponseOrBuilder
instanceKlass com/google/datastore/v1/LookupResponseOrBuilder
instanceKlass com/google/datastore/v1/DatastoreResponseOrBuilder
instanceKlass com/google/datastore/v1/RunAggregationQueryRequestOrBuilder
instanceKlass com/google/datastore/v1/BeginTransactionRequestOrBuilder
instanceKlass com/google/datastore/v1/CommitRequestOrBuilder
instanceKlass com/google/datastore/v1/AllocateIdsRequestOrBuilder
instanceKlass com/google/datastore/v1/RunQueryRequestOrBuilder
instanceKlass com/google/datastore/v1/RollbackRequestOrBuilder
instanceKlass com/google/protobuf/DurationOrBuilder
instanceKlass com/google/datastore/v1/LookupRequestOrBuilder
instanceKlass com/google/datastore/v1/DatastoreRequestOrBuilder
instanceKlass com/google/datastore/v1/DatastoreGrpc$DatastoreBaseDescriptorSupplier
instanceKlass com/google/datastore/v1/DatastoreGrpc
instanceKlass com/google/datastore/v1/DatastoreGrpc$DatastoreImplBase
instanceKlass com/google/datastore/v1/DatastoreGrpc$AsyncService
instanceKlass com/google/cloud/datastore/emulator/firestore/cloudv1/CloudDatastoreV1GrpcAdapter
instanceKlass com/google/firestore/emulator/v1/FirestoreEmulatorGrpc$MethodHandlers
instanceKlass com/google/firestore/emulator/v1/EventarcTrigger$DocumentOrBuilder
instanceKlass com/google/firestore/emulator/v1/EventarcTriggerOrBuilder
instanceKlass com/google/firestore/emulator/v1/CreateEventarcTriggerRequestOrBuilder
instanceKlass com/google/firestore/emulator/v1/CreateTriggerResponseOrBuilder
instanceKlass com/google/firestore/emulator/v1/EventTriggerOrBuilder
instanceKlass com/google/firestore/emulator/v1/CreateTriggerRequestOrBuilder
instanceKlass com/google/firestore/emulator/v1/RuleCoverageReportOrBuilder
instanceKlass com/google/firestore/emulator/v1/GetRuleCoverageRequestOrBuilder
instanceKlass com/google/firestore/emulator/v1/GetIndexUsageResponseOrBuilder
instanceKlass com/google/firestore/emulator/v1/GetIndexUsageRequestOrBuilder
instanceKlass com/google/firestore/emulator/v1/BulkDeleteRequestOrBuilder
instanceKlass com/google/firestore/emulator/v1/ExportDataRequestOrBuilder
instanceKlass com/google/firestore/emulator/v1/ImportDataRequestOrBuilder
instanceKlass com/google/firestore/emulator/v1/ClearDataRequestOrBuilder
instanceKlass com/google/firestore/emulator/v1/GetSecurityRulesResponseOrBuilder
instanceKlass com/google/firestore/emulator/v1/GetSecurityRulesRequestOrBuilder
instanceKlass com/google/firestore/emulator/v1/SetDatabaseEditionRequestOrBuilder
instanceKlass com/google/firestore/emulator/v1/SetSecurityRulesResponseOrBuilder
instanceKlass com/google/firestore/emulator/v1/SetSecurityRulesRequestOrBuilder
instanceKlass com/google/firestore/emulator/v1/FirestoreEmulatorGrpc$FirestoreEmulatorBaseDescriptorSupplier
instanceKlass com/google/firestore/emulator/v1/FirestoreEmulatorGrpc
instanceKlass com/google/firestore/emulator/v1/FirestoreEmulatorGrpc$FirestoreEmulatorImplBase
instanceKlass com/google/firestore/emulator/v1/FirestoreEmulatorGrpc$AsyncService
instanceKlass com/google/cloud/datastore/emulator/firestore/EmulatorAuxiliaryGrpcAdapter
instanceKlass com/google/firestore/v1beta1/FirestoreGrpc$MethodHandlers
instanceKlass com/google/firestore/v1beta1/CreateDocumentRequestOrBuilder
instanceKlass com/google/firestore/v1beta1/BatchWriteRequestOrBuilder
instanceKlass com/google/firestore/v1beta1/ListCollectionIdsRequestOrBuilder
instanceKlass com/google/firestore/v1beta1/TargetOrBuilder
instanceKlass com/google/firestore/v1beta1/ListenRequestOrBuilder
instanceKlass com/google/firestore/v1beta1/InitializeStreamRequestOrBuilder
instanceKlass com/google/firestore/v1beta1/WriteRequestOrBuilder
instanceKlass com/google/firestore/v1beta1/PartitionQueryResponseOrBuilder
instanceKlass com/google/firestore/v1beta1/PartitionQueryRequestOrBuilder
instanceKlass com/google/firestore/v1beta1/AggregationResultOrBuilder
instanceKlass com/google/firestore/v1beta1/RunAggregationQueryResponseOrBuilder
instanceKlass com/google/firestore/v1beta1/StructuredAggregationQueryOrBuilder
instanceKlass com/google/firestore/v1beta1/RunAggregationQueryRequestOrBuilder
instanceKlass com/google/firestore/v1beta1/ExplainStatsOrBuilder
instanceKlass com/google/firestore/v1beta1/ExecutePipelineResponseOrBuilder
instanceKlass com/google/firestore/v1beta1/StructuredPipelineOrBuilder
instanceKlass com/google/firestore/v1beta1/ExecutePipelineRequestOrBuilder
instanceKlass com/google/firestore/v1beta1/ExplainOptionsOrBuilder
instanceKlass com/google/firestore/v1beta1/StructuredQueryOrBuilder
instanceKlass com/google/firestore/v1beta1/RunQueryRequestOrBuilder
instanceKlass com/google/firestore/v1beta1/RollbackRequestOrBuilder
instanceKlass com/google/firestore/v1beta1/CommitRequestOrBuilder
instanceKlass com/google/firestore/v1beta1/BeginTransactionRequestOrBuilder
instanceKlass com/google/firestore/v1beta1/TransactionOptionsOrBuilder
instanceKlass com/google/firestore/v1beta1/BatchGetDocumentsRequestOrBuilder
instanceKlass com/google/firestore/v1beta1/DeleteDocumentRequestOrBuilder
instanceKlass com/google/firestore/v1beta1/PreconditionOrBuilder
instanceKlass com/google/firestore/v1beta1/UpdateDocumentRequestOrBuilder
instanceKlass com/google/firestore/v1beta1/ListDocumentsRequestOrBuilder
instanceKlass com/google/firestore/v1beta1/GetDocumentRequestOrBuilder
instanceKlass com/google/firestore/v1beta1/DocumentMaskOrBuilder
instanceKlass com/google/firestore/v1beta1/GetOrListDocumentsRequestOrBuilder
instanceKlass com/google/firestore/v1beta1/FirestoreGrpc$FirestoreBaseDescriptorSupplier
instanceKlass com/google/firestore/v1beta1/FirestoreGrpc
instanceKlass com/google/firestore/v1beta1/BatchWriteResponseOrBuilder
instanceKlass com/google/firestore/v1beta1/ListCollectionIdsResponseOrBuilder
instanceKlass com/google/firestore/v1beta1/TargetChangeOrBuilder
instanceKlass com/google/firestore/v1beta1/DocumentDeleteOrBuilder
instanceKlass com/google/firestore/v1beta1/ExistenceFilterOrBuilder
instanceKlass com/google/firestore/v1beta1/DocumentChangeOrBuilder
instanceKlass com/google/firestore/v1beta1/DocumentRemoveOrBuilder
instanceKlass com/google/firestore/v1beta1/ListenResponseOrBuilder
instanceKlass com/google/firestore/v1beta1/InitializeStreamResponseOrBuilder
instanceKlass com/google/firestore/v1beta1/WriteResponseOrBuilder
instanceKlass com/google/firestore/v1beta1/ExplainMetricsOrBuilder
instanceKlass com/google/firestore/v1beta1/RunQueryResponseOrBuilder
instanceKlass com/google/firestore/v1beta1/CommitResponseOrBuilder
instanceKlass com/google/firestore/v1beta1/BeginTransactionResponseOrBuilder
instanceKlass com/google/firestore/v1beta1/BatchGetDocumentsResponseOrBuilder
instanceKlass com/google/firestore/v1beta1/ListDocumentsResponseOrBuilder
instanceKlass com/google/firestore/v1beta1/DocumentOrBuilder
instanceKlass com/google/firestore/v1beta1/GetOrListDocumentsResponseOrBuilder
instanceKlass com/google/firestore/v1beta1/FirestoreGrpc$FirestoreImplBase
instanceKlass com/google/firestore/v1beta1/FirestoreGrpc$AsyncService
instanceKlass com/google/cloud/datastore/emulator/firestore/v1beta1/FirestoreV1Beta1GrpcAdapter
instanceKlass io/grpc/ServerInterceptors$InterceptCallHandler
instanceKlass io/grpc/ServerInterceptors
instanceKlass com/google/cloud/datastore/emulator/firestore/CloudFirestore$FirebaseDatabaseRefInterceptor
instanceKlass com/google/cloud/datastore/emulator/firestore/CloudFirestore$FirebaseAuthInterceptor
instanceKlass io/grpc/ServerInterceptor
instanceKlass io/grpc/stub/ServerCalls$StreamingServerCallHandler
instanceKlass io/grpc/ServerMethodDefinition
instanceKlass io/grpc/ServerCall$Listener
instanceKlass io/grpc/stub/ServerCalls$UnaryServerCallHandler
instanceKlass io/grpc/ServerCallHandler
instanceKlass io/grpc/stub/ServerCalls
instanceKlass com/google/firestore/v1/FirestoreGrpc$MethodHandlers
instanceKlass io/grpc/stub/ServerCalls$ClientStreamingMethod
instanceKlass io/grpc/ServerServiceDefinition$Builder
instanceKlass io/grpc/ServerServiceDefinition
instanceKlass com/google/firestore/v1/CreateDocumentRequestOrBuilder
instanceKlass com/google/firestore/v1/BatchWriteResponseOrBuilder
instanceKlass com/google/firestore/v1/BatchWriteRequestOrBuilder
instanceKlass com/google/firestore/v1/ListCollectionIdsResponseOrBuilder
instanceKlass com/google/firestore/v1/ListCollectionIdsRequestOrBuilder
instanceKlass com/google/firestore/v1/TargetChangeOrBuilder
instanceKlass com/google/firestore/v1/DocumentDeleteOrBuilder
instanceKlass com/google/firestore/v1/ExistenceFilterOrBuilder
instanceKlass com/google/firestore/v1/DocumentChangeOrBuilder
instanceKlass com/google/firestore/v1/DocumentRemoveOrBuilder
instanceKlass com/google/firestore/v1/ListenResponseOrBuilder
instanceKlass com/google/firestore/v1/TargetOrBuilder
instanceKlass com/google/firestore/v1/ListenRequestOrBuilder
instanceKlass com/google/firestore/v1/InitializeStreamResponseOrBuilder
instanceKlass com/google/firestore/v1/WriteResponseOrBuilder
instanceKlass com/google/firestore/v1/InitializeStreamRequestOrBuilder
instanceKlass com/google/firestore/v1/WriteRequestOrBuilder
instanceKlass com/google/firestore/v1/PartitionQueryResponseOrBuilder
instanceKlass com/google/firestore/v1/PartitionQueryRequestOrBuilder
instanceKlass com/google/firestore/v1/AggregationResultOrBuilder
instanceKlass com/google/firestore/v1/RunAggregationQueryResponseOrBuilder
instanceKlass com/google/firestore/v1/StructuredAggregationQueryOrBuilder
instanceKlass com/google/firestore/v1/RunAggregationQueryRequestOrBuilder
instanceKlass com/google/firestore/v1/ExplainStatsOrBuilder
instanceKlass com/google/firestore/v1/ExecutePipelineResponseOrBuilder
instanceKlass com/google/firestore/v1/StructuredPipelineOrBuilder
instanceKlass com/google/firestore/v1/ExecutePipelineRequestOrBuilder
instanceKlass com/google/firestore/v1/ExplainMetricsOrBuilder
instanceKlass com/google/cloud/datastore/internal/InternalResponseExtensionOrBuilder
instanceKlass com/google/firestore/v1/RunQueryResponseOrBuilder
instanceKlass com/google/firestore/v1/ExplainOptionsOrBuilder
instanceKlass com/google/firestore/v1/StructuredQueryOrBuilder
instanceKlass com/google/firestore/v1/RunQueryRequestOrBuilder
instanceKlass com/google/firestore/v1/RollbackRequestOrBuilder
instanceKlass com/google/firestore/v1/CommitResponseOrBuilder
instanceKlass com/google/firestore/v1/CommitRequestOrBuilder
instanceKlass com/google/firestore/v1/BeginTransactionResponseOrBuilder
instanceKlass com/google/firestore/v1/BeginTransactionRequestOrBuilder
instanceKlass com/google/firestore/v1/BatchGetDocumentsResponseOrBuilder
instanceKlass com/google/firestore/v1/TransactionOptionsOrBuilder
instanceKlass com/google/firestore/v1/BatchGetDocumentsRequestOrBuilder
instanceKlass com/google/firestore/v1/DeleteDocumentRequestOrBuilder
instanceKlass com/google/firestore/v1/PreconditionOrBuilder
instanceKlass com/google/firestore/v1/UpdateDocumentRequestOrBuilder
instanceKlass com/google/firestore/v1/ListDocumentsResponseOrBuilder
instanceKlass com/google/firestore/v1/ListDocumentsRequestOrBuilder
instanceKlass com/google/firestore/v1/DocumentOrBuilder
instanceKlass com/google/firestore/v1/GetDocumentRequestOrBuilder
instanceKlass io/grpc/protobuf/ProtoMethodDescriptorSupplier
instanceKlass com/google/firestore/v1/GetOrListDocumentsResponseOrBuilder
instanceKlass io/grpc/KnownLength
instanceKlass io/grpc/Drainable
instanceKlass io/grpc/protobuf/lite/ProtoLiteUtils$MessageMarshaller
instanceKlass io/grpc/MethodDescriptor$PrototypeMarshaller
instanceKlass io/grpc/MethodDescriptor$ReflectableMarshaller
instanceKlass io/grpc/Metadata$BinaryMarshaller
instanceKlass io/grpc/MethodDescriptor$Marshaller
instanceKlass io/grpc/protobuf/lite/ProtoLiteUtils
instanceKlass io/grpc/protobuf/ProtoUtils
instanceKlass com/google/firestore/v1/DocumentMaskOrBuilder
instanceKlass com/google/protobuf/TimestampOrBuilder
instanceKlass com/google/firestore/v1/GetOrListDocumentsRequestOrBuilder
instanceKlass io/grpc/MethodDescriptor$Builder
instanceKlass io/grpc/MethodDescriptor
instanceKlass com/google/firestore/v1/FirestoreGrpc$FirestoreBaseDescriptorSupplier
instanceKlass io/grpc/protobuf/ProtoServiceDescriptorSupplier
instanceKlass io/grpc/protobuf/ProtoFileDescriptorSupplier
instanceKlass io/grpc/ServiceDescriptor$Builder
instanceKlass io/grpc/ServiceDescriptor
instanceKlass io/grpc/stub/ServerCalls$BidiStreamingMethod
instanceKlass io/grpc/stub/ServerCalls$StreamingRequestMethod
instanceKlass io/grpc/stub/ServerCalls$ServerStreamingMethod
instanceKlass io/grpc/stub/ServerCalls$UnaryMethod
instanceKlass io/grpc/stub/ServerCalls$UnaryRequestMethod
instanceKlass io/grpc/stub/AbstractStub$StubFactory
instanceKlass com/google/firestore/v1/FirestoreGrpc
instanceKlass io/grpc/stub/StreamObserver
instanceKlass com/google/firestore/v1/FirestoreGrpc$FirestoreImplBase
instanceKlass com/google/firestore/v1/FirestoreGrpc$AsyncService
instanceKlass io/grpc/BindableService
instanceKlass com/google/cloud/datastore/emulator/firestore/v1/FirestoreV1GrpcAdapter
instanceKlass com/google/cloud/datastore/emulator/impl/firestore/cloudv1/CloudDatastoreV1Router
instanceKlass com/google/cloud/datastore/core/query/ConditionNormalizer
instanceKlass com/google/cloud/datastore/core/rep/converter/GoogleSqlPropertyPathFromRepConverter
instanceKlass com/google/common/io/BaseEncoding$Alphabet
instanceKlass com/google/common/io/BaseEncoding
instanceKlass com/google/cloud/datastore/core/firestorev1/converter/FirestoreV1RecommendedIndexFormatter
instanceKlass com/google/storage/onestore/v3/proto2api/OnestoreEntity$IndexPostfixOrBuilder
instanceKlass com/google/cloud/datastore/core/firestorev1/converter/FirestoreV1ResponseFromRepConverter
instanceKlass com/google/cloud/datastore/core/firestorev1/converter/FirestoreV1RequestToRepConverter
instanceKlass com/google/cloud/datastore/core/firestorev1/converter/FirestoreV1ResourceRefFromRepConverter
instanceKlass com/google/cloud/datastore/core/catalog/function/proto/FunctionKind$1
instanceKlass  @bci com/google/common/collect/CollectCollectors toImmutableMap (Ljava/util/function/Function;Ljava/util/function/Function;)Ljava/util/stream/Collector; 27 <appendix> argL0 ; # com/google/common/collect/CollectCollectors$$Lambda+0x000000003f1586b8
instanceKlass  @bci com/google/common/collect/CollectCollectors toImmutableMap (Ljava/util/function/Function;Ljava/util/function/Function;)Ljava/util/stream/Collector; 22 <appendix> argL0 ; # com/google/common/collect/CollectCollectors$$Lambda+0x000000003f158468
instanceKlass  @bci com/google/common/collect/CollectCollectors toImmutableMap (Ljava/util/function/Function;Ljava/util/function/Function;)Ljava/util/stream/Collector; 17 <appendix> member <vmtarget> ; # com/google/common/collect/CollectCollectors$$Lambda+0x000000003f158228
instanceKlass  @bci com/google/common/collect/CollectCollectors toImmutableMap (Ljava/util/function/Function;Ljava/util/function/Function;)Ljava/util/stream/Collector; 10 <appendix> argL0 ; # com/google/common/collect/CollectCollectors$$Lambda+0x000000003f158000
instanceKlass  @bci com/google/common/collect/CollectCollectors <clinit> ()V 75 <appendix> argL0 ; # com/google/common/collect/CollectCollectors$$Lambda+0x000000003f154400
instanceKlass  @bci com/google/common/collect/CollectCollectors <clinit> ()V 70 <appendix> argL0 ; # com/google/common/collect/CollectCollectors$$Lambda+0x000000003f154c60
instanceKlass  @bci com/google/common/collect/CollectCollectors <clinit> ()V 65 <appendix> argL0 ; # com/google/common/collect/CollectCollectors$$Lambda+0x000000003f154a28
instanceKlass  @bci com/google/common/collect/CollectCollectors <clinit> ()V 60 <appendix> argL0 ; # com/google/common/collect/CollectCollectors$$Lambda+0x000000003f154800
instanceKlass com/google/common/collect/ImmutableRangeSet$Builder
instanceKlass com/google/common/collect/SortedIterable
instanceKlass com/google/common/collect/AbstractRangeSet
instanceKlass com/google/common/collect/RangeSet
instanceKlass  @bci com/google/common/collect/CollectCollectors <clinit> ()V 45 <appendix> argL0 ; # com/google/common/collect/CollectCollectors$$Lambda+0x000000003f1534a0
instanceKlass  @bci com/google/common/collect/CollectCollectors <clinit> ()V 40 <appendix> argL0 ; # com/google/common/collect/CollectCollectors$$Lambda+0x000000003f153250
instanceKlass  @bci com/google/common/collect/CollectCollectors <clinit> ()V 35 <appendix> argL0 ; # com/google/common/collect/CollectCollectors$$Lambda+0x000000003f153018
instanceKlass  @cpi com/google/firebase/rules/eventflow/client/path/PathParser 151 form vmentry <vmtarget> ; # java/lang/invoke/LambdaForm$DMH+0x000000003f154000
instanceKlass  @bci com/google/common/collect/CollectCollectors <clinit> ()V 30 <appendix> argL0 ; # com/google/common/collect/CollectCollectors$$Lambda+0x000000003f152df0
instanceKlass  @bci com/google/common/collect/CollectCollectors <clinit> ()V 15 <appendix> argL0 ; # com/google/common/collect/CollectCollectors$$Lambda+0x000000003f152928
instanceKlass  @bci com/google/common/collect/CollectCollectors <clinit> ()V 10 <appendix> argL0 ; # com/google/common/collect/CollectCollectors$$Lambda+0x000000003f1526d8
instanceKlass  @bci com/google/common/collect/CollectCollectors <clinit> ()V 5 <appendix> argL0 ; # com/google/common/collect/CollectCollectors$$Lambda+0x000000003f1524a0
instanceKlass  @bci com/google/common/collect/CollectCollectors <clinit> ()V 0 <appendix> argL0 ; # com/google/common/collect/CollectCollectors$$Lambda+0x000000003f152278
instanceKlass com/google/common/collect/CollectCollectors
instanceKlass  @bci java/util/function/Function identity ()Ljava/util/function/Function; 0 <appendix> argL0 ; # java/util/function/Function$$Lambda+0x000000003f0edf20
instanceKlass  @bci com/google/cloud/datastore/emulator/impl/firestore/catalog/Registry <init> (Lcom/google/cloud/datastore/core/catalog/function/proto/Catalog;)V 24 <appendix> argL0 ; # com/google/cloud/datastore/emulator/impl/firestore/catalog/Registry$$Lambda+0x000000003f151e20
instanceKlass  @bci com/google/cloud/datastore/emulator/impl/firestore/catalog/Registry <init> (Lcom/google/cloud/datastore/core/catalog/function/proto/Catalog;)V 14 <appendix> argL0 ; # com/google/cloud/datastore/emulator/impl/firestore/catalog/Registry$$Lambda+0x000000003f151938
instanceKlass com/google/cloud/datastore/emulator/impl/firestore/catalog/Registry
instanceKlass java/util/TreeMap$NavigableSubMap$SubMapIterator
instanceKlass com/google/common/collect/Cut
instanceKlass com/google/common/collect/Range
instanceKlass com/google/common/collect/TreeRangeMap$1
instanceKlass com/google/common/collect/TreeRangeMap
instanceKlass com/google/cloud/datastore/core/catalog/function/proto/FunctionSignature$RequestValidation$Mode$1
instanceKlass com/google/cloud/datastore/core/catalog/function/proto/SupportedSystems$ExecutionMode$1
instanceKlass com/google/common/collect/HashBasedTable$Factory
instanceKlass com/google/common/collect/AbstractTable
instanceKlass com/google/cloud/datastore/core/catalog/function/proto/TypeParameter$BoundOrBuilder
instanceKlass com/google/cloud/datastore/core/catalog/function/proto/TypeParameter$UnionOrBuilder
instanceKlass com/google/cloud/datastore/core/catalog/function/proto/Type$MapOrBuilder
instanceKlass com/google/cloud/datastore/core/catalog/function/proto/Type$FunctionOrBuilder
instanceKlass com/google/cloud/datastore/core/catalog/function/proto/Type$ArrayOrBuilder
instanceKlass com/google/protobuf/EmptyOrBuilder
instanceKlass com/google/cloud/datastore/core/catalog/function/proto/FunctionSignature$RequestValidation$Argument$ValueArgumentOrBuilder
instanceKlass com/google/cloud/datastore/core/catalog/function/proto/FunctionSignature$RequestValidation$Argument$EnumArgumentOrBuilder
instanceKlass com/google/cloud/datastore/core/catalog/function/proto/FunctionSignature$RequestValidation$Argument$FieldArgumentOrBuilder
instanceKlass com/google/protobuf/PrimitiveNonBoxingCollection
instanceKlass com/google/cloud/datastore/core/catalog/function/proto/SupportedSystems$2
instanceKlass com/google/cloud/datastore/core/catalog/function/proto/SupportedSystems$1
instanceKlass com/google/protobuf/Internal$IntListAdapter$IntConverter
instanceKlass com/google/cloud/datastore/core/catalog/function/proto/TypeParameterOrBuilder
instanceKlass com/google/cloud/datastore/core/catalog/function/proto/FunctionSignature$RequestValidation$ArgumentOrBuilder
instanceKlass com/google/cloud/datastore/core/catalog/function/proto/SupportedSystemsOrBuilder
instanceKlass com/google/cloud/datastore/core/catalog/function/proto/FunctionSignature$RequestValidation$VariadicOrBuilder
instanceKlass com/google/cloud/datastore/core/catalog/function/proto/TypeOrBuilder
instanceKlass com/google/cloud/datastore/core/catalog/function/proto/FunctionSignature$RequestValidationOrBuilder
instanceKlass com/google/cloud/datastore/core/catalog/function/proto/FunctionSignature$PrintBehaviourOrBuilder
instanceKlass com/google/cloud/datastore/core/catalog/function/proto/FunctionSignature$OptimizerOrBuilder
instanceKlass com/google/cloud/datastore/core/catalog/function/proto/FunctionSignatureOrBuilder
instanceKlass com/google/cloud/datastore/core/catalog/function/proto/CatalogOrBuilder
instanceKlass com/google/common/io/Resources
instanceKlass com/google/cloud/datastore/core/hyperstore/catalog/FunctionResolvers
instanceKlass com/google/common/collect/RangeMap
instanceKlass com/google/common/collect/Table
instanceKlass com/google/cloud/datastore/emulator/impl/firestore/catalog/ConfigResolver
instanceKlass com/google/common/collect/CollectPreconditions
instanceKlass com/google/cloud/datastore/core/util/EnumConverter$Builder
instanceKlass com/google/cloud/datastore/core/hyperstore/ast/Expr
instanceKlass com/google/cloud/datastore/core/hyperstore/ast/Stage
instanceKlass java/util/AbstractMap$SimpleImmutableEntry
instanceKlass com/google/common/collect/ImmutableMap$Builder
instanceKlass com/google/cloud/datastore/core/util/ContextlessConverter
instanceKlass com/google/cloud/datastore/core/firestorev1/converter/FirestoreV1AggregationQueryToRepConverter
instanceKlass com/google/firestore/v1/StructuredQuery$UnaryFilter$Operator$1
instanceKlass com/google/common/collect/Hashing
instanceKlass com/google/common/math/IntMath$1
instanceKlass com/google/common/math/MathPreconditions
instanceKlass com/google/common/math/IntMath
instanceKlass com/google/common/collect/ImmutableSet$SetBuilderImpl
instanceKlass com/google/firestore/v1/StructuredQuery$FieldFilter$Operator$1
instanceKlass com/google/cloud/datastore/core/firestorev1/converter/FirestoreV1QueryToRepConverter
instanceKlass com/google/cloud/datastore/core/rep/ValueOrder
instanceKlass com/google/cloud/datastore/core/firestorev1/converter/FirestoreV1TransformationToRepConverter
instanceKlass com/google/re2j/Characters
instanceKlass com/google/re2j/UnicodeTables
instanceKlass com/google/re2j/Unicode
instanceKlass com/google/re2j/CharGroup
instanceKlass com/google/re2j/Compiler$1
instanceKlass com/google/re2j/Compiler$Frag
instanceKlass com/google/re2j/Inst
instanceKlass com/google/re2j/Prog
instanceKlass com/google/re2j/Compiler
instanceKlass com/google/re2j/Simplify$1
instanceKlass com/google/re2j/Simplify
instanceKlass com/google/re2j/Utils
instanceKlass com/google/re2j/CharClass
instanceKlass com/google/re2j/Regexp
instanceKlass com/google/re2j/Parser$StringIterator
instanceKlass com/google/re2j/Parser
instanceKlass com/google/re2j/RE2$DeliverFunc
instanceKlass com/google/re2j/RE2$ReplaceFunc
instanceKlass com/google/re2j/RE2
instanceKlass com/google/re2j/Pattern
instanceKlass com/google/cloud/datastore/core/rep/PropertyPath
instanceKlass com/google/common/collect/ImmutableMap
instanceKlass com/google/common/base/Converter
instanceKlass com/google/common/collect/BiMap
instanceKlass com/google/common/collect/SortedMapDifference
instanceKlass com/google/common/collect/MapDifference
instanceKlass com/google/common/collect/Maps
instanceKlass com/google/common/base/Ascii
instanceKlass com/google/cloud/datastore/core/rep/PropertyName
instanceKlass com/google/cloud/datastore/core/names/Names
instanceKlass com/google/cloud/datastore/core/rep/PropertyPathSegment
instanceKlass com/google/cloud/datastore/core/rep/converter/GoogleSqlPropertyPathToRepConverter
instanceKlass com/google/cloud/datastore/core/firestorev1/converter/FirestoreV1PropertyPathToRepConverter
instanceKlass com/google/cloud/datastore/core/rep/validator/PropertyPathValidator
instanceKlass com/google/cloud/datastore/core/appengv3/converter/AppEngV3IndexValueToRepConverter
instanceKlass com/google/cloud/datastore/core/appengv3/converter/AppEngV3ToRepConverter$DefaultMeaningRemoverOneLevelVisitor
instanceKlass com/google/cloud/datastore/core/appengv3/RecursiveEntityVisitor$NoopVisitor
instanceKlass com/google/cloud/datastore/core/appengv3/RecursiveEntityVisitor$Visitor$Builder
instanceKlass com/google/cloud/datastore/core/appengv3/RecursiveEntityVisitor$Visitor
instanceKlass com/google/cloud/datastore/core/appengv3/RecursiveEntityVisitor
instanceKlass com/google/cloud/datastore/core/rep/Condition
instanceKlass com/google/cloud/datastore/core/appengv3/RecursiveEntityVisitor$OneLevelVisitor
instanceKlass com/google/cloud/datastore/core/appengv3/converter/AppEngV3ToRepConverter
instanceKlass com/google/cloud/datastore/core/firestorev1/converter/BaseValueToRepConverter
instanceKlass com/google/cloud/datastore/core/firestorev1/converter/FirestoreV1ValueToRepConverterProvider
instanceKlass com/google/cloud/datastore/core/firestorev1/converter/FirestoreV1EntityToRepConverter
instanceKlass com/google/cloud/datastore/core/appengv3/converter/AppEngV3EntityToRepConverter
instanceKlass com/google/cloud/datastore/core/rep/values/Number
instanceKlass com/google/cloud/datastore/core/rep/values/Value
instanceKlass com/google/cloud/datastore/core/common/memory/MemorySize
instanceKlass com/google/cloud/datastore/core/appengv3/converter/AppEngV3ResourceRefToRepConverter
instanceKlass com/google/cloud/datastore/core/rep/ResourceRef
instanceKlass com/google/cloud/datastore/core/firestorev1/converter/FirestoreV1ResourceRefToRepConverter
instanceKlass com/google/cloud/datastore/core/names/ProjectIdAppIdResolver$ProjectIdResolver
instanceKlass com/google/cloud/datastore/core/rep/converter/UserIdObfuscator$1
instanceKlass com/google/cloud/datastore/core/rep/converter/UserIdObfuscator
instanceKlass com/google/firestore/admin/v1/Index$SearchIndexOptionsOrBuilder
instanceKlass com/google/firestore/admin/v1/IndexOrBuilder
instanceKlass com/google/cloud/datastore/core/rep/converter/EquivalentMessageConverter
instanceKlass java/util/concurrent/atomic/AtomicReferenceArray
instanceKlass com/google/common/collect/MapMakerInternalMap$StrongValueEntry
instanceKlass com/google/common/collect/MapMakerInternalMap$WeakKeyDummyValueEntry$Helper
instanceKlass com/google/common/base/MoreObjects
instanceKlass com/google/common/collect/MapMakerInternalMap$InternalEntry
instanceKlass com/google/common/collect/MapMakerInternalMap$1
instanceKlass com/google/common/collect/MapMakerInternalMap$InternalEntryHelper
instanceKlass com/google/common/collect/MapMakerInternalMap$WeakValueReference
instanceKlass com/google/common/base/Equivalence
instanceKlass java/util/function/BiPredicate
instanceKlass com/google/common/collect/Interners$InternerImpl
instanceKlass com/google/common/collect/MapMaker
instanceKlass com/google/common/collect/Interner
instanceKlass com/google/common/collect/Interners$InternerBuilder
instanceKlass com/google/common/collect/Interners
instanceKlass com/google/io/protocol/ProtoString
instanceKlass com/google/io/protocol/ProtocolSupport
instanceKlass com/google/storage/onestore/v3/OnestoreEntity
instanceKlass java/util/Formatter$FormatSpecifierParser
instanceKlass  @bci java/util/regex/CharPredicates ASCII_WORD ()Ljava/util/regex/Pattern$BmpCharPredicate; 0 <appendix> argL0 ; # java/util/regex/CharPredicates$$Lambda+0x000000003f0ebb30
instanceKlass  @bci java/util/regex/CharPredicates ASCII_SPACE ()Ljava/util/regex/Pattern$BmpCharPredicate; 0 <appendix> argL0 ; # java/util/regex/CharPredicates$$Lambda+0x800000025
instanceKlass java/util/regex/CharPredicates
instanceKlass  @bci java/util/regex/Pattern DOT ()Ljava/util/regex/Pattern$CharPredicate; 0 <appendix> argL0 ; # java/util/regex/Pattern$$Lambda+0x000000003f0eb8c8
instanceKlass  @bci java/util/regex/Pattern ALL ()Ljava/util/regex/Pattern$CharPredicate; 0 <appendix> argL0 ; # java/util/regex/Pattern$$Lambda+0x000000003f0eb660
instanceKlass java/lang/StackTraceElement$HashedModules
instanceKlass com/google/common/flags/FlagInfo
instanceKlass com/google/common/flags/Flags
instanceKlass  @bci java/util/regex/Pattern SingleI (II)Ljava/util/regex/Pattern$BmpCharPredicate; 2 <appendix> member <vmtarget> ; # java/util/regex/Pattern$$Lambda+0x000000003f0eabd8
instanceKlass com/google/common/flags/Flag
instanceKlass com/google/common/collect/Multimap
instanceKlass com/google/io/protocol/ProtocolMessage$AbstractVisitor
instanceKlass com/google/io/protocol/MessageVisitor
instanceKlass com/google/io/protocol/ProtocolType$Visitor
instanceKlass com/google/protobuf/MessageReflection$MergeTarget
instanceKlass com/google/protobuf/AbstractMutableMessageLite
instanceKlass com/google/protobuf/MutableMessage
instanceKlass com/google/cloud/datastore/core/firestorev1/converter/FirestoreV1KeystoreClient$1
instanceKlass com/google/cloud/datastore/core/firestorev1/converter/FirestoreV1KeystoreClient
instanceKlass com/google/cloud/datastore/internal/InternalHeader$ApiVersion$1
instanceKlass com/google/cloud/datastore/core/write/Mutation$VersionPrecondition
instanceKlass com/google/cloud/datastore/core/exception/Problem
instanceKlass com/google/cloud/datastore/core/hyperstore/catalog/FunctionResolver
instanceKlass com/google/cloud/datastore/core/hyperstore/catalog/FunctionRegistry
instanceKlass com/google/cloud/datastore/core/names/ProjectIdAppIdResolver
instanceKlass com/google/cloud/datastore/emulator/impl/util/FirestoreEmulatorConverters
instanceKlass com/google/cloud/datastore/emulator/impl/firestore/CloudFirestoreV1Router
instanceKlass io/netty/util/concurrent/MultithreadEventExecutorGroup$1
instanceKlass io/netty/util/concurrent/DefaultEventExecutorChooserFactory$PowerOfTwoEventExecutorChooser
instanceKlass io/netty/channel/nio/NioEventLoop$SelectorTuple
instanceKlass io/netty/channel/nio/NioEventLoop$4
instanceKlass java/nio/channels/SelectionKey
instanceKlass io/netty/channel/nio/NioEventLoop$3
instanceKlass java/nio/BufferMismatch
instanceKlass jdk/net/ExtendedSocketOptions$2
instanceKlass jdk/net/ExtendedSocketOptions$PlatformSocketOptions
instanceKlass jdk/net/ExtendedSocketOptions$ExtSocketOption
instanceKlass java/net/SocketOption
instanceKlass jdk/net/ExtendedSocketOptions
instanceKlass sun/net/ext/ExtendedSocketOptions
instanceKlass jdk/internal/lang/stable/StableValueImpl
instanceKlass java/lang/StableValue
instanceKlass sun/nio/ch/Net$1
instanceKlass sun/nio/ch/Net
instanceKlass sun/security/provider/AbstractDrbg$NonceProvider
instanceKlass  @bci sun/security/provider/AbstractDrbg$SeederHolder <clinit> ()V 42 <appendix> member <vmtarget> ; # sun/security/provider/AbstractDrbg$SeederHolder$$Lambda+0x000000003f0e5cf8
instanceKlass  @cpi sun/security/provider/AbstractDrbg$SeederHolder 91 form vmentry <vmtarget> ; # java/lang/invoke/LambdaForm$DMH+0x000000003f0dc400
instanceKlass sun/nio/fs/BasicFileAttributesHolder
instanceKlass sun/nio/fs/WindowsDirectoryStream$WindowsDirectoryIterator
instanceKlass sun/nio/fs/WindowsDirectoryStream
instanceKlass java/nio/file/DirectoryStream
instanceKlass java/nio/file/Files$AcceptAllFilter
instanceKlass java/nio/file/DirectoryStream$Filter
instanceKlass java/net/NetworkInterface$1
instanceKlass java/net/DefaultInterface
instanceKlass java/net/Inet6Address$Inet6AddressHolder
instanceKlass java/net/InetAddress$PlatformResolver
instanceKlass java/net/spi/InetAddressResolver
instanceKlass java/net/spi/InetAddressResolver$LookupPolicy
instanceKlass java/net/Inet4AddressImpl
instanceKlass java/net/Inet6AddressImpl
instanceKlass java/net/InetAddressImpl
instanceKlass java/util/concurrent/ConcurrentSkipListMap$Node
instanceKlass java/util/concurrent/ConcurrentSkipListMap$Index
instanceKlass java/util/concurrent/ConcurrentNavigableMap
instanceKlass java/util/NavigableSet
instanceKlass java/util/SortedSet
instanceKlass java/net/InetAddress$InetAddressHolder
instanceKlass jdk/internal/util/Exceptions
instanceKlass java/net/InetAddress$1
instanceKlass jdk/internal/access/JavaNetInetAddressAccess
instanceKlass java/net/InetAddress
instanceKlass java/net/InterfaceAddress
instanceKlass java/net/NetworkInterface
instanceKlass java/lang/invoke/VarHandle$AccessDescriptor
instanceKlass sun/security/provider/ByteArrayAccess$BE
instanceKlass sun/security/provider/ByteArrayAccess
instanceKlass sun/security/util/MessageDigestSpi2
instanceKlass sun/security/jca/GetInstance$Instance
instanceKlass sun/security/util/SecurityProperties
instanceKlass sun/security/util/CryptoAlgorithmConstraints$CryptoHolder
instanceKlass sun/security/util/AbstractAlgorithmConstraints
instanceKlass java/security/AlgorithmConstraints
instanceKlass java/security/MessageDigestSpi
instanceKlass sun/security/provider/SeedGenerator
instanceKlass sun/security/provider/AbstractDrbg$SeederHolder
instanceKlass java/security/DrbgParameters$NextBytes
instanceKlass java/net/ProtocolFamily
instanceKlass sun/security/smartcardio/SunPCSC$1
instanceKlass org/jcp/xml/dsig/internal/dom/XMLDSigRI$2
instanceKlass org/jcp/xml/dsig/internal/dom/XMLDSigRI$1
instanceKlass  @bci sun/security/pkcs11/SunPKCS11 register (Lsun/security/pkcs11/SunPKCS11$Descriptor;)V 27 <appendix> argL0 ; # sun/security/pkcs11/SunPKCS11$$Lambda+0x000000003f0d8de0
instanceKlass sun/security/pkcs11/SunPKCS11$Descriptor
instanceKlass javax/security/auth/Subject
instanceKlass javax/security/auth/callback/CallbackHandler
instanceKlass sun/security/jca/ProviderConfig$ProviderLoader
instanceKlass java/security/spec/ECFieldF2m
instanceKlass sun/security/util/ObjectIdentifier
instanceKlass sun/util/calendar/CalendarSystem$GregorianHolder
instanceKlass sun/util/calendar/CalendarSystem
instanceKlass sun/security/util/ByteArrayTagOrder
instanceKlass sun/security/util/ByteArrayLexOrder
instanceKlass sun/security/util/DerEncoder
instanceKlass java/security/spec/ECParameterSpec
instanceKlass java/security/spec/AlgorithmParameterSpec
instanceKlass java/security/spec/ECPoint
instanceKlass java/security/spec/EllipticCurve
instanceKlass java/security/spec/ECFieldFp
instanceKlass java/security/spec/ECField
instanceKlass sun/security/util/CurveDB
instanceKlass sun/security/rsa/SunRsaSignEntries
instanceKlass sun/security/jca/GetInstance
instanceKlass sun/net/NetProperties
instanceKlass sun/nio/ch/UnixDomainSocketsUtil
instanceKlass sun/nio/ch/UnixDomainSockets
instanceKlass sun/nio/ch/PipeImpl$Initializer$LoopbackConnector
instanceKlass sun/nio/ch/PipeImpl$Initializer
instanceKlass  @bci sun/security/provider/AbstractDrbg <clinit> ()V 12 <appendix> argL0 ; # sun/security/provider/AbstractDrbg$$Lambda+0x000000003f039440
instanceKlass  @cpi sun/security/provider/AbstractDrbg 383 form vmentry <vmtarget> ; # java/lang/invoke/LambdaForm$DMH+0x000000003f0d0c00
# instanceKlass java/lang/invoke/LambdaForm$DMH+0x000000003f0d0800
instanceKlass sun/security/provider/EntropySource
instanceKlass sun/security/provider/AbstractDrbg
instanceKlass java/security/DrbgParameters$Instantiation
instanceKlass java/security/DrbgParameters
instanceKlass sun/security/provider/MoreDrbgParameters
instanceKlass java/security/SecureRandomSpi
instanceKlass jdk/internal/event/Event
instanceKlass sun/security/util/SecurityProviderConstants
instanceKlass java/security/Provider$UString
instanceKlass java/security/Provider$Service
instanceKlass sun/security/provider/NativePRNG$NonBlocking
instanceKlass sun/security/provider/NativePRNG$Blocking
instanceKlass sun/security/provider/NativePRNG
instanceKlass sun/security/provider/SunEntries
instanceKlass java/security/Permission
instanceKlass java/security/Guard
instanceKlass sun/security/util/SecurityConstants
instanceKlass java/security/Security$2
instanceKlass jdk/internal/access/JavaSecurityPropertiesAccess
instanceKlass sun/nio/ch/SelChImpl
instanceKlass java/nio/channels/NetworkChannel
instanceKlass sun/nio/ch/Streams
instanceKlass java/nio/channels/Channels
instanceKlass sun/nio/ch/FileChannelImpl$Closer
instanceKlass sun/nio/fs/WindowsChannelFactory$Flags
instanceKlass sun/nio/fs/WindowsChannelFactory$1
instanceKlass sun/nio/fs/WindowsChannelFactory
instanceKlass sun/nio/fs/WindowsSecurityDescriptor
instanceKlass sun/nio/fs/WindowsLinkSupport
instanceKlass java/security/Security$SecPropLoader
instanceKlass java/security/Security
instanceKlass jdk/internal/math/FloatingDecimal$ASCIIToBinaryBuffer
instanceKlass jdk/internal/math/MathUtils
instanceKlass jdk/internal/math/FloatingDecimal$PreparedASCIIToBinaryBuffer
instanceKlass jdk/internal/math/FloatingDecimal$ASCIIToBinaryConverter
instanceKlass jdk/internal/math/FloatingDecimal$BinaryToASCIIBuffer
instanceKlass jdk/internal/math/FloatingDecimal$ExceptionalBinaryToASCIIBuffer
instanceKlass jdk/internal/math/FloatingDecimal$BinaryToASCIIConverter
instanceKlass jdk/internal/math/FloatingDecimal
instanceKlass javax/security/auth/login/Configuration$Parameters
instanceKlass java/security/Policy$Parameters
instanceKlass javax/crypto/KDFParameters
instanceKlass java/security/cert/CertStoreParameters
instanceKlass java/security/SecureRandomParameters
instanceKlass java/security/Provider$EngineDescription
instanceKlass  @bci java/security/Provider <clinit> ()V 28 <appendix> argL0 ; # java/security/Provider$$Lambda+0x000000003f032d78
instanceKlass java/security/Provider$ServiceKey
instanceKlass sun/security/jca/ProviderConfig
instanceKlass sun/security/jca/ProviderList
instanceKlass sun/security/jca/Providers
instanceKlass java/nio/channels/Pipe
instanceKlass sun/nio/ch/WEPoll
instanceKlass sun/nio/ch/Util$2
instanceKlass java/nio/channels/spi/AbstractSelector$1
instanceKlass io/netty/channel/nio/NioEventLoop$1
instanceKlass io/netty/util/internal/ThreadExecutorMap$1
instanceKlass io/netty/util/internal/shaded/org/jctools/util/UnsafeRefArrayAccess
instanceKlass io/netty/util/internal/shaded/org/jctools/util/Pow2
instanceKlass io/netty/util/internal/shaded/org/jctools/util/RangeUtil
instanceKlass io/netty/util/internal/shaded/org/jctools/util/UnsafeAccess
instanceKlass io/netty/util/internal/PlatformDependent$Mpsc$1
instanceKlass io/netty/util/internal/PlatformDependent$Mpsc
instanceKlass io/netty/channel/DefaultSelectStrategy
instanceKlass io/netty/channel/SelectStrategy
instanceKlass io/netty/util/internal/PlatformDependent$4
instanceKlass java/util/Arrays$ArrayItr
# instanceKlass java/lang/invoke/LambdaForm$MH+0x000000003f0d0400
instanceKlass io/netty/util/internal/CleanerJava9$1
instanceKlass io/netty/util/internal/CleanerJava9
instanceKlass io/netty/util/internal/PlatformDependent$2
instanceKlass io/netty/util/internal/PlatformDependent$1
instanceKlass  @bci java/util/regex/Pattern union (Ljava/util/regex/Pattern$CharPredicate;Ljava/util/regex/Pattern$CharPredicate;Z)Ljava/util/regex/Pattern$CharPredicate; 6 <appendix> member <vmtarget> ; # java/util/regex/Pattern$$Lambda+0x800000030
instanceKlass  @bci java/util/regex/Pattern Range (II)Ljava/util/regex/Pattern$CharPredicate; 23 <appendix> member <vmtarget> ; # java/util/regex/Pattern$$Lambda+0x800000028
instanceKlass io/netty/util/internal/PlatformDependent0$9
instanceKlass io/netty/util/internal/PlatformDependent0$7
instanceKlass io/netty/util/internal/PlatformDependent0$6
instanceKlass io/netty/util/internal/PlatformDependent0$5
instanceKlass io/netty/util/internal/PlatformDependent0$4
instanceKlass io/netty/util/internal/PlatformDependent0$3
instanceKlass io/netty/util/internal/PlatformDependent0$2
instanceKlass io/netty/util/internal/ReflectionUtil
instanceKlass io/netty/util/internal/PlatformDependent0$1
# instanceKlass java/lang/invoke/LambdaForm$MH+0x000000003f0d0000
instanceKlass sun/invoke/util/ValueConversions$WrapperCache
instanceKlass java/lang/Thread$Builder$OfVirtual
instanceKlass java/lang/Thread$Builder$OfPlatform
instanceKlass java/lang/Thread$Builder
instanceKlass io/netty/util/internal/PlatformDependent0
instanceKlass io/netty/util/internal/shaded/org/jctools/queues/SupportsIterator
instanceKlass io/netty/util/internal/shaded/org/jctools/queues/QueueProgressIndicators
instanceKlass io/netty/util/internal/shaded/org/jctools/queues/IndexedQueueSizeUtil$IndexedQueue
instanceKlass io/netty/util/internal/shaded/org/jctools/queues/MessagePassingQueue
instanceKlass io/netty/util/internal/LongCounter
instanceKlass io/netty/util/internal/PlatformDependent$ThreadLocalRandomProvider
instanceKlass io/netty/util/internal/Cleaner
instanceKlass io/netty/util/internal/PlatformDependent
instanceKlass java/util/concurrent/CountDownLatch
instanceKlass java/util/concurrent/atomic/AtomicIntegerFieldUpdater
instanceKlass io/netty/util/concurrent/SingleThreadEventExecutor$1
instanceKlass java/nio/channels/Selector
instanceKlass io/netty/util/IntSupplier
instanceKlass io/netty/channel/ChannelPromise
instanceKlass io/netty/channel/ChannelFuture
instanceKlass io/netty/util/concurrent/ThreadProperties
instanceKlass io/netty/util/concurrent/ThreadPerTaskExecutor
instanceKlass io/netty/util/internal/ThreadExecutorMap$3
instanceKlass io/netty/util/internal/UnpaddedInternalThreadLocalMap
instanceKlass io/netty/util/concurrent/FastThreadLocal
instanceKlass io/netty/util/internal/ThreadExecutorMap
instanceKlass io/netty/util/internal/StringUtil
instanceKlass io/netty/util/concurrent/DefaultThreadFactory
instanceKlass io/netty/util/concurrent/GlobalEventExecutor$TaskRunner
instanceKlass java/util/concurrent/Executors$RunnableAdapter
instanceKlass java/util/concurrent/Callable
instanceKlass io/netty/util/concurrent/GlobalEventExecutor$1
instanceKlass io/netty/util/concurrent/PromiseTask$SentinelRunnable
instanceKlass io/netty/util/internal/PriorityQueueNode
instanceKlass io/netty/util/concurrent/AbstractScheduledEventExecutor$2
instanceKlass io/netty/util/concurrent/AbstractScheduledEventExecutor$1
instanceKlass io/netty/util/internal/PriorityQueue
instanceKlass io/netty/util/concurrent/ScheduledFuture
instanceKlass io/netty/util/concurrent/ProgressivePromise
instanceKlass io/netty/util/concurrent/ProgressiveFuture
instanceKlass java/util/concurrent/RunnableFuture
instanceKlass io/netty/util/internal/ThrowableUtil
instanceKlass sun/reflect/misc/ReflectUtil
instanceKlass io/netty/util/concurrent/DefaultFutureListeners
instanceKlass io/netty/util/concurrent/DefaultPromise$CauseHolder
instanceKlass java/util/concurrent/atomic/AtomicReferenceFieldUpdater
instanceKlass io/netty/util/concurrent/AbstractFuture
instanceKlass io/netty/util/concurrent/EventExecutorChooserFactory$EventExecutorChooser
instanceKlass io/netty/util/concurrent/DefaultEventExecutorChooserFactory
instanceKlass io/netty/util/concurrent/RejectedExecutionHandlers$1
instanceKlass io/netty/util/concurrent/RejectedExecutionHandler
instanceKlass io/netty/util/concurrent/RejectedExecutionHandlers
instanceKlass io/netty/channel/DefaultSelectStrategyFactory
instanceKlass io/netty/channel/SelectStrategyFactory
instanceKlass sun/nio/ch/DefaultSelectorProvider
instanceKlass java/nio/channels/spi/SelectorProvider$Holder
instanceKlass java/nio/channels/spi/SelectorProvider
instanceKlass io/netty/util/NettyRuntime$AvailableProcessorsHolder
instanceKlass io/netty/util/NettyRuntime
instanceKlass io/netty/channel/EventLoop
instanceKlass io/netty/util/concurrent/OrderedEventExecutor
instanceKlass io/netty/util/concurrent/EventExecutorChooserFactory
instanceKlass io/netty/util/concurrent/FutureListener
instanceKlass io/netty/util/concurrent/Promise
instanceKlass io/netty/util/concurrent/Future
instanceKlass io/netty/util/concurrent/EventExecutor
instanceKlass java/util/concurrent/ScheduledFuture
instanceKlass java/util/concurrent/Future
instanceKlass java/util/concurrent/Delayed
instanceKlass io/netty/util/concurrent/AbstractEventExecutorGroup
instanceKlass java/util/concurrent/ConcurrentLinkedQueue$Node
instanceKlass  @bci com/google/cloud/datastore/emulator/firestore/websocket/WebSocketChannelHandler <init> (Lcom/google/common/time/TimeSource;)V 21 <appendix> member <vmtarget> ; # com/google/cloud/datastore/emulator/firestore/websocket/WebSocketChannelHandler$$Lambda+0x000000003f0a6d08
instanceKlass com/google/gson/JsonElement
instanceKlass com/google/cloud/datastore/emulator/firestore/websocket/BufferingRequestListener
instanceKlass io/netty/util/concurrent/GenericFutureListener
instanceKlass java/util/EventListener
instanceKlass io/netty/channel/ChannelHandlerAdapter
instanceKlass io/netty/channel/ChannelInboundHandler
instanceKlass java/time/Instant
instanceKlass java/time/temporal/TemporalAdjuster
instanceKlass java/time/temporal/Temporal
instanceKlass java/time/temporal/TemporalAccessor
instanceKlass com/google/cloud/datastore/emulator/impl/config/FirestoreEmulatorConfig$MicrosecondMonotonicTimeSourceWrapper
instanceKlass com/google/cloud/datastore/emulator/impl/util/EmulatorRequestsListener
instanceKlass io/netty/channel/EventLoopGroup
instanceKlass io/netty/util/concurrent/EventExecutorGroup
instanceKlass java/util/concurrent/ScheduledExecutorService
instanceKlass com/google/cloud/datastore/emulator/firestore/websocket/WebSocketServer
instanceKlass jdk/internal/foreign/MemorySessionImpl
instanceKlass java/lang/foreign/MemorySegment$Scope
# instanceKlass java/lang/invoke/LambdaForm$DMH+0x000000003f0a4000
instanceKlass java/lang/invoke/MethodHandle$1
instanceKlass com/google/storage/onestore/v3/proto2api/OnestoreEntity$PropertyValue$ReferenceValueOrBuilder
instanceKlass com/google/storage/onestore/v3/proto2api/OnestoreEntity$PropertyValue$PointValueOrBuilder
instanceKlass com/google/storage/onestore/v3/proto2api/OnestoreEntity$PropertyValue$UserValueOrBuilder
instanceKlass com/google/storage/onestore/v3/proto2api/OnestoreEntity$Property$Meaning$1
instanceKlass com/google/protobuf/Internal$EnumLiteMap
instanceKlass com/google/protobuf/ProtocolMessageEnum
instanceKlass com/google/protobuf/Internal$EnumLite
instanceKlass com/google/storage/onestore/v3/proto2api/OnestoreEntity$PropertyValueOrBuilder
instanceKlass com/google/protobuf/UnknownFieldSet$Builder
instanceKlass com/google/storage/onestore/v3/proto2api/OnestoreEntity$Path$ElementOrBuilder
instanceKlass com/google/storage/onestore/v3/proto2api/OnestoreEntity$PropertyOrBuilder
instanceKlass com/google/storage/onestore/v3/proto2api/OnestoreEntity$UserOrBuilder
instanceKlass com/google/storage/onestore/v3/proto2api/OnestoreEntity$PathOrBuilder
instanceKlass com/google/storage/onestore/v3/proto2api/OnestoreEntity$ReferenceOrBuilder
instanceKlass com/google/storage/onestore/v3/proto2api/OnestoreEntity$EntityProtoOrBuilder
instanceKlass java/util/AbstractList$Itr
instanceKlass com/google/protos/apphosting/ext/datastore_admin/BackupProtos$EntitySchemaOrBuilder
instanceKlass com/google/protobuf/GeneratedFile
instanceKlass com/google/protos/apphosting/ext/datastore_admin/BackupProtos$KindBackupInfoOrBuilder
instanceKlass  @cpi com/google/cloud/datastore/core/index/IndexValueToValueConverterProvider 141 form vmentry <vmtarget> ; # java/lang/invoke/LambdaForm$DMH+0x000000003f094000
instanceKlass sun/net/www/MessageHeader
instanceKlass sun/net/www/protocol/jar/JarFileFactory
instanceKlass sun/net/www/protocol/jar/URLJarFile$URLJarFileCloseController
instanceKlass java/net/URLConnection
instanceKlass com/google/protobuf/GeneratedExtensionRegistryLoader
instanceKlass com/google/protos/apphosting/ext/datastore_admin/BackupProtos$BackupInfoOrBuilder
instanceKlass com/google/protos/apphosting/ext/datastore_admin/BackupProtos$BackupOrBuilder
instanceKlass com/google/common/collect/PeekingIterator
instanceKlass com/google/common/collect/Iterators
instanceKlass com/google/common/collect/ObjectArrays
instanceKlass java/lang/foreign/MemorySegment
instanceKlass java/util/stream/WhileOps$DropWhileSink
instanceKlass java/util/stream/Node$Builder
instanceKlass java/util/stream/AbstractSpinedBuffer
instanceKlass java/util/stream/Node$OfDouble
instanceKlass java/util/stream/Node$OfLong
instanceKlass java/util/stream/Node$OfInt
instanceKlass java/util/stream/Node$OfPrimitive
instanceKlass java/util/stream/Nodes$EmptyNode
instanceKlass java/util/stream/Node
instanceKlass java/util/stream/Nodes
instanceKlass  @bci java/util/stream/ReferencePipeline toArray ()[Ljava/lang/Object; 1 <appendix> argL0 ; # java/util/stream/ReferencePipeline$$Lambda+0x000000003f024cf8
instanceKlass java/util/function/IntFunction
instanceKlass java/util/stream/SliceOps
instanceKlass java/util/stream/WhileOps$DropWhileOp
instanceKlass java/util/stream/WhileOps
instanceKlass  @bci sun/misc/Unsafe lambda$beforeMemoryAccessSlow$0 (Ljava/util/stream/Stream;)Ljava/util/List; 1 <appendix> argL0 ; # sun/misc/Unsafe$$Lambda+0x000000003f0239c8
instanceKlass java/lang/StackStreamFactory$FrameBuffer
instanceKlass java/lang/StackStreamFactory
instanceKlass  @bci sun/misc/Unsafe beforeMemoryAccessSlow ()V 26 <appendix> argL0 ; # sun/misc/Unsafe$$Lambda+0x000000003f021f50
instanceKlass sun/misc/Unsafe$StackWalkerHolder
instanceKlass sun/misc/Unsafe
instanceKlass com/google/protobuf/UnsafeUtil$1
instanceKlass com/google/protobuf/UnsafeUtil$MemoryAccessor
instanceKlass java/security/PrivilegedExceptionAction
instanceKlass com/google/protobuf/UnsafeUtil
instanceKlass com/google/protobuf/Utf8$Processor
instanceKlass com/google/protobuf/Utf8
instanceKlass com/google/protobuf/GeneratedMessage$Builder$BuilderParentImpl
instanceKlass com/google/protobuf/SingleFieldBuilder
instanceKlass com/google/cloud/datastore/pipelines/EntitySetSpecOrBuilder
instanceKlass com/google/protobuf/WireFormat
instanceKlass com/google/cloud/datastore/pipelines/SingleExportMetadataPointerOrBuilder
instanceKlass com/google/cloud/datastore/pipelines/OverallExportMetadataOrBuilder
instanceKlass com/google/common/base/Optional
instanceKlass com/google/common/io/ByteBuffers
instanceKlass com/google/cloud/datastore/util/leveldb/LevelDBLogReaderChannel$1
instanceKlass com/google/cloud/datastore/util/leveldb/LevelDBLogReaderChannel$Record
instanceKlass com/google/common/primitives/UnsignedInts
instanceKlass com/google/common/hash/HashCode
instanceKlass com/google/cloud/datastore/util/leveldb/LevelDBLogRecordUtil
instanceKlass  @cpi java/util/stream/StreamSpliterators$WrappingSpliterator 151 form vmentry <vmtarget> ; # java/lang/invoke/LambdaForm$DMH+0x000000003f080800
instanceKlass com/google/common/hash/ChecksumHashFunction$ChecksumMethodHandles
instanceKlass com/google/common/hash/AbstractHasher
instanceKlass com/google/common/hash/Hasher
instanceKlass com/google/common/hash/AbstractHashFunction
instanceKlass java/util/zip/CRC32C
instanceKlass com/google/common/hash/ImmutableSupplier
instanceKlass com/google/common/base/Supplier
instanceKlass java/security/Key
instanceKlass com/google/common/hash/HashFunction
instanceKlass com/google/common/hash/Hashing
instanceKlass sun/nio/ch/Util$BufferCache
instanceKlass sun/nio/ch/Util
instanceKlass jdk/internal/misc/Blocker
instanceKlass com/google/cloud/datastore/util/leveldb/LevelDBLogReaderChannel
instanceKlass com/google/common/collect/ImmutableCollection$Builder
instanceKlass com/google/cloud/datastore/util/leveldb/ExportImportUtil
instanceKlass com/google/api/client/http/javanet/DefaultConnectionFactory
instanceKlass java/util/ComparableTimSort
instanceKlass com/google/api/client/http/LowLevelHttpRequest
instanceKlass java/net/SocketAddress
instanceKlass com/google/api/client/http/javanet/ConnectionFactory
instanceKlass com/google/common/base/Function
instanceKlass com/google/common/base/Functions
instanceKlass com/google/api/client/http/HttpContent
instanceKlass com/google/api/client/util/StreamingContent
instanceKlass java/time/temporal/TemporalUnit
instanceKlass com/google/cloud/datastore/emulator/impl/events/FunctionsEmulatorEventPublisher
instanceKlass jdk/internal/vm/ThreadContainers
instanceKlass jdk/internal/vm/StackableScope
instanceKlass java/util/concurrent/Executors$DefaultThreadFactory
instanceKlass java/util/concurrent/Executors
instanceKlass java/util/concurrent/LinkedBlockingQueue$Node
instanceKlass java/util/concurrent/locks/AbstractQueuedSynchronizer$ConditionObject
instanceKlass java/util/concurrent/locks/Condition
instanceKlass java/util/concurrent/ThreadPoolExecutor$AbortPolicy
instanceKlass java/util/concurrent/RejectedExecutionHandler
instanceKlass java/util/concurrent/AbstractExecutorService
instanceKlass com/google/common/io/ByteArrayDataOutput
instanceKlass com/google/common/io/ByteArrayDataInput
instanceKlass com/google/common/io/ByteStreams
instanceKlass sun/nio/ch/IOStatus
instanceKlass sun/nio/ch/NativeThread
instanceKlass sun/nio/ch/NativeThreadSet
instanceKlass java/nio/channels/spi/AbstractInterruptibleChannel$1
instanceKlass sun/nio/ch/Interruptible
instanceKlass sun/nio/ch/IOUtil
instanceKlass sun/nio/ch/NativeDispatcher
instanceKlass java/nio/file/attribute/FileAttribute
instanceKlass java/nio/channels/ScatteringByteChannel
instanceKlass java/nio/channels/GatheringByteChannel
instanceKlass java/nio/channels/spi/AbstractInterruptibleChannel
instanceKlass java/nio/channels/InterruptibleChannel
instanceKlass  @bci com/google/common/io/Closer <clinit> ()V 0 <appendix> argL0 ; # com/google/common/io/Closer$$Lambda+0x000000003f07dd60
instanceKlass  @cpi com/google/common/io/Closer 177 form vmentry <vmtarget> ; # java/lang/invoke/LambdaForm$DMH+0x000000003f080400
instanceKlass  @cpi com/google/cloud/datastore/core/auth/rules/AsyncReadHandlers$AccessCollectorDecorator 256 form vmentry <vmtarget> ; # java/lang/invoke/LambdaForm$DMH+0x000000003f080000
instanceKlass com/google/common/io/Closer$Suppressor
instanceKlass com/google/common/io/Closer
instanceKlass java/nio/channels/SeekableByteChannel
instanceKlass java/nio/channels/ByteChannel
instanceKlass java/nio/channels/WritableByteChannel
instanceKlass java/nio/channels/ReadableByteChannel
instanceKlass java/nio/channels/Channel
instanceKlass com/google/common/io/CharSource
instanceKlass com/google/common/hash/PrimitiveSink
instanceKlass  @bci com/google/common/io/Files <clinit> ()V 0 <appendix> argL0 ; # com/google/common/io/Files$$Lambda+0x000000003f07b8d8
instanceKlass com/google/common/graph/SuccessorsFunction
instanceKlass com/google/common/io/ByteSource
instanceKlass com/google/common/io/ByteSink
instanceKlass com/google/common/io/LineProcessor
instanceKlass java/io/Reader
instanceKlass com/google/common/base/Predicate
instanceKlass com/google/common/io/Files
instanceKlass com/google/common/collect/UnmodifiableIterator
instanceKlass java/time/Duration
instanceKlass java/time/temporal/TemporalAmount
instanceKlass com/google/cloud/datastore/emulator/impl/util/FirestoreEmulatorLimits$Builder
instanceKlass com/google/cloud/datastore/emulator/impl/util/FirestoreEmulatorLimits
instanceKlass java/util/Random
instanceKlass java/util/random/RandomGenerator
instanceKlass com/google/cloud/datastore/emulator/impl/events/EventLogger
instanceKlass com/google/protobuf/LazyStringList
instanceKlass com/google/cloud/datastore/core/config/DatastoreCustomizableConfigOrBuilder
instanceKlass com/google/protobuf/ProtocolStringList
instanceKlass com/google/apphosting/datastore/shared/Config$DatastoreConfigOrBuilder
instanceKlass java/time/Clock
instanceKlass java/time/InstantSource
instanceKlass com/google/common/time/TimeSource
instanceKlass com/google/cloud/datastore/emulator/impl/config/FirestoreEmulatorConfig$Builder
instanceKlass com/google/protobuf/ByteString$2
instanceKlass com/google/protobuf/ByteString$ArraysByteArrayCopier
instanceKlass com/google/protobuf/CodedInputStream
instanceKlass com/google/protobuf/Internal
instanceKlass com/google/protobuf/ByteString$ByteIterator
instanceKlass com/google/protobuf/ByteString$ByteArrayCopier
instanceKlass com/google/firebase/rules/v1/FileOrBuilder
instanceKlass com/google/protobuf/ByteString
instanceKlass com/google/protobuf/AbstractMessageLite$Builder
instanceKlass com/google/protobuf/ExtensionRegistry$ExtensionInfo
instanceKlass com/google/protobuf/Descriptors$GenericDescriptor
instanceKlass com/google/protobuf/FieldSet$FieldDescriptorLite
instanceKlass com/google/protobuf/ExtensionLite
instanceKlass com/google/protobuf/ExtensionRegistryFactory
instanceKlass com/google/protobuf/Android
instanceKlass com/google/protobuf/ExtensionRegistryLite
instanceKlass com/google/protobuf/AbstractParser
instanceKlass com/google/protobuf/UnknownFieldSet
instanceKlass java/util/Formattable
instanceKlass sun/util/resources/Bundles$CacheKeyReference
instanceKlass java/util/ResourceBundle$ResourceBundleProviderHelper
instanceKlass  @bci java/util/ResourceBundle$Control getCandidateLocales (Ljava/lang/String;Ljava/util/Locale;)Ljava/util/List; 23 <appendix> argL0 ; # java/util/ResourceBundle$Control$$Lambda+0x80000001d
instanceKlass  @bci sun/util/cldr/CLDRLocaleProviderAdapter applyAliases (Ljava/util/Locale;)Ljava/util/Locale; 4 <appendix> argL0 ; # sun/util/cldr/CLDRLocaleProviderAdapter$$Lambda+0x80000005a
instanceKlass sun/util/resources/Bundles$CacheKey
instanceKlass java/util/ResourceBundle$1
instanceKlass jdk/internal/access/JavaUtilResourceBundleAccess
instanceKlass sun/util/resources/Bundles
instanceKlass sun/util/resources/LocaleData$LocaleDataStrategy
instanceKlass sun/util/resources/Bundles$Strategy
instanceKlass  @bci java/util/ResourceBundle$Control <clinit> ()V 39 <appendix> argL0 ; # java/util/ResourceBundle$Control$$Lambda+0x80000001e
instanceKlass java/util/ResourceBundle
instanceKlass java/util/ResourceBundle$Control
instanceKlass sun/util/resources/LocaleData
instanceKlass java/util/regex/ASCII
instanceKlass sun/util/locale/provider/LocaleResources
instanceKlass java/util/Locale$Builder
instanceKlass sun/util/locale/provider/CalendarDataUtility
instanceKlass sun/util/locale/provider/AvailableLanguageTags
instanceKlass sun/util/resources/cldr/provider/CLDRLocaleDataMetaInfo
instanceKlass jdk/internal/module/ModulePatcher$PatchedModuleReader
instanceKlass java/util/Locale$LocaleCache
instanceKlass jdk/internal/util/ReferencedKeyMap$1
instanceKlass sun/util/locale/BaseLocale$1InterningCache
instanceKlass sun/util/locale/InternalLocaleBuilder$CaseInsensitiveChar
instanceKlass sun/util/locale/InternalLocaleBuilder
instanceKlass sun/util/locale/StringTokenIterator
instanceKlass java/text/ParsePosition
instanceKlass sun/util/cldr/CLDRBaseLocaleDataMetaInfo
instanceKlass sun/util/locale/provider/LocaleDataMetaInfo
instanceKlass sun/util/locale/provider/ResourceBundleBasedAdapter
instanceKlass java/util/Collections$UnmodifiableCollection$1
instanceKlass sun/util/locale/provider/LocaleProviderAdapter
instanceKlass java/util/spi/LocaleServiceProvider
instanceKlass java/text/DecimalFormatSymbols
instanceKlass java/util/Formatter$Flags
instanceKlass java/util/Formatter$FormatSpecifier
instanceKlass java/util/Formatter$FormatString
instanceKlass java/util/Formatter$Conversion
instanceKlass java/util/Formatter
instanceKlass com/google/protobuf/RuntimeVersion
instanceKlass com/google/protobuf/Message$Builder
instanceKlass com/google/protobuf/Parser
instanceKlass com/google/protobuf/Internal$BooleanList
instanceKlass com/google/protobuf/Internal$LongList
instanceKlass com/google/protobuf/Internal$DoubleList
instanceKlass com/google/protobuf/Internal$FloatList
instanceKlass com/google/protobuf/GeneratedMessage$BuilderParent
instanceKlass com/google/protobuf/AbstractMessage$BuilderParent
instanceKlass com/google/protobuf/MutabilityOracle
instanceKlass com/google/protobuf/MapFieldReflectionAccessor
instanceKlass com/google/protobuf/GeneratedMessage$ExtensionDescriptorRetriever
instanceKlass com/google/protobuf/Internal$IntList
instanceKlass com/google/protobuf/Internal$ProtobufList
instanceKlass com/google/protobuf/MutableMessageLite
instanceKlass com/google/protobuf/MessageLite$Builder
instanceKlass com/google/protobuf/AbstractMessageLite
instanceKlass com/google/protobuf/Message
instanceKlass com/google/protobuf/MessageLite
instanceKlass com/google/firebase/rules/v1/SourceOrBuilder
instanceKlass com/google/protobuf/MessageOrBuilder
instanceKlass com/google/protobuf/MessageLiteOrBuilder
instanceKlass com/google/cloud/datastore/emulator/impl/config/FirestoreEmulatorConfig
instanceKlass java/util/TreeMap$Entry
instanceKlass java/lang/ProcessEnvironment$CheckedEntry
instanceKlass java/lang/ProcessEnvironment$CheckedEntrySet$1
instanceKlass java/util/NavigableMap
instanceKlass java/util/SortedMap
instanceKlass java/lang/ProcessEnvironment$EntryComparator
instanceKlass java/lang/ProcessEnvironment$NameComparator
instanceKlass com/google/common/primitives/Longs$AsciiDigits
instanceKlass com/google/common/primitives/Longs
instanceKlass com/google/common/primitives/IntsMethodsForWeb
instanceKlass com/google/common/base/CommonPattern
instanceKlass com/google/common/base/Platform$JdkPatternCompiler
instanceKlass com/google/common/base/PatternCompiler
instanceKlass com/google/common/base/Platform
instanceKlass com/google/common/base/Strings
instanceKlass com/google/cloud/datastore/emulator/firestore/CloudFirestoreEmulatorOption$Builder
instanceKlass com/google/common/base/Preconditions
instanceKlass sun/reflect/generics/reflectiveObjects/LazyReflectiveObjectGenerator
instanceKlass sun/reflect/generics/tree/TypeVariableSignature
instanceKlass sun/reflect/generics/tree/ClassSignature
instanceKlass sun/reflect/generics/tree/Signature
instanceKlass sun/reflect/generics/tree/FormalTypeParameter
instanceKlass java/lang/reflect/TypeVariable
instanceKlass sun/reflect/generics/reflectiveObjects/ParameterizedTypeImpl
instanceKlass java/lang/reflect/ParameterizedType
instanceKlass sun/reflect/generics/repository/AbstractRepository
instanceKlass  @bci jdk/internal/reflect/MethodHandleIntegerFieldAccessorImpl setInt (Ljava/lang/Object;I)V 41 <adapter> ; # java/lang/invoke/LambdaForm$MH+0x000000003f060000
instanceKlass  @bci com/google/protobuf/GeneratedMessage$FieldAccessorTable$SingularFieldAccessor$MethodHandleInvoker set (Lcom/google/protobuf/GeneratedMessage$Builder;Ljava/lang/Object;)V 6 <adapter> ; # java/lang/invoke/LambdaForm$MH+0x000000003f05bc00
instanceKlass com/beust/jcommander/SubParameter
instanceKlass com/beust/jcommander/IParameterValidator2
instanceKlass  @bci com/google/api/client/http/HttpMediaType <clinit> ()V 25 <appendix> form vmentry <vmtarget> ; # java/lang/invoke/LambdaForm$MH+0x000000003f05b800
instanceKlass com/beust/jcommander/FuzzyMap
instanceKlass com/beust/jcommander/JCommander$MainParameter
# instanceKlass java/lang/invoke/LambdaForm$MH+0x000000003f05b000
instanceKlass com/beust/jcommander/StringKey
instanceKlass  @bci com/google/protobuf/GeneratedMessage$FieldAccessorTable$SingularFieldAccessor$MethodHandleInvoker has (Lcom/google/protobuf/GeneratedMessage$Builder;)Z 5 <adapter> ; # java/lang/invoke/LambdaForm$MH+0x000000003f05a000
# instanceKlass java/lang/invoke/LambdaForm$DMH+0x000000003f059400
instanceKlass  @bci com/google/firebase/rules/runtime/common/ExecutionContext hashCode ()I 1 <appendix> argL2 argL1 form vmentry <vmtarget> ; # java/lang/invoke/LambdaForm$MH+0x000000003f059000
instanceKlass jdk/internal/reflect/FieldAccessorImpl
instanceKlass jdk/internal/reflect/FieldAccessor
instanceKlass com/beust/jcommander/ResourceBundle
instanceKlass com/beust/jcommander/ParameterDescription
instanceKlass java/util/stream/ForEachOps$ForEachOp
instanceKlass java/util/stream/ForEachOps
instanceKlass  @bci com/beust/jcommander/Parameterized parseArg (Ljava/lang/Object;)Ljava/util/List; 378 <appendix> member <vmtarget> ; # com/beust/jcommander/Parameterized$$Lambda+0x000000003f05e210
instanceKlass  @cpi com/google/cloud/datastore/emulator/impl/queries/rep/IndexRangeSetBuilder 165 form vmentry <vmtarget> ; # java/lang/invoke/LambdaForm$DMH+0x000000003f058c00
instanceKlass  @bci com/beust/jcommander/Parameterized parseArg (Ljava/lang/Object;)Ljava/util/List; 366 <appendix> argL0 ; # com/beust/jcommander/Parameterized$$Lambda+0x000000003f05dfb8
instanceKlass  @bci com/beust/jcommander/Parameterized parseArg (Ljava/lang/Object;)Ljava/util/List; 356 <appendix> argL0 ; # com/beust/jcommander/Parameterized$$Lambda+0x000000003f05dd70
instanceKlass java/util/HashMap$HashMapSpliterator
instanceKlass  @bci java/util/stream/Collectors castingIdentity ()Ljava/util/function/Function; 0 <appendix> argL0 ; # java/util/stream/Collectors$$Lambda+0x800000042
instanceKlass  @bci java/util/stream/Collectors toList ()Ljava/util/stream/Collector; 14 <appendix> argL0 ; # java/util/stream/Collectors$$Lambda+0x000000003f014448
instanceKlass  @bci java/util/stream/Collectors toList ()Ljava/util/stream/Collector; 9 <appendix> argL0 ; # java/util/stream/Collectors$$Lambda+0x000000003f014210
instanceKlass  @bci java/util/stream/Collectors toList ()Ljava/util/stream/Collector; 4 <appendix> argL0 ; # java/util/stream/Collectors$$Lambda+0x000000003f013fe8
instanceKlass  @bci com/beust/jcommander/Parameterized parseArg (Ljava/lang/Object;)Ljava/util/List; 319 <appendix> argL0 ; # com/beust/jcommander/Parameterized$$Lambda+0x000000003f05db18
instanceKlass com/google/cloud/datastore/emulator/cli/FirestoreEmulatorCliOptions$EditionConverter
instanceKlass com/google/cloud/datastore/emulator/cli/FirestoreEmulatorCliOptions$ModeConverter
instanceKlass java/lang/Deprecated
instanceKlass javax/annotation/Nonnull
instanceKlass java/lang/annotation/Documented
instanceKlass javax/annotation/Nullable
instanceKlass com/beust/jcommander/WrappedParameter
instanceKlass com/beust/jcommander/converters/CommaParameterSplitter
instanceKlass com/beust/jcommander/converters/IParameterSplitter
instanceKlass com/beust/jcommander/validators/NoValidator
instanceKlass com/beust/jcommander/IParameterValidator
instanceKlass com/beust/jcommander/converters/NoConverter
instanceKlass com/beust/jcommander/validators/NoValueValidator
instanceKlass com/beust/jcommander/IValueValidator
instanceKlass com/beust/jcommander/DynamicParameter
instanceKlass com/beust/jcommander/ParametersDelegate
instanceKlass com/beust/jcommander/Parameter
instanceKlass com/beust/jcommander/Parameterized
instanceKlass java/util/Collections$EmptyIterator
instanceKlass java/lang/Class$AnnotationData
instanceKlass java/lang/annotation/Target
# instanceKlass java/lang/invoke/LambdaForm$MH+0x000000003f058800
instanceKlass  @bci com/google/api/client/http/OpenCensusUtils <clinit> ()V 16 <appendix> form vmentry <vmtarget> ; # java/lang/invoke/LambdaForm$MH+0x000000003f058400
instanceKlass java/util/TimSort
instanceKlass java/util/Arrays$LegacyMergeSort
instanceKlass jdk/internal/classfile/impl/StackMapDecoder$1
instanceKlass jdk/internal/classfile/impl/StackMapDecoder
instanceKlass jdk/internal/classfile/impl/StackCounter
instanceKlass  @bci java/lang/reflect/ProxyGenerator lambda$generateLookupAccessor$0 (Ljava/lang/classfile/MethodBuilder;)V 30 <appendix> member <vmtarget> ; # java/lang/reflect/ProxyGenerator$$Lambda+0x000000003f011fc0
instanceKlass  @bci java/lang/reflect/ProxyGenerator generateLookupAccessor (Ljava/lang/classfile/ClassBuilder;)V 10 <appendix> member <vmtarget> ; # java/lang/reflect/ProxyGenerator$$Lambda+0x000000003f011d80
instanceKlass java/lang/classfile/constantpool/StringEntry
instanceKlass java/lang/classfile/constantpool/ConstantValueEntry
instanceKlass  @bci java/lang/reflect/ProxyGenerator generateStaticInitializer (Ljava/lang/classfile/ClassBuilder;)V 10 <appendix> member <vmtarget> ; # java/lang/reflect/ProxyGenerator$$Lambda+0x000000003f0113d8
instanceKlass java/lang/classfile/attribute/StackMapTableAttribute
instanceKlass java/lang/classfile/attribute/StackMapFrameInfo
instanceKlass java/lang/classfile/instruction/ExceptionCatch
instanceKlass  @bci java/lang/reflect/ProxyGenerator$ProxyMethod lambda$generateMethod$0 (Ljava/lang/classfile/MethodBuilder;)V 30 <appendix> member <vmtarget> ; # java/lang/reflect/ProxyGenerator$ProxyMethod$$Lambda+0x000000003f010668
instanceKlass java/lang/classfile/attribute/ExceptionsAttribute
instanceKlass  @bci java/lang/reflect/ProxyGenerator$ProxyMethod generateMethod (Ljava/lang/classfile/ClassBuilder;)V 42 <appendix> member <vmtarget> ; # java/lang/reflect/ProxyGenerator$ProxyMethod$$Lambda+0x000000003f00fd00
instanceKlass  @bci java/lang/reflect/ProxyGenerator generateConstructor (Ljava/lang/classfile/ClassBuilder;)V 8 <appendix> member <vmtarget> ; # java/lang/reflect/ProxyGenerator$$Lambda+0x000000003f00fac0
instanceKlass  @bci java/lang/reflect/ProxyGenerator generateClassFile ()[B 197 <appendix> member <vmtarget> ; # java/lang/reflect/ProxyGenerator$$Lambda+0x000000003f00f880
instanceKlass  @cpi com/google/firebase/rules/runtime/evaluators/AuthRuleEvaluator$RuleContext$Builder 320 form vmentry <vmtarget> ; # java/lang/invoke/LambdaForm$DMH+0x000000003f058000
instanceKlass  @bci java/lang/reflect/ProxyGenerator proxyMethodsFor (Ljava/lang/String;)Ljava/util/List; 5 <appendix> argL0 ; # java/lang/reflect/ProxyGenerator$$Lambda+0x000000003f00f638
instanceKlass java/lang/reflect/ProxyGenerator$ProxyMethod
instanceKlass java/lang/classfile/constantpool/InterfaceMethodRefEntry
instanceKlass java/lang/classfile/attribute/StackMapFrameInfo$ObjectVerificationTypeInfo
instanceKlass java/lang/classfile/attribute/StackMapFrameInfo$VerificationTypeInfo
instanceKlass java/lang/classfile/ClassFile$Option
instanceKlass java/lang/reflect/ProxyGenerator
instanceKlass  @bci java/lang/WeakPairMap computeIfAbsent (Ljava/lang/Object;Ljava/lang/Object;Ljava/util/function/BiFunction;)Ljava/lang/Object; 18 <appendix> member <vmtarget> ; # java/lang/WeakPairMap$$Lambda+0x000000003f00e738
instanceKlass  @bci java/lang/Module implAddExportsOrOpens (Ljava/lang/String;Ljava/lang/Module;ZZ)V 151 <appendix> argL0 ; # java/lang/Module$$Lambda+0x000000003f00e500
instanceKlass  @bci java/lang/module/ModuleDescriptor$Builder packages (Ljava/util/Set;)Ljava/lang/module/ModuleDescriptor$Builder; 17 <appendix> argL0 ; # java/lang/module/ModuleDescriptor$Builder$$Lambda+0x80000000e
instanceKlass java/lang/WeakPairMap$Pair$Lookup
instanceKlass java/lang/WeakPairMap$Pair
instanceKlass java/lang/WeakPairMap
instanceKlass java/lang/Module$ReflectionData
instanceKlass jdk/internal/module/Checks
instanceKlass java/lang/module/ModuleDescriptor$Builder
instanceKlass  @bci java/lang/reflect/Proxy$ProxyBuilder getDynamicModule (Ljava/lang/ClassLoader;)Ljava/lang/Module; 4 <appendix> argL0 ; # java/lang/reflect/Proxy$ProxyBuilder$$Lambda+0x000000003f00db70
instanceKlass java/lang/PublicMethods
instanceKlass java/lang/reflect/Proxy$ProxyBuilder
instanceKlass  @bci java/lang/reflect/Proxy getProxyConstructor (Ljava/lang/ClassLoader;[Ljava/lang/Class;)Ljava/lang/reflect/Constructor; 18 <appendix> argL0 ; # java/lang/reflect/Proxy$$Lambda+0x000000003f00c870
instanceKlass java/lang/ClassValue$Identity
instanceKlass java/lang/ClassValue$Entry
instanceKlass java/lang/ClassValue
instanceKlass java/lang/reflect/Proxy
instanceKlass sun/reflect/annotation/AnnotationInvocationHandler
instanceKlass java/lang/reflect/InvocationHandler
instanceKlass java/lang/annotation/Inherited
instanceKlass java/lang/annotation/Retention
instanceKlass  @bci sun/reflect/annotation/AnnotationParser parseClassArray (ILjava/nio/ByteBuffer;Ljdk/internal/reflect/ConstantPool;Ljava/lang/Class;)Ljava/lang/Object; 10 <appendix> member <vmtarget> ; # sun/reflect/annotation/AnnotationParser$$Lambda+0x000000003f00aea8
instanceKlass sun/reflect/annotation/ExceptionProxy
instanceKlass sun/reflect/annotation/AnnotationType
instanceKlass java/lang/reflect/GenericArrayType
instanceKlass sun/reflect/generics/visitor/Reifier
instanceKlass sun/reflect/generics/visitor/TypeTreeVisitor
instanceKlass sun/reflect/generics/factory/CoreReflectionFactory
instanceKlass sun/reflect/generics/factory/GenericsFactory
instanceKlass sun/reflect/generics/scope/AbstractScope
instanceKlass sun/reflect/generics/scope/Scope
instanceKlass sun/reflect/generics/tree/ClassTypeSignature
instanceKlass sun/reflect/generics/tree/SimpleClassTypeSignature
instanceKlass sun/reflect/generics/tree/FieldTypeSignature
instanceKlass sun/reflect/generics/tree/BaseType
instanceKlass sun/reflect/generics/tree/TypeSignature
instanceKlass sun/reflect/generics/tree/ReturnType
instanceKlass sun/reflect/generics/tree/TypeArgument
instanceKlass sun/reflect/generics/tree/TypeTree
instanceKlass sun/reflect/generics/tree/Tree
instanceKlass sun/reflect/generics/parser/SignatureParser
instanceKlass com/beust/jcommander/Parameters
instanceKlass java/util/stream/ReduceOps$AccumulatingSink
instanceKlass java/util/stream/ReduceOps$Box
instanceKlass java/util/stream/ReduceOps$ReduceOp
instanceKlass java/util/stream/ReduceOps
instanceKlass  @bci java/util/stream/Collectors joining (Ljava/lang/CharSequence;Ljava/lang/CharSequence;Ljava/lang/CharSequence;)Ljava/util/stream/Collector; 22 <appendix> argL0 ; # java/util/stream/Collectors$$Lambda+0x800000043
instanceKlass  @bci java/util/stream/Collectors joining (Ljava/lang/CharSequence;Ljava/lang/CharSequence;Ljava/lang/CharSequence;)Ljava/util/stream/Collector; 17 <appendix> argL0 ; # java/util/stream/Collectors$$Lambda+0x800000041
instanceKlass java/util/function/BinaryOperator
instanceKlass  @bci java/util/stream/Collectors joining (Ljava/lang/CharSequence;Ljava/lang/CharSequence;Ljava/lang/CharSequence;)Ljava/util/stream/Collector; 12 <appendix> argL0 ; # java/util/stream/Collectors$$Lambda+0x80000003e
instanceKlass java/util/function/BiConsumer
instanceKlass  @bci java/util/stream/Collectors joining (Ljava/lang/CharSequence;Ljava/lang/CharSequence;Ljava/lang/CharSequence;)Ljava/util/stream/Collector; 7 <appendix> member <vmtarget> ; # java/util/stream/Collectors$$Lambda+0x800000046
instanceKlass java/util/StringJoiner
instanceKlass java/util/stream/Collector
instanceKlass java/util/Collections$UnmodifiableCollection
instanceKlass java/util/stream/Collectors
instanceKlass  @bci com/beust/jcommander/Strings join (Ljava/lang/String;[Ljava/lang/Object;)Ljava/lang/String; 4 <appendix> argL0 ; # com/beust/jcommander/Strings$$Lambda+0x000000003f056b88
instanceKlass java/lang/invoke/TypeConvertingMethodAdapter
instanceKlass java/lang/invoke/InnerClassLambdaMetafactory$6
instanceKlass java/lang/invoke/InnerClassLambdaMetafactory$3
instanceKlass java/lang/classfile/Interfaces
instanceKlass java/util/ImmutableCollections$Access$1
instanceKlass jdk/internal/access/JavaUtilCollectionAccess
instanceKlass java/util/ImmutableCollections$Access
instanceKlass java/lang/invoke/InnerClassLambdaMetafactory$1
instanceKlass com/beust/jcommander/Strings
instanceKlass com/beust/jcommander/JCommander$ProgramName
instanceKlass com/beust/jcommander/JCommander$1
instanceKlass java/util/Date
instanceKlass com/beust/jcommander/converters/FileConverter
instanceKlass com/beust/jcommander/converters/BaseConverter
instanceKlass com/beust/jcommander/converters/StringConverter
instanceKlass com/beust/jcommander/internal/DefaultConverterFactory
instanceKlass com/beust/jcommander/JCommander$DefaultVariableArity
instanceKlass com/beust/jcommander/internal/Sets
instanceKlass com/beust/jcommander/internal/Maps
instanceKlass com/beust/jcommander/DefaultUsageFormatter
instanceKlass com/beust/jcommander/internal/Lists
instanceKlass com/beust/jcommander/parser/DefaultParameterizedParser
instanceKlass com/beust/jcommander/JCommander$Options$1
instanceKlass com/beust/jcommander/JCommander$Options
instanceKlass com/beust/jcommander/internal/Console
instanceKlass com/beust/jcommander/IMainParameter
instanceKlass com/beust/jcommander/FuzzyMap$IKey
instanceKlass com/beust/jcommander/IStringConverter
instanceKlass com/beust/jcommander/IStringConverterInstanceFactory
instanceKlass com/beust/jcommander/IStringConverterFactory
instanceKlass com/beust/jcommander/IVariableArity
instanceKlass com/beust/jcommander/IUsageFormatter
instanceKlass com/beust/jcommander/IParameterizedParser
instanceKlass com/beust/jcommander/JCommander
instanceKlass com/google/cloud/datastore/emulator/cli/FirestoreEmulatorCliOptions
instanceKlass javax/security/cert/Certificate
instanceKlass java/security/DEREncodable
instanceKlass java/security/cert/X509Extension
instanceKlass io/netty/util/AsciiString
instanceKlass io/netty/util/internal/EmptyArrays
instanceKlass java/util/concurrent/atomic/AtomicReference
instanceKlass io/netty/util/internal/SystemPropertyUtil
instanceKlass io/netty/util/internal/ObjectUtil
instanceKlass io/netty/util/internal/logging/Slf4JLoggerFactory$NopInstanceHolder
instanceKlass io/netty/util/internal/logging/AbstractInternalLogger
instanceKlass io/netty/util/internal/logging/InternalLogger
instanceKlass io/netty/util/internal/logging/InternalLoggerFactory
instanceKlass io/netty/util/ResourceLeakTracker
instanceKlass io/netty/util/ResourceLeak
instanceKlass io/netty/util/ResourceLeakDetector
instanceKlass java/util/logging/Logger$SystemLoggerHelper
instanceKlass jdk/internal/logger/BootstrapLogger$BootstrapExecutors
instanceKlass jdk/internal/logger/BootstrapLogger$RedirectedLoggers
instanceKlass java/util/ServiceLoader$ProviderImpl
instanceKlass java/util/ServiceLoader$Provider
instanceKlass java/util/concurrent/CopyOnWriteArrayList$COWIterator
instanceKlass jdk/internal/loader/URLClassPath$1
instanceKlass java/lang/CompoundEnumeration
instanceKlass jdk/internal/loader/BuiltinClassLoader$1
instanceKlass java/util/Collections$EmptyEnumeration
instanceKlass jdk/internal/jimage/ImageLocation
instanceKlass jdk/internal/jimage/decompressor/Decompressor
instanceKlass jdk/internal/jimage/ImageStringsReader
instanceKlass jdk/internal/jimage/ImageStrings
instanceKlass jdk/internal/jimage/ImageHeader
instanceKlass jdk/internal/reflect/Reflection$1Holder
instanceKlass jdk/internal/jimage/NativeImageBuffer$1
instanceKlass jdk/internal/jimage/NativeImageBuffer
instanceKlass java/security/AccessControlContext
instanceKlass java/security/AccessController
instanceKlass jdk/internal/jimage/BasicImageReader$1
instanceKlass java/security/PrivilegedAction
instanceKlass jdk/internal/jimage/BasicImageReader
instanceKlass jdk/internal/jimage/ImageReader
instanceKlass jdk/internal/jimage/ImageReaderFactory$1
instanceKlass jdk/internal/jimage/ImageReaderFactory
instanceKlass jdk/internal/module/SystemModuleFinders$SystemImage
instanceKlass jdk/internal/module/SystemModuleFinders$SystemModuleReader
instanceKlass java/lang/module/ModuleReader
instanceKlass jdk/internal/loader/BuiltinClassLoader$2
instanceKlass jdk/internal/module/Resources
instanceKlass java/util/ServiceLoader$2
instanceKlass java/util/ServiceLoader$1
instanceKlass java/util/ServiceLoader$LazyClassPathLookupIterator
instanceKlass java/util/ImmutableCollections$SetN$SetNIterator
instanceKlass java/util/ImmutableCollections$Set12$1
instanceKlass java/util/Spliterators$1Adapter
instanceKlass java/util/Spliterators$ArraySpliterator
instanceKlass java/util/Spliterators
instanceKlass jdk/internal/loader/AbstractClassLoaderValue$Memoizer
instanceKlass java/util/ServiceLoader$ModuleServicesLookupIterator
instanceKlass java/util/ServiceLoader
instanceKlass jdk/internal/logger/BootstrapLogger$DetectBackend
instanceKlass jdk/internal/logger/BootstrapLogger
instanceKlass sun/util/logging/PlatformLogger$ConfigurableBridge
instanceKlass sun/util/logging/PlatformLogger$Bridge
instanceKlass java/lang/System$Logger
instanceKlass java/io/FileInputStream$1
instanceKlass  @bci java/util/stream/MatchOps makeRef (Ljava/util/function/Predicate;Ljava/util/stream/MatchOps$MatchKind;)Ljava/util/stream/TerminalOp; 20 <appendix> member <vmtarget> ; # java/util/stream/MatchOps$$Lambda+0x800000004
instanceKlass java/util/stream/MatchOps$BooleanTerminalSink
instanceKlass java/util/stream/MatchOps$MatchOp
instanceKlass java/util/stream/MatchOps
instanceKlass java/util/stream/Streams
instanceKlass java/util/stream/Stream$Builder
instanceKlass java/util/stream/Streams$AbstractStreamBuilderImpl
instanceKlass java/util/stream/Sink$ChainedReference
instanceKlass java/util/stream/ReferencePipeline$7$1FlatMap
instanceKlass java/util/stream/FindOps$FindOp
instanceKlass java/util/stream/TerminalOp
instanceKlass  @bci java/util/stream/FindOps$FindSink$OfRef <clinit> ()V 6 <appendix> argL0 ; # java/util/stream/FindOps$FindSink$OfRef$$Lambda+0x800000048
instanceKlass  @bci java/util/stream/FindOps$FindSink$OfRef <clinit> ()V 0 <appendix> argL0 ; # java/util/stream/FindOps$FindSink$OfRef$$Lambda+0x800000049
instanceKlass java/util/stream/FindOps$FindSink
instanceKlass java/util/stream/TerminalSink
instanceKlass java/util/stream/Sink
instanceKlass java/util/stream/FindOps
instanceKlass  @bci java/util/logging/Level$KnownLevel findByName (Ljava/lang/String;Ljava/util/function/Function;)Ljava/util/Optional; 29 <appendix> argL0 ; # java/util/logging/Level$KnownLevel$$Lambda+0x800000022
instanceKlass sun/reflect/annotation/AnnotationParser
instanceKlass java/util/EnumMap$1
instanceKlass java/util/stream/StreamOpFlag$MaskBuilder
instanceKlass java/util/stream/Stream
instanceKlass java/util/stream/BaseStream
instanceKlass java/util/stream/PipelineHelper
instanceKlass java/util/stream/StreamSupport
instanceKlass java/util/ArrayList$ArrayListSpliterator
instanceKlass java/util/Spliterator
instanceKlass  @bci java/util/logging/Level findLevel (Ljava/lang/String;)Ljava/util/logging/Level; 13 <appendix> argL0 ; # java/util/logging/Level$$Lambda+0x80000001f
instanceKlass java/util/Hashtable$Enumerator
instanceKlass java/util/concurrent/ConcurrentHashMap$MapEntry
instanceKlass java/util/Collections$SynchronizedCollection
instanceKlass java/util/Properties$EntrySet
instanceKlass java/util/Properties$LineReader
instanceKlass java/util/Collections$3
instanceKlass java/util/logging/LogManager$VisitedLoggers
instanceKlass java/util/function/Predicate
instanceKlass  @bci com/google/cloud/datastore/core/query/QueryValidatorImpl <clinit> ()V 6 <appendix> form vmentry <vmtarget> ; # java/lang/invoke/LambdaForm$MH+0x000000003f04cc00
instanceKlass java/net/URI$Parser
instanceKlass java/nio/file/FileSystems$DefaultFileSystemHolder
instanceKlass java/nio/file/FileSystems
instanceKlass java/nio/file/Paths
instanceKlass java/lang/System$LoggerFinder
instanceKlass java/util/logging/LogManager$LoggingProviderAccess
instanceKlass sun/util/logging/internal/LoggingProviderImpl$LogManagerAccess
instanceKlass java/lang/Shutdown$Lock
instanceKlass java/lang/Shutdown
instanceKlass java/lang/ApplicationShutdownHooks$1
instanceKlass java/lang/ApplicationShutdownHooks
instanceKlass java/util/Collections$SynchronizedMap
instanceKlass java/util/logging/LogManager$LogNode
instanceKlass java/util/logging/LogManager$LoggerContext
instanceKlass java/util/logging/LogManager
instanceKlass java/util/logging/Logger$ConfigurationData
instanceKlass java/util/logging/Logger$LoggerBundle
instanceKlass  @bci java/util/logging/Level$KnownLevel add (Ljava/util/logging/Level;)V 49 <appendix> argL0 ; # java/util/logging/Level$KnownLevel$$Lambda+0x800000021
instanceKlass  @bci java/util/logging/Level$KnownLevel add (Ljava/util/logging/Level;)V 19 <appendix> argL0 ; # java/util/logging/Level$KnownLevel$$Lambda+0x800000020
instanceKlass java/util/logging/Level
instanceKlass java/util/logging/Handler
instanceKlass java/util/logging/Logger
instanceKlass java/util/logging/LogRecord
instanceKlass java/lang/invoke/VarForm
instanceKlass java/lang/invoke/VarHandleGuards
instanceKlass java/lang/invoke/VarHandles
instanceKlass jdk/internal/invoke/MhUtil
instanceKlass java/util/concurrent/atomic/AtomicBoolean
instanceKlass com/google/common/flogger/context/ScopedLoggingContext$Builder
instanceKlass com/google/common/flogger/context/ScopedLoggingContext$LoggingContextCloseable
instanceKlass com/google/common/flogger/context/ScopedLoggingContext
instanceKlass  @bci com/google/api/client/http/HttpMediaType <clinit> ()V 47 <appendix> form vmentry <vmtarget> ; # java/lang/invoke/LambdaForm$MH+0x000000003f04c800
instanceKlass java/lang/StringConcatHelper$StringConcatBase
instanceKlass java/lang/invoke/StringConcatFactory$InlineHiddenClassStrategy$6
instanceKlass java/lang/invoke/StringConcatFactory$InlineHiddenClassStrategy$3$4
instanceKlass java/lang/invoke/StringConcatFactory$InlineHiddenClassStrategy$4
instanceKlass java/lang/invoke/StringConcatFactory$InlineHiddenClassStrategy$3$1
instanceKlass jdk/internal/classfile/impl/BytecodeHelpers$1
instanceKlass java/lang/invoke/StringConcatFactory$InlineHiddenClassStrategy$7
instanceKlass java/lang/invoke/StringConcatFactory$InlineHiddenClassStrategy$3$2
instanceKlass java/lang/invoke/StringConcatFactory$InlineHiddenClassStrategy$5
instanceKlass java/lang/invoke/StringConcatFactory$InlineHiddenClassStrategy$3$3
instanceKlass java/lang/invoke/StringConcatFactory$InlineHiddenClassStrategy$3
instanceKlass java/lang/invoke/StringConcatFactory$InlineHiddenClassStrategy$2
instanceKlass java/lang/invoke/StringConcatFactory$InlineHiddenClassStrategy$1
instanceKlass java/lang/invoke/StringConcatFactory$InlineHiddenClassStrategy
instanceKlass java/lang/invoke/StringConcatFactory
instanceKlass com/google/common/flogger/context/ContextDataProvider
instanceKlass com/google/common/flogger/backend/MetadataHandler$Builder$2
instanceKlass com/google/common/flogger/backend/MetadataHandler$Builder$1
instanceKlass com/google/common/flogger/backend/MetadataHandler$Builder
instanceKlass com/google/common/flogger/backend/MetadataHandler
instanceKlass com/google/common/flogger/backend/MetadataKeyValueHandlers$2
instanceKlass com/google/common/flogger/backend/MetadataKeyValueHandlers$1
instanceKlass com/google/common/flogger/backend/MetadataHandler$RepeatedValueHandler
instanceKlass com/google/common/flogger/backend/MetadataKeyValueHandlers
instanceKlass com/google/common/flogger/backend/MetadataHandler$ValueHandler
instanceKlass java/util/RegularEnumSet$EnumSetIterator
# instanceKlass java/lang/invoke/LambdaForm$MH+0x000000003f04c000
instanceKlass jdk/internal/util/ModifiedUtf
instanceKlass jdk/internal/classfile/impl/ClassReaderImpl
instanceKlass java/lang/classfile/ClassReader
instanceKlass jdk/internal/classfile/impl/ClassHierarchyImpl$CachedClassHierarchyResolver$1
instanceKlass java/lang/classfile/ClassHierarchyResolver$ClassHierarchyInfo
instanceKlass jdk/internal/classfile/impl/ClassHierarchyImpl$CachedClassHierarchyResolver
instanceKlass jdk/internal/classfile/impl/ClassHierarchyImpl$ClassLoadingClassHierarchyResolver$1
instanceKlass jdk/internal/classfile/impl/ClassHierarchyImpl$ClassLoadingClassHierarchyResolver
instanceKlass java/lang/classfile/ClassHierarchyResolver
instanceKlass jdk/internal/classfile/impl/ClassHierarchyImpl
instanceKlass jdk/internal/classfile/impl/RawBytecodeHelper$1
instanceKlass jdk/internal/classfile/impl/RawBytecodeHelper
instanceKlass jdk/internal/classfile/impl/StackMapGenerator$Frame
instanceKlass jdk/internal/classfile/impl/StackMapGenerator
instanceKlass java/util/ImmutableCollections$ListItr
instanceKlass java/util/ListIterator
instanceKlass jdk/internal/classfile/impl/AnnotationReader
instanceKlass java/lang/classfile/CustomAttribute
instanceKlass jdk/internal/classfile/impl/TerminalFieldBuilder
instanceKlass java/lang/classfile/FieldBuilder
instanceKlass java/lang/invoke/InvokerBytecodeGenerator$2
instanceKlass jdk/internal/classfile/impl/BytecodeHelpers
instanceKlass java/lang/classfile/constantpool/MethodRefEntry
instanceKlass jdk/internal/classfile/impl/DirectCodeBuilder$8
instanceKlass java/lang/classfile/instruction/LabelTarget
instanceKlass java/lang/classfile/Label
instanceKlass jdk/internal/classfile/impl/BufWriterImpl
instanceKlass java/lang/classfile/BufWriter
instanceKlass java/lang/classfile/instruction/LocalVariableType
instanceKlass java/lang/classfile/instruction/LocalVariable
instanceKlass java/lang/classfile/instruction/CharacterRange
instanceKlass java/lang/classfile/PseudoInstruction
instanceKlass java/lang/classfile/CodeElement
instanceKlass jdk/internal/classfile/impl/TerminalCodeBuilder
instanceKlass jdk/internal/classfile/impl/LabelContext
instanceKlass java/lang/classfile/CodeBuilder
instanceKlass java/lang/invoke/InvokerBytecodeGenerator$4$1
instanceKlass java/lang/classfile/constantpool/FieldRefEntry
instanceKlass java/lang/classfile/constantpool/MemberRefEntry
instanceKlass java/lang/classfile/constantpool/NameAndTypeEntry
instanceKlass jdk/internal/classfile/impl/TerminalMethodBuilder
instanceKlass jdk/internal/classfile/impl/MethodInfo
instanceKlass java/lang/classfile/MethodBuilder
instanceKlass java/lang/invoke/InvokerBytecodeGenerator$4
instanceKlass java/lang/classfile/attribute/SourceFileAttribute
instanceKlass java/lang/classfile/Superclass
instanceKlass jdk/internal/classfile/impl/AttributeHolder
instanceKlass java/lang/classfile/ClassBuilder
instanceKlass java/lang/classfile/ClassFileBuilder
instanceKlass jdk/internal/classfile/impl/AbstractDirectBuilder
instanceKlass java/lang/invoke/InvokerBytecodeGenerator$1
instanceKlass jdk/internal/classfile/impl/ClassFileImpl
instanceKlass java/lang/classfile/ClassFile
instanceKlass java/lang/invoke/InvokerBytecodeGenerator$3
instanceKlass java/util/function/Consumer
instanceKlass java/lang/invoke/LambdaFormBuffer
instanceKlass java/lang/invoke/LambdaFormEditor$TransformKey
instanceKlass java/lang/invoke/LambdaFormEditor
instanceKlass java/lang/invoke/DelegatingMethodHandle$Holder
instanceKlass java/lang/invoke/DirectMethodHandle$2
instanceKlass java/lang/invoke/ClassSpecializer$Factory
instanceKlass java/lang/invoke/ClassSpecializer$SpeciesData
instanceKlass java/lang/invoke/ClassSpecializer$1
instanceKlass jdk/internal/vm/annotation/Stable
instanceKlass java/lang/invoke/ClassSpecializer
instanceKlass java/util/Collections$1
instanceKlass java/util/LinkedHashMap$LinkedHashIterator
instanceKlass java/util/SequencedSet
instanceKlass java/util/regex/Matcher$ImmutableMatchResult
instanceKlass java/util/regex/IntHashSet
instanceKlass java/util/regex/Matcher
instanceKlass java/util/regex/MatchResult
instanceKlass com/google/common/flogger/context/Tags
instanceKlass com/google/common/flogger/DurationRateLimiter$RateLimitPeriod
instanceKlass com/google/common/flogger/MetadataKey
instanceKlass com/google/common/flogger/LogContext$Key
instanceKlass java/util/ArrayList$Itr
instanceKlass java/util/regex/Pattern$TreeInfo
instanceKlass  @bci java/util/regex/Pattern Single (I)Ljava/util/regex/Pattern$BmpCharPredicate; 1 <appendix> member <vmtarget> ; # java/util/regex/Pattern$$Lambda+0x800000027
instanceKlass  @bci java/util/regex/Pattern negate (Ljava/util/regex/Pattern$CharPredicate;)Ljava/util/regex/Pattern$CharPredicate; 1 <appendix> member <vmtarget> ; # java/util/regex/Pattern$$Lambda+0x80000002f
instanceKlass java/lang/invoke/LambdaProxyClassArchive
instanceKlass java/lang/classfile/constantpool/ClassEntry
instanceKlass java/lang/classfile/constantpool/LoadableConstantEntry
instanceKlass jdk/internal/classfile/impl/Util
instanceKlass jdk/internal/classfile/impl/EntryMap
instanceKlass jdk/internal/classfile/impl/BootstrapMethodEntryImpl
instanceKlass java/lang/classfile/BootstrapMethodEntry
instanceKlass jdk/internal/classfile/impl/SplitConstantPool
instanceKlass java/lang/invoke/InfoFromMemberName
instanceKlass java/lang/invoke/MethodHandleInfo
instanceKlass java/lang/invoke/AbstractValidatingLambdaMetafactory
instanceKlass java/lang/invoke/BootstrapMethodInvoker
instanceKlass sun/invoke/util/ValueConversions
instanceKlass java/lang/invoke/LambdaMetafactory
instanceKlass java/util/regex/Pattern$BitClass
instanceKlass java/util/regex/Pattern$BmpCharPredicate
instanceKlass java/util/regex/Pattern$CharPredicate
instanceKlass java/util/regex/Pattern$Node
instanceKlass java/util/regex/Pattern
instanceKlass com/google/common/flogger/backend/google/SimpleCustomFormatter$Segment
instanceKlass com/google/common/flogger/backend/google/SimpleCustomFormatter$Template
instanceKlass com/google/common/flogger/backend/LogMessageFormatter
instanceKlass com/google/common/flogger/backend/LoggerBackend
instanceKlass com/google/common/flogger/util/StaticMethodCaller
instanceKlass com/google/common/flogger/backend/system/BackendFactory
instanceKlass java/lang/invoke/Invokers$Holder
instanceKlass java/lang/invoke/Invokers
instanceKlass sun/invoke/empty/Empty
instanceKlass sun/invoke/util/VerifyType
instanceKlass java/lang/invoke/InvokerBytecodeGenerator$8
instanceKlass jdk/internal/classfile/impl/AbstractAttributeMapper
instanceKlass java/lang/classfile/AttributeMapper
instanceKlass java/lang/classfile/Attributes
instanceKlass jdk/internal/classfile/impl/Util$Writable
instanceKlass jdk/internal/classfile/impl/AbstractElement
instanceKlass java/lang/classfile/attribute/RuntimeVisibleAnnotationsAttribute
instanceKlass java/lang/classfile/FieldElement
instanceKlass java/lang/classfile/MethodElement
instanceKlass java/lang/classfile/ClassElement
instanceKlass java/lang/classfile/Attribute
instanceKlass java/lang/classfile/ClassFileElement
instanceKlass java/lang/classfile/constantpool/Utf8Entry
instanceKlass java/lang/classfile/constantpool/AnnotationConstantValueEntry
instanceKlass java/lang/classfile/constantpool/PoolEntry
instanceKlass jdk/internal/classfile/impl/AbstractPoolEntry
instanceKlass jdk/internal/classfile/impl/TemporaryConstantPool
instanceKlass java/lang/classfile/constantpool/ConstantPoolBuilder
instanceKlass java/lang/classfile/constantpool/ConstantPool
instanceKlass java/lang/classfile/Annotation
instanceKlass java/lang/classfile/AnnotationElement
instanceKlass java/lang/invoke/InvokerBytecodeGenerator
instanceKlass java/lang/invoke/LambdaForm$Holder
instanceKlass java/lang/invoke/LambdaForm$Name
instanceKlass java/lang/reflect/Array
instanceKlass java/lang/invoke/DirectMethodHandle$Holder
instanceKlass java/lang/invoke/MethodTypeForm
instanceKlass jdk/internal/util/StrongReferenceKey
instanceKlass jdk/internal/util/ReferenceKey
instanceKlass jdk/internal/util/ReferencedKeyMap
instanceKlass java/lang/invoke/MethodType$1
instanceKlass java/lang/constant/DynamicConstantDesc
instanceKlass jdk/internal/constant/DirectMethodHandleDescImpl$1
instanceKlass jdk/internal/constant/DirectMethodHandleDescImpl
instanceKlass java/lang/constant/DirectMethodHandleDesc
instanceKlass java/lang/constant/MethodHandleDesc$1
instanceKlass java/lang/constant/MethodHandleDesc
instanceKlass jdk/internal/constant/MethodTypeDescImpl
instanceKlass java/lang/constant/MethodTypeDesc
instanceKlass jdk/internal/constant/ConstantUtils
instanceKlass jdk/internal/constant/ArrayClassDescImpl
instanceKlass jdk/internal/constant/ClassOrInterfaceDescImpl
instanceKlass java/lang/constant/ClassDesc
instanceKlass java/lang/constant/ConstantDescs
instanceKlass sun/invoke/util/Wrapper$Format
instanceKlass java/lang/invoke/MethodHandleImpl$1
instanceKlass jdk/internal/access/JavaLangInvokeAccess
instanceKlass java/lang/invoke/LambdaForm$NamedFunction
instanceKlass jdk/internal/reflect/MethodHandleAccessorFactory$LazyStaticHolder
instanceKlass com/google/common/flogger/backend/system/Clock
instanceKlass com/google/common/flogger/backend/PlatformProvider
instanceKlass com/google/common/flogger/backend/Platform$LazyHolder
instanceKlass com/google/common/flogger/backend/Platform
instanceKlass com/google/common/flogger/util/Checks
instanceKlass com/google/common/flogger/LoggingApi$NoOp
instanceKlass com/google/common/flogger/GoogleLogger$Api
instanceKlass com/google/common/flogger/GoogleLoggingApi
instanceKlass com/google/common/flogger/LoggingApi
instanceKlass com/google/common/flogger/AbstractLogger
instanceKlass java/lang/PublicMethods$Key
instanceKlass java/lang/PublicMethods$MethodList
instanceKlass com/google/common/net/HostAndPort
instanceKlass io/gapi/emulators/grpc/GrpcServer
instanceKlass com/google/cloud/datastore/emulator/firestore/FirestoreEmulator
instanceKlass com/google/cloud/datastore/emulator/firestore/CloudFirestoreEmulatorOption
instanceKlass io/grpc/stub/AbstractStub
instanceKlass io/grpc/Channel
instanceKlass com/google/cloud/datastore/emulator/impl/firestore/ApiRouter
instanceKlass io/gapi/emulators/util/Resettable
instanceKlass io/netty/channel/ChannelHandler
instanceKlass com/google/cloud/datastore/emulator/impl/events/EventPublisher
instanceKlass com/google/api/client/http/HttpTransport
instanceKlass java/util/concurrent/ExecutorService
instanceKlass java/util/concurrent/Executor
instanceKlass java/util/concurrent/BlockingQueue
instanceKlass jdk/internal/misc/MethodFinder
instanceKlass com/google/cloud/datastore/emulator/firestore/CloudFirestore
instanceKlass java/security/PermissionCollection
instanceKlass java/security/SecureClassLoader$1
instanceKlass java/util/zip/Checksum$1
instanceKlass java/util/zip/CRC32
instanceKlass java/util/zip/Checksum
instanceKlass sun/nio/ByteBuffered
instanceKlass java/lang/Package$VersionInfo
instanceKlass java/lang/NamedPackage
instanceKlass jdk/internal/loader/Resource
instanceKlass java/nio/charset/CoderResult
instanceKlass java/lang/Readable
instanceKlass jdk/internal/loader/FileURLMapper
instanceKlass jdk/internal/loader/URLClassPath$Loader
instanceKlass sun/net/util/URLUtil
instanceKlass java/util/SequencedMap
instanceKlass java/util/jar/Attributes
instanceKlass java/util/jar/JarVerifier
instanceKlass sun/security/util/Debug
instanceKlass sun/security/util/SignatureFileVerifier
instanceKlass java/util/zip/ZipFile$InflaterCleanupAction
instanceKlass java/util/zip/Inflater$InflaterZStreamRef
instanceKlass java/util/zip/Inflater
instanceKlass java/util/zip/ZipEntry
instanceKlass java/nio/Bits$1
instanceKlass jdk/internal/misc/VM$BufferPool
instanceKlass java/nio/Bits
instanceKlass sun/nio/ch/DirectBuffer
instanceKlass jdk/internal/perf/PerfCounter$CoreCounters
instanceKlass jdk/internal/perf/Perf
instanceKlass jdk/internal/perf/PerfCounter
instanceKlass sun/util/locale/LocaleUtils
instanceKlass java/util/Locale
instanceKlass java/nio/file/attribute/FileTime
instanceKlass java/util/zip/ZipUtils
instanceKlass java/util/zip/ZipFile$Source$End
instanceKlass java/io/RandomAccessFile$2
instanceKlass jdk/internal/access/JavaIORandomAccessFileAccess
instanceKlass java/io/RandomAccessFile
instanceKlass java/io/DataInput
instanceKlass java/io/DataOutput
instanceKlass sun/nio/fs/WindowsNativeDispatcher$CompletionStatus
instanceKlass sun/nio/fs/WindowsNativeDispatcher$AclInformation
instanceKlass sun/nio/fs/WindowsNativeDispatcher$Account
instanceKlass sun/nio/fs/WindowsNativeDispatcher$DiskFreeSpace
instanceKlass sun/nio/fs/WindowsNativeDispatcher$VolumeInformation
instanceKlass sun/nio/fs/WindowsNativeDispatcher$FirstStream
instanceKlass sun/nio/fs/WindowsNativeDispatcher$FirstFile
instanceKlass java/util/Enumeration
instanceKlass java/util/concurrent/ConcurrentHashMap$Traverser
instanceKlass jdk/internal/loader/NativeLibraries$2
instanceKlass jdk/internal/loader/NativeLibrary
instanceKlass java/util/ArrayDeque$DeqIterator
instanceKlass jdk/internal/loader/NativeLibraries$NativeLibraryContext$1
instanceKlass jdk/internal/loader/NativeLibraries$NativeLibraryContext
instanceKlass jdk/internal/loader/NativeLibraries$1
instanceKlass jdk/internal/loader/NativeLibraries$LibraryPaths
instanceKlass sun/nio/fs/WindowsNativeDispatcher
instanceKlass sun/nio/fs/NativeBuffer$Deallocator
instanceKlass sun/nio/fs/NativeBuffer
instanceKlass java/lang/ThreadLocal$ThreadLocalMap
instanceKlass java/lang/ThreadLocal
instanceKlass sun/nio/fs/NativeBuffers
instanceKlass sun/nio/fs/WindowsFileAttributes
instanceKlass java/nio/file/attribute/DosFileAttributes
instanceKlass sun/nio/fs/AbstractBasicFileAttributeView
instanceKlass sun/nio/fs/DynamicFileAttributeView
instanceKlass sun/nio/fs/WindowsFileAttributeViews
instanceKlass sun/nio/fs/Util
instanceKlass java/nio/file/attribute/BasicFileAttributeView
instanceKlass java/nio/file/attribute/FileAttributeView
instanceKlass java/nio/file/attribute/AttributeView
instanceKlass java/nio/file/Files
instanceKlass java/nio/file/CopyOption
instanceKlass java/nio/file/attribute/BasicFileAttributes
instanceKlass sun/nio/fs/WindowsPath
instanceKlass java/nio/file/Path
instanceKlass java/nio/file/Watchable
instanceKlass java/util/zip/ZipFile$Source$Key
instanceKlass sun/nio/fs/WindowsPathParser
instanceKlass java/nio/file/FileSystem
instanceKlass java/nio/file/OpenOption
instanceKlass java/nio/file/spi/FileSystemProvider
instanceKlass sun/nio/fs/DefaultFileSystemProvider
instanceKlass java/util/zip/ZipFile$Source
instanceKlass java/lang/ref/Cleaner$Cleanable
instanceKlass jdk/internal/ref/CleanerImpl$CleanableList$Node
instanceKlass jdk/internal/ref/CleanerImpl$CleanableList
instanceKlass jdk/internal/ref/CleanerImpl
instanceKlass java/lang/ref/Cleaner$1
instanceKlass java/lang/ref/Cleaner
instanceKlass jdk/internal/ref/CleanerFactory$1
instanceKlass java/util/concurrent/ThreadFactory
instanceKlass jdk/internal/ref/CleanerFactory
instanceKlass java/util/zip/ZipFile$CleanableResource
instanceKlass java/util/zip/ZipCoder
instanceKlass java/util/Optional
instanceKlass java/lang/Runtime$Version
instanceKlass java/util/jar/JavaUtilJarAccessImpl
instanceKlass jdk/internal/access/JavaUtilJarAccess
instanceKlass java/util/zip/ZipFile$1
instanceKlass jdk/internal/access/JavaUtilZipFileAccess
instanceKlass java/util/BitSet
instanceKlass java/util/zip/ZipFile
instanceKlass java/util/zip/ZipConstants
instanceKlass java/lang/StringCoding
instanceKlass sun/nio/cs/ArrayDecoder
instanceKlass java/nio/charset/CharsetDecoder
instanceKlass sun/launcher/LauncherHelper
instanceKlass jdk/internal/vm/ContinuationSupport
instanceKlass java/util/Deque
instanceKlass java/util/Queue
instanceKlass sun/net/util/IPAddressUtil$MASKS
instanceKlass sun/net/util/IPAddressUtil
instanceKlass java/net/URLStreamHandler
instanceKlass sun/net/www/ParseUtil
instanceKlass java/net/URL$1
instanceKlass jdk/internal/access/JavaNetURLAccess
instanceKlass java/net/URL$DefaultFactory
instanceKlass java/net/URLStreamHandlerFactory
instanceKlass jdk/internal/loader/URLClassPath
instanceKlass java/lang/Module$EnableNativeAccess
instanceKlass jdk/internal/loader/BootLoader
instanceKlass java/util/concurrent/ConcurrentHashMap$CollectionView
instanceKlass jdk/internal/loader/ClassLoaderHelper
instanceKlass java/lang/ClassLoader$ParallelLoaders
instanceKlass java/security/cert/Certificate
instanceKlass java/net/URI$1
instanceKlass jdk/internal/access/JavaNetUriAccess
instanceKlass jdk/internal/loader/AbstractClassLoaderValue
instanceKlass jdk/internal/module/ModuleBootstrap$Counters
instanceKlass jdk/internal/module/ModuleLoaderMap$Modules
instanceKlass jdk/internal/module/ModuleLoaderMap
instanceKlass jdk/internal/module/ModulePatcher
instanceKlass jdk/internal/util/DecimalDigits
instanceKlass java/io/FileSystem
instanceKlass java/io/DefaultFileSystem
instanceKlass java/io/File
instanceKlass java/lang/module/ModuleDescriptor$1
instanceKlass jdk/internal/access/JavaLangModuleAccess
instanceKlass sun/invoke/util/VerifyAccess
instanceKlass java/util/KeyValueHolder
instanceKlass java/util/ImmutableCollections$MapN$MapNIterator
instanceKlass java/lang/invoke/MethodHandles$Lookup
instanceKlass java/lang/invoke/MemberName$Factory
instanceKlass java/lang/invoke/MethodHandles
instanceKlass jdk/internal/module/ModuleBootstrap
instanceKlass java/util/HexFormat
instanceKlass jdk/internal/util/ClassFileDumper
instanceKlass java/lang/CharacterData
instanceKlass java/lang/invoke/MethodHandleStatics
instanceKlass java/util/Collections
instanceKlass java/lang/Thread$ThreadIdentifiers
instanceKlass sun/io/Win32ErrorMode
instanceKlass jdk/internal/misc/OSEnvironment
instanceKlass jdk/internal/misc/Signal$NativeHandler
instanceKlass java/util/Hashtable$Entry
instanceKlass jdk/internal/misc/Signal
instanceKlass java/lang/Terminator$1
instanceKlass jdk/internal/misc/Signal$Handler
instanceKlass java/lang/Terminator
instanceKlass java/nio/ByteOrder
instanceKlass java/nio/Buffer$2
instanceKlass jdk/internal/access/JavaNioAccess
instanceKlass java/nio/Buffer$1
instanceKlass jdk/internal/misc/ScopedMemoryAccess
instanceKlass java/nio/charset/CodingErrorAction
instanceKlass sun/nio/cs/SingleByte
instanceKlass java/lang/StringUTF16
instanceKlass sun/nio/cs/MS1252$Holder
instanceKlass sun/nio/cs/ArrayEncoder
instanceKlass java/nio/charset/CharsetEncoder
instanceKlass java/io/Writer
instanceKlass java/io/OutputStream
instanceKlass java/io/Flushable
instanceKlass java/io/FileDescriptor$1
instanceKlass jdk/internal/access/JavaIOFileDescriptorAccess
instanceKlass java/io/FileDescriptor
instanceKlass jdk/internal/util/StaticProperty
instanceKlass jdk/internal/reflect/MethodHandleAccessorFactory
instanceKlass jdk/internal/reflect/Reflection
instanceKlass java/lang/reflect/Modifier
instanceKlass java/lang/Class$Atomic
instanceKlass java/lang/Class$ReflectionData
instanceKlass java/nio/charset/StandardCharsets
instanceKlass sun/nio/cs/HistoricallyNamedCharset
instanceKlass java/util/Arrays
instanceKlass jdk/internal/util/Preconditions$3
instanceKlass jdk/internal/util/Preconditions$2
instanceKlass jdk/internal/util/Preconditions$4
instanceKlass java/util/function/BiFunction
instanceKlass jdk/internal/util/Preconditions$1
instanceKlass jdk/internal/util/Preconditions
instanceKlass java/nio/charset/spi/CharsetProvider
instanceKlass java/nio/charset/Charset
instanceKlass java/util/HashMap$HashIterator
instanceKlass java/util/Objects
instanceKlass java/util/concurrent/locks/LockSupport
instanceKlass java/util/concurrent/ConcurrentHashMap$CounterCell
instanceKlass java/util/concurrent/locks/ReentrantLock
instanceKlass java/util/concurrent/locks/Lock
instanceKlass java/lang/Runtime
instanceKlass java/lang/VersionProps
instanceKlass java/lang/StringConcatHelper
instanceKlass jdk/internal/util/ArraysSupport
instanceKlass java/lang/StringLatin1
instanceKlass java/lang/StrictMath
instanceKlass jdk/internal/util/SystemProps$Raw
instanceKlass jdk/internal/util/SystemProps
instanceKlass java/lang/System$1
instanceKlass jdk/internal/access/JavaLangAccess
instanceKlass java/lang/ref/ReferenceQueue$Lock
instanceKlass java/lang/ref/ReferenceQueue
instanceKlass java/lang/ref/Reference$1
instanceKlass jdk/internal/access/JavaLangRefAccess
instanceKlass java/lang/Math
instanceKlass java/io/ObjectStreamClass
instanceKlass jdk/internal/reflect/ReflectionFactory
instanceKlass jdk/internal/access/SharedSecrets
instanceKlass java/lang/reflect/ReflectAccess
instanceKlass jdk/internal/access/JavaLangReflectAccess
instanceKlass jdk/internal/misc/CDS
instanceKlass jdk/internal/misc/VM
instanceKlass java/lang/String$CaseInsensitiveComparator
instanceKlass java/util/Comparator
instanceKlass java/io/ObjectStreamField
instanceKlass java/lang/Module$ArchivedData
instanceKlass jdk/internal/module/ArchivedBootLayer
instanceKlass jdk/internal/loader/BuiltinClassLoader$LoadedModule
instanceKlass jdk/internal/module/ServicesCatalog$ServiceProvider
instanceKlass java/util/concurrent/CopyOnWriteArrayList
instanceKlass jdk/internal/module/ServicesCatalog
instanceKlass java/util/concurrent/ConcurrentHashMap$Node
instanceKlass jdk/internal/loader/NativeLibraries
instanceKlass java/security/Principal
instanceKlass jdk/internal/loader/ArchivedClassLoaders
instanceKlass jdk/internal/math/FDBigInteger
instanceKlass java/lang/ModuleLayer
instanceKlass java/util/ImmutableCollections
instanceKlass jdk/internal/module/ModuleLoaderMap$Mapper
instanceKlass java/util/function/Function
instanceKlass java/lang/module/ResolvedModule
instanceKlass java/lang/module/Configuration
instanceKlass java/util/HashMap$Node
instanceKlass java/util/Map$Entry
instanceKlass java/util/Collections$UnmodifiableMap
instanceKlass jdk/internal/module/ModuleHashes
instanceKlass jdk/internal/module/ModuleTarget
instanceKlass java/lang/module/ModuleDescriptor$Provides
instanceKlass java/lang/module/ModuleDescriptor$Opens
instanceKlass jdk/internal/module/SystemModuleFinders$2
instanceKlass jdk/internal/module/ModuleHashes$HashSupplier
instanceKlass jdk/internal/module/SystemModuleFinders$1
instanceKlass java/util/function/Supplier
instanceKlass java/net/URI
instanceKlass java/lang/module/ModuleDescriptor$Exports
instanceKlass java/lang/module/ModuleDescriptor$Requires
instanceKlass java/lang/module/ModuleDescriptor$Version
instanceKlass java/lang/module/ModuleDescriptor
instanceKlass java/lang/module/ModuleReference
instanceKlass java/util/Set
instanceKlass jdk/internal/module/SystemModuleFinders$SystemModuleFinder
instanceKlass java/lang/module/ModuleFinder
instanceKlass jdk/internal/module/ArchivedModuleGraph
instanceKlass sun/util/locale/BaseLocale
instanceKlass java/util/jar/Attributes$Name
instanceKlass java/lang/Character$CharacterCache
instanceKlass java/lang/Short$ShortCache
instanceKlass java/lang/Byte$ByteCache
instanceKlass java/lang/Long$LongCache
instanceKlass java/lang/Integer$IntegerCache
instanceKlass jdk/internal/vm/FillerObject
instanceKlass jdk/internal/vm/vector/VectorSupport$VectorPayload
instanceKlass jdk/internal/vm/vector/VectorSupport
instanceKlass java/lang/reflect/RecordComponent
instanceKlass java/util/Iterator
instanceKlass java/lang/Void
instanceKlass java/lang/Number
instanceKlass java/lang/Character
instanceKlass java/lang/Boolean
instanceKlass java/util/concurrent/locks/AbstractOwnableSynchronizer
instanceKlass java/lang/LiveStackFrame
instanceKlass java/lang/ClassFrameInfo
instanceKlass java/lang/StackWalker$StackFrame
instanceKlass java/lang/StackStreamFactory$AbstractStackWalker
instanceKlass java/lang/StackWalker
instanceKlass java/nio/Buffer
instanceKlass java/lang/StackTraceElement
instanceKlass java/util/RandomAccess
instanceKlass java/util/List
instanceKlass java/util/SequencedCollection
instanceKlass java/util/AbstractCollection
instanceKlass java/util/Collection
instanceKlass java/lang/Iterable
instanceKlass java/util/concurrent/ConcurrentMap
instanceKlass java/util/AbstractMap
instanceKlass java/security/CodeSource
instanceKlass jdk/internal/loader/ClassLoaders
instanceKlass java/util/jar/Manifest
instanceKlass java/lang/Enum
instanceKlass java/net/URL
instanceKlass java/io/InputStream
instanceKlass java/io/Closeable
instanceKlass java/lang/AutoCloseable
instanceKlass jdk/internal/module/Modules
instanceKlass jdk/internal/misc/Unsafe
instanceKlass jdk/internal/misc/UnsafeConstants
instanceKlass java/lang/AbstractStringBuilder
instanceKlass java/lang/Appendable
instanceKlass java/lang/AssertionStatusDirectives
instanceKlass jdk/internal/foreign/abi/ABIDescriptor
instanceKlass jdk/internal/foreign/abi/NativeEntryPoint
instanceKlass java/lang/invoke/CallSite
instanceKlass java/lang/invoke/MethodType
instanceKlass java/lang/invoke/TypeDescriptor$OfMethod
instanceKlass java/lang/invoke/LambdaForm
instanceKlass java/lang/invoke/MethodHandleNatives
instanceKlass java/lang/invoke/MethodHandleImpl
instanceKlass java/lang/invoke/ResolvedMethodName
instanceKlass java/lang/invoke/MemberName
instanceKlass java/lang/invoke/VarHandle
instanceKlass java/lang/invoke/MethodHandle
instanceKlass jdk/internal/reflect/ConstructorAccessorImpl
instanceKlass jdk/internal/reflect/ConstructorAccessor
instanceKlass jdk/internal/reflect/CallerSensitive
instanceKlass java/lang/annotation/Annotation
instanceKlass jdk/internal/reflect/ConstantPool
instanceKlass jdk/internal/reflect/MethodAccessorImpl
instanceKlass jdk/internal/reflect/MethodAccessor
instanceKlass jdk/internal/vm/StackChunk
instanceKlass jdk/internal/vm/Continuation
instanceKlass jdk/internal/vm/ContinuationScope
instanceKlass java/lang/reflect/Parameter
instanceKlass java/lang/reflect/Member
instanceKlass java/lang/reflect/AccessibleObject
instanceKlass java/lang/Module
instanceKlass java/util/Map
instanceKlass java/util/Dictionary
instanceKlass java/lang/ThreadGroup
instanceKlass java/lang/Thread$UncaughtExceptionHandler
instanceKlass java/lang/Thread$Constants
instanceKlass java/lang/Thread$FieldHolder
instanceKlass java/lang/Thread
instanceKlass java/lang/Runnable
instanceKlass java/lang/ref/Reference
instanceKlass java/lang/Record
instanceKlass java/security/ProtectionDomain
instanceKlass java/lang/Throwable
instanceKlass java/lang/System
instanceKlass java/lang/ClassLoader
instanceKlass java/lang/Cloneable
instanceKlass java/lang/Class
instanceKlass java/lang/invoke/TypeDescriptor$OfField
instanceKlass java/lang/invoke/TypeDescriptor
instanceKlass java/lang/reflect/Type
instanceKlass java/lang/reflect/GenericDeclaration
instanceKlass java/lang/reflect/AnnotatedElement
instanceKlass java/lang/String
instanceKlass java/lang/constant/ConstantDesc
instanceKlass java/lang/constant/Constable
instanceKlass java/lang/CharSequence
instanceKlass java/lang/Comparable
instanceKlass java/io/Serializable
ciInstanceKlass java/lang/Object 1 1 115 7 1 10 12 1 1 10 7 12 1 1 1 10 7 12 1 1 1 10 12 1 1 8 1 10 12 1 1 10 7 12 1 1 1 10 12 1 10 12 1 1 100 1 8 1 10 12 1 10 7 12 1 1 1 7 1 10 12 1 7 1 10 12 1 1 8 1 3 8 1 100 1 5 0 1 1 1 1 1 1 1 1 1 1 1 1 1 1 1 1 100 1 1 1 1 1 1 1 1 1 1 1 1 1 100 1 1 1 1 1 1 3 1 1
ciMethod java/lang/Object equals (Ljava/lang/Object;)Z 512 0 22835 0 88
ciMethod java/lang/Object hashCode ()I 256 0 128 0 -1
ciInstanceKlass java/io/Serializable 1 0 7 100 1 100 1 1 1
ciInstanceKlass java/lang/System 1 1 591 10 100 12 1 1 1 10 7 12 1 1 1 10 12 1 1 10 12 1 9 12 1 1 10 7 12 1 1 1 11 100 12 1 1 1 10 100 12 1 1 1 10 12 1 1 100 1 8 1 10 12 1 9 12 1 1 9 12 1 1 10 7 12 1 1 1 10 7 12 1 1 1 10 12 1 1 10 12 1 10 7 12 1 1 1 10 12 1 10 12 1 1 7 1 10 12 1 1 100 1 8 1 10 10 12 1 1 100 1 8 1 10 10 7 12 1 1 10 12 10 7 12 1 1 10 7 12 1 1 1 100 1 8 1 10 10 7 12 1 1 1 10 7 12 1 1 1 100 1 10 100 12 1 1 1 10 12 1 1 10 7 12 1 1 1 10 12 1 1 10 12 1 10 12 1 8 1 10 12 1 1 10 12 1 1 8 1 10 12 1 7 1 7 1 10 12 1 9 7 12 1 1 1 10 7 12 1 1 1 10 12 1 10 12 1 10 7 12 1 1 1 100 1 8 1 10 9 12 1 1 9 12 1 10 12 1 10 100 12 1 1 10 12 1 10 12 1 1 100 1 10 8 1 10 12 1 1 10 12 1 10 12 1 1 10 12 1 1 8 1 11 7 12 1 1 10 12 11 12 1 1 11 7 12 1 1 1 11 7 12 1 1 11 12 1 1 7 1 11 12 1 10 12 1 8 1 10 12 1 1 8 1 8 1 8 1 8 1 11 12 1 10 12 1 1 10 12 1 10 12 1 8 1 10 12 1 1 8 1 9 12 1 8 1 10 7 12 1 1 8 1 7 1 9 7 12 1 1 1 10 12 1 7 1 9 12 10 9 12 7 1 10 12 9 12 1 1 8 1 10 12 1 1 8 1 9 12 1 10 7 12 1 1 10 12 1 10 12 1 1 11 7 12 1 1 10 12 10 7 12 1 1 1 9 12 1 1 100 1 100 1 8 1 10 12 1 1 10 12 1 8 1 8 1 10 8 1 8 1 8 1 8 1 8 1 10 8 1 10 7 12 1 1 1 10 7 12 1 1 1 10 12 1 1 7 1 10 10 12 1 10 12 1 9 12 1 1 1 1 1 1 1 1 1 1 1 1 100 1 1 100 1 1 1 1 1 1 1 1 1 1 3 1 1 1 1 1 1 1 1 1 1 1 1 1 1 1 1 1 1 1 1 1 1 1 1 1 1 1 1 1 1 1 1 1 1 1 1 1 1 1 1 1 1 1 1 1 1 1 1 1 1 1 100 1 1 1 1 1 1 1 1 1 1 1 1 1 1 1 1 1 1 1 1 1 1 1 1 1 100 1 100 1 1 1 1 1 1 1 1
staticfield java/lang/System in Ljava/io/InputStream; java/io/BufferedInputStream
staticfield java/lang/System out Ljava/io/PrintStream; java/io/PrintStream
staticfield java/lang/System err Ljava/io/PrintStream; java/io/PrintStream
instanceKlass java/security/Security$1
instanceKlass java/security/Provider
ciInstanceKlass java/util/Properties 1 1 690 10 7 12 1 1 1 100 1 10 7 12 1 1 7 1 10 12 1 9 12 1 1 9 12 1 1 9 12 1 1 10 7 12 1 1 1 10 12 1 1 8 1 10 7 12 1 1 1 7 1 10 12 1 10 12 1 1 8 1 10 12 1 7 1 10 12 10 12 1 1 9 12 1 1 10 12 1 1 7 1 10 12 1 10 12 1 10 12 1 1 100 1 8 1 10 12 1 10 12 1 10 12 1 1 10 12 1 100 1 3 10 10 100 12 1 1 1 10 12 1 10 12 1 1 8 1 10 12 1 10 12 1 1 8 1 10 100 12 1 1 10 12 1 1 10 12 1 10 12 1 1 100 1 10 12 1 10 12 1 1 100 1 9 100 12 1 1 1 10 12 1 10 12 1 1 10 12 1 1 10 12 1 1 100 1 9 12 1 1 7 1 100 1 10 12 1 100 1 11 7 12 1 1 1 11 12 1 1 11 100 12 1 1 1 11 7 12 1 1 1 11 12 1 1 11 12 1 11 12 1 10 12 1 1 8 1 10 12 1 10 100 12 1 1 10 12 1 100 1 10 10 12 1 10 12 1 100 1 10 10 12 1 1 10 100 12 1 1 9 100 12 1 1 10 12 1 1 10 100 12 1 1 1 100 1 100 1 100 1 10 8 1 8 1 10 12 1 10 12 1 10 12 1 1 10 10 12 1 1 10 12 1 1 7 1 10 10 12 1 11 7 12 1 1 10 7 12 1 1 1 8 1 10 100 12 1 1 11 11 7 1 8 1 10 100 1 11 10 12 1 10 10 12 1 10 12 1 1 10 12 1 1 10 12 1 1 10 12 1 10 12 1 10 10 12 1 10 12 1 10 12 1 10 10 12 1 1 10 12 1 1 10 10 12 1 10 12 1 10 12 1 10 12 1 10 12 1 1 10 12 1 1 10 12 1 10 12 1 10 12 1 1 10 12 10 12 1 1 10 12 1 1 10 12 1 10 12 1 1 10 12 1 1 10 12 10 11 12 1 4 11 10 12 1 1 10 100 12 1 1 11 12 1 10 12 1 1 10 100 12 1 1 10 12 1 100 1 8 1 10 12 1 10 10 100 12 1 1 1 100 1 6 0 10 12 1 1 11 100 12 1 1 1 10 12 1 10 12 1 1 1 1 1 5 0 1 1 1 1 1 1 1 1 1 1 1 1 1 1 1 1 1 1 1 1 1 1 1 1 1 1 1 1 1 1 1 1 1 1 1 1 1 1 1 100 1 1 1 1 1 1 1 1 1 1 1 1 1 1 1 1 1 1 1 1 100 1 1 1 1 1 1 1 1 1 1 1 1 100 1 100 1 1 1 1 1 100 1 1 1 1 1 1 1 1 1 1 1 1 1 1 1 1 1 1 1 1 1 1 1 1 1 1 1 1 1 1 1 1 1 1 1 1 1 1 1 1 1 1 1 1 1 1 1 1 1 1 1 1 1 1 1 1 1 1 1 1 1 1 1 1 1 1 1 1 1 1 1 1 1 1 1 1 1 100 1 1 1 1 1 1 1 1 1 1 1 100 1 1
staticfield java/util/Properties UNSAFE Ljdk/internal/misc/Unsafe; jdk/internal/misc/Unsafe
instanceKlass java/util/Hashtable
ciInstanceKlass java/util/Dictionary 1 1 36 10 7 12 1 1 1 100 1 1 1 1 1 1 1 1 1 1 1 1 1 1 1 1 1 1 1 1 1 1 1 1 1 1 1 1
instanceKlass java/util/Properties
ciInstanceKlass java/util/Hashtable 1 1 516 100 1 10 7 12 1 1 1 9 7 12 1 1 1 100 1 100 1 10 8 1 10 12 1 1 10 12 1 10 12 1 1 10 12 1 10 7 12 1 1 1 8 1 10 12 1 9 12 1 1 7 1 9 12 1 1 4 10 7 12 1 1 1 9 12 1 4 10 12 1 11 100 12 1 1 1 10 12 1 1 10 12 1 1 9 12 1 10 12 1 1 100 1 10 9 12 1 1 10 7 12 1 1 1 9 12 1 1 10 12 1 10 12 1 3 9 12 1 9 12 1 3 10 12 1 10 12 1 10 12 1 1 11 12 1 1 11 100 12 1 1 1 11 100 12 1 1 1 11 12 1 100 1 11 12 1 11 12 1 10 12 1 1 10 12 1 1 10 12 1 9 12 1 1 9 12 9 12 1 1 10 100 1 100 1 10 12 1 10 8 1 10 10 12 1 8 1 10 8 1 10 100 12 1 1 1 7 1 10 12 1 10 12 1 100 1 10 12 1 10 12 1 1 100 1 10 100 1 10 10 12 1 1 11 12 1 1 11 12 1 100 1 10 10 10 100 12 1 1 11 100 12 1 1 1 100 1 10 11 100 12 1 1 11 100 12 1 10 12 1 10 12 1 1 10 100 12 1 1 10 12 1 1 10 12 1 1 10 12 1 1 10 100 12 1 1 1 8 10 100 12 1 1 100 1 8 1 10 4 4 10 12 1 1 10 12 1 8 1 4 10 12 10 100 12 1 1 1 100 1 11 100 12 1 1 1 10 100 12 1 1 1 10 12 1 10 12 1 1 10 100 1 100 1 1 1 1 1 1 5 0 1 1 1 1 1 3 1 3 1 3 1 1 1 1 1 1 1 1 1 1 1 1 1 1 1 1 1 1 1 1 1 1 1 1 1 100 1 1 1 1 1 1 1 1 1 1 1 1 1 1 1 1 1 1 1 1 1 1 1 1 1 1 1 1 1 100 1 1 1 1 1 1 1 1 1 1 1 1 1 1 100 1 1 1 1 1 1 1 1 1 1 1 1 1 1 1 1 1 1 1 1 1 1 1 1 1 1 1 1 1 1 1 1 1 1 1 1 1 1 1 1 1 1 1 1 100 1 1 1 100 1 1 1 1 1 100 1 1 1 1 1 1 1 1 1 1 1 1 1 1 1 1 1 1
ciInstanceKlass java/util/Map 1 1 263 11 7 12 1 1 1 11 12 1 1 10 7 12 1 1 11 12 1 1 11 7 12 1 1 1 11 7 12 1 1 1 11 12 1 1 7 1 11 12 1 11 12 1 100 1 100 1 10 12 1 1 11 7 12 1 1 1 11 7 12 1 1 1 11 12 1 11 12 1 10 12 1 1 11 12 1 11 7 12 1 9 7 12 1 1 1 100 1 10 12 7 1 7 1 10 12 1 7 1 10 7 1 11 12 1 11 12 1 1 11 12 1 1 100 1 11 12 1 1 1 1 1 1 1 1 1 1 1 1 1 1 1 1 1 1 1 1 1 1 1 1 1 1 1 1 1 1 1 1 1 1 1 1 1 1 1 1 1 1 1 1 1 1 1 1 1 1 1 1 1 1 1 1 1 1 1 1 1 1 1 1 1 1 1 1 1 1 1 1 1 1 1 1 1 1 1 1 1 1 1 1 1 1 1 1 1 1 1 1 1 1 1 1 1 1 1 1 1 1 1 1 1 1 1 1 1 1 1 1 1 1 1 1 1 1 1 1 1 1 1 1 1 1 100 1 1 1 1 1 1 1 1 1 1 1 1 1 1 1 1 1 1
ciInstanceKlass java/lang/String 1 1 1471 10 7 12 1 1 1 8 1 9 7 12 1 1 1 9 12 1 1 9 12 1 1 9 12 1 1 10 12 1 10 12 1 1 10 12 1 1 9 12 1 10 7 12 1 1 1 10 12 1 1 10 12 1 10 7 12 1 1 1 10 12 1 1 10 12 1 1 10 12 1 10 12 1 1 10 12 1 10 7 12 1 1 1 7 1 9 7 12 1 1 1 10 7 12 1 1 1 10 12 1 1 10 12 1 1 10 7 12 1 1 1 10 12 1 1 9 7 12 1 1 10 12 9 7 12 1 1 10 12 1 1 3 10 12 1 1 7 1 11 12 1 1 11 12 1 11 12 1 1 10 100 12 1 1 1 10 12 1 1 9 100 12 1 1 1 10 12 1 1 10 12 1 11 12 1 1 10 12 1 10 12 10 12 1 1 100 1 100 1 10 12 1 10 12 1 10 7 12 1 1 1 10 12 1 1 100 1 10 12 1 1 100 1 10 12 1 1 10 12 1 1 10 12 1 10 10 12 1 100 1 100 1 100 1 10 12 1 10 12 1 1 10 12 1 1 10 12 1 10 12 1 1 10 12 1 1 10 100 12 1 1 100 1 11 10 7 12 1 1 11 12 1 11 12 1 10 12 1 10 12 1 10 12 10 12 1 1 10 10 100 12 1 1 1 10 100 12 1 1 10 12 1 1 10 100 12 1 1 10 12 1 10 12 1 1 10 12 1 1 10 12 1 10 12 1 10 12 1 1 100 1 10 12 1 1 10 12 10 12 1 10 12 1 1 10 12 1 1 10 7 12 1 1 1 10 12 1 10 12 1 1 10 12 1 10 12 1 3 3 10 12 1 1 10 12 1 10 12 1 1 10 12 1 1 10 12 1 1 10 12 1 10 12 1 1 10 12 1 1 10 12 1 10 12 1 10 12 1 10 12 1 1 10 12 1 10 12 1 10 12 1 10 12 1 10 12 1 10 12 1 10 100 1 10 8 1 10 12 1 1 10 12 1 8 1 10 12 1 1 10 12 10 12 1 8 1 10 10 12 1 1 10 12 1 1 7 1 5 0 100 1 8 1 10 10 12 1 1 5 0 5 0 5 0 10 12 1 1 10 7 1 10 10 12 1 10 12 1 10 12 1 10 10 12 1 10 12 1 10 12 1 10 12 1 10 12 1 10 12 1 10 12 1 1 10 12 1 1 10 12 1 1 10 10 12 1 1 10 10 12 1 100 1 10 9 100 12 1 1 1 11 100 12 1 1 1 10 12 1 1 10 12 1 1 10 7 1 10 12 1 10 12 1 10 7 12 1 1 1 10 12 1 10 12 1 1 10 12 1 11 7 1 11 12 10 12 1 10 12 1 1 10 12 1 1 10 10 12 1 10 12 1 9 12 1 1 11 7 12 1 1 1 10 12 10 10 12 1 10 12 1 1 10 10 12 1 10 12 1 10 12 1 1 10 12 1 1 10 10 12 1 1 10 10 7 12 1 1 1 10 12 1 10 12 1 10 12 10 10 12 10 10 12 1 10 12 1 10 10 12 10 12 1 1 10 12 10 10 12 10 12 1 10 12 10 12 10 10 12 1 10 12 1 1 10 12 1 1 10 10 12 1 10 7 12 1 1 1 10 12 1 1 10 10 7 12 1 1 1 11 10 12 1 10 12 1 1 10 12 1 1 10 7 12 1 1 1 10 12 1 10 12 1 10 12 1 10 12 1 10 12 1 10 12 1 100 1 10 10 12 1 10 12 1 1 8 1 10 12 1 3 3 10 12 1 10 12 1 1 10 12 7 1 10 10 12 1 1 10 12 10 12 1 10 12 1 10 12 1 1 10 12 1 1 11 7 12 1 1 1 7 1 10 12 1 10 12 1 1 8 1 10 12 1 1 10 12 1 11 100 12 1 1 1 11 100 12 1 1 11 12 1 10 12 1 10 12 1 1 10 10 7 12 1 1 1 10 12 1 10 12 1 10 10 12 10 12 1 1 10 10 12 1 10 10 12 1 10 10 12 1 10 10 12 1 10 12 1 1 10 10 12 1 8 1 10 12 1 1 18 12 1 1 11 100 12 1 1 1 3 18 12 1 18 12 1 8 1 10 100 12 1 1 1 11 12 1 1 10 12 10 10 12 1 10 11 12 1 1 10 12 1 1 11 12 1 18 3 11 10 11 11 10 12 1 10 12 1 1 8 1 10 12 1 10 12 1 10 12 1 1 10 10 12 1 11 100 12 1 100 1 100 1 10 12 100 1 10 10 100 12 1 1 1 100 1 10 7 1 10 10 12 1 10 10 12 1 8 1 10 10 12 1 8 1 8 1 10 12 1 10 12 1 10 10 12 10 7 12 1 1 10 100 12 1 1 10 7 12 1 1 8 1 10 12 1 10 12 1 10 9 12 1 10 12 9 7 12 1 1 1 10 12 1 10 12 1 10 12 1 10 12 10 12 1 10 12 1 8 1 10 100 12 1 1 1 10 12 10 12 1 1 10 12 10 12 10 12 7 1 9 12 1 1 7 1 10 100 1 100 1 100 1 100 1 1 1 1 1 1 5 0 1 1 1 1 1 3 1 3 1 1 1 1 1 1 1 1 1 1 1 1 1 1 1 100 1 1 1 1 1 1 1 1 1 1 1 1 1 1 1 1 1 1 1 1 1 1 1 1 1 1 1 1 1 1 1 100 1 1 1 1 1 1 1 1 1 1 1 1 100 1 1 1 1 1 1 1 1 1 1 1 1 1 1 1 1 1 1 1 1 1 1 1 1 1 1 1 1 1 1 1 1 1 1 1 1 1 1 1 1 1 1 1 1 1 1 1 1 1 1 1 1 1 1 1 1 1 1 1 1 1 1 1 1 1 1 1 1 1 1 1 1 1 1 1 1 1 1 1 1 1 1 1 1 1 1 1 1 1 1 1 1 1 1 1 1 1 1 1 1 1 1 1 1 1 1 1 1 1 1 1 1 1 1 1 1 1 1 1 1 1 1 1 1 1 1 1 1 1 1 1 1 1 1 1 1 1 1 1 1 1 1 1 1 1 1 1 1 1 1 1 1 1 1 1 1 1 1 1 1 1 1 1 1 1 1 1 1 1 1 1 1 1 1 1 1 1 1 1 100 1 1 1 1 1 1 1 1 1 1 1 1 1 1 1 1 1 1 1 1 1 1 1 100 1 1 1 1 1 1 1 1 1 1 1 1 1 1 1 100 1 1 1 1 1 1 1 1 1 1 1 1 1 1 1 16 15 10 12 16 15 10 12 15 10 12 15 10 12 15 10 100 12 1 1 1 1 100 1 1 1 1 1 100 1 100 1 1 1
staticfield java/lang/String COMPACT_STRINGS Z 1
staticfield java/lang/String serialPersistentFields [Ljava/io/ObjectStreamField; 0 [Ljava/io/ObjectStreamField;
staticfield java/lang/String CASE_INSENSITIVE_ORDER Ljava/util/Comparator; java/lang/String$CaseInsensitiveComparator
ciInstanceKlass java/lang/Comparable 1 0 12 100 1 100 1 1 1 1 1 1 1 1
ciInstanceKlass java/lang/CharSequence 1 1 145 11 7 12 1 1 1 18 12 1 1 100 1 10 100 12 1 1 1 18 10 100 12 1 1 1 11 12 1 1 11 100 1 11 12 1 1 10 100 12 1 1 1 11 12 1 1 10 12 1 1 10 12 1 100 1 10 12 1 1 10 100 12 1 1 1 100 1 10 10 12 1 1 100 1 1 1 1 1 1 1 1 1 1 1 1 1 1 1 1 1 1 1 1 1 1 1 1 1 1 1 1 1 1 1 1 1 1 1 1 1 1 1 1 16 1 15 11 12 16 15 11 12 15 10 100 12 1 1 1 1 1 100 1 100 1 1 100 1 1 100 1 100 1 1
ciMethod java/lang/String length ()I 652 0 961709 0 -1
ciMethod java/lang/String charAt (I)C 606 0 871260 0 -1
ciInstanceKlass java/lang/constant/Constable 1 0 11 100 1 100 1 1 1 1 1 1 1
ciInstanceKlass java/lang/constant/ConstantDesc 1 0 37 100 1 100 1 1 1 1 100 1 1 1 1 100 1 100 1 100 1 100 1 100 1 100 1 100 1 100 1 100 1 1 100 1 100 1 1
ciInstanceKlass java/lang/AutoCloseable 1 0 12 100 1 100 1 1 1 1 100 1 1 1
ciInstanceKlass java/io/Closeable 1 0 14 100 1 100 1 100 1 1 1 1 100 1 1 1
ciInstanceKlass java/io/Flushable 1 0 12 100 1 100 1 1 1 1 100 1 1 1
ciInstanceKlass java/lang/Appendable 1 0 14 100 1 100 1 1 1 1 100 1 1 1 1 1
ciInstanceKlass java/util/Set 1 1 144 100 1 10 7 12 1 1 1 9 7 12 1 1 1 7 1 10 12 1 1 10 12 1 7 1 7 1 10 12 1 7 1 7 1 11 7 12 1 1 1 11 12 1 1 7 1 10 12 1 10 12 1 1 11 12 1 1 1 1 1 1 1 1 1 1 1 1 1 1 1 1 1 1 1 1 1 1 1 1 1 1 1 1 1 1 1 1 1 1 1 1 1 1 1 1 1 1 1 1 1 1 1 1 1 1 1 1 1 1 1 1 1 1 1 1 1 1 1 1 1 1 1 1 1 1 1 1 1 1 1 1 1 1 1 1 1 1 1 1 1 1 1 1
ciInstanceKlass java/util/Iterator 1 1 53 100 1 8 1 10 12 1 1 10 7 12 1 1 1 11 7 12 1 1 1 11 12 1 1 11 7 12 1 1 1 100 1 1 1 1 1 1 1 1 1 1 1 1 1 1 1 1 1 1 1 1 1
ciInstanceKlass java/util/Map$Entry 1 0 178 18 12 1 1 100 1 100 1 18 10 100 12 1 1 1 18 12 1 18 100 1 11 100 12 1 1 1 11 12 1 11 100 12 1 1 1 10 100 12 1 1 1 10 100 12 1 1 1 8 1 10 12 1 1 8 1 8 1 8 1 10 12 1 10 12 1 8 10 100 1 10 12 1 8 10 12 1 8 1 10 12 1 8 10 12 1 8 1 10 12 1 1 8 1 100 1 8 1 10 12 1 1 11 12 100 1 11 12 1 1 1 1 1 1 1 1 1 1 1 1 1 1 1 1 1 1 1 1 1 1 1 1 1 1 1 1 1 1 1 1 1 1 1 1 1 1 1 16 15 11 12 16 3 3 15 11 12 15 11 12 15 11 12 15 10 100 12 1 1 1 1 1 100 1 100 1 1
instanceKlass sun/net/www/http/ChunkedInputStream
instanceKlass sun/nio/ch/NioSocketImpl$1
instanceKlass java/net/Socket$SocketInputStream
instanceKlass sun/net/httpserver/Request$ReadStream
instanceKlass sun/net/httpserver/SSLStreams$InputStream
instanceKlass io/grpc/internal/ReadableBuffers$BufferInputStream
instanceKlass io/grpc/protobuf/lite/ProtoInputStream
instanceKlass com/google/common/io/BaseEncoding$StandardBaseEncoding$2
instanceKlass sun/nio/ch/ChannelInputStream
instanceKlass com/google/common/io/ByteBuffers$2
instanceKlass com/google/protobuf/IterableByteBufferInputStream
instanceKlass java/util/zip/ZipFile$ZipFileInputStream
instanceKlass java/io/FilterInputStream
instanceKlass java/io/FileInputStream
instanceKlass java/io/ByteArrayInputStream
ciInstanceKlass java/io/InputStream 1 1 197 100 1 10 7 12 1 1 1 100 1 10 10 7 12 1 1 1 10 7 12 1 1 1 10 12 1 100 1 100 1 3 10 12 1 1 100 1 8 1 10 12 1 10 100 12 1 1 1 3 100 1 8 1 10 10 100 12 1 1 1 100 1 10 11 100 12 1 1 1 10 12 1 1 11 12 1 1 11 100 12 1 1 1 11 12 1 1 100 1 10 100 12 1 1 1 5 0 10 12 1 10 12 1 1 100 1 10 8 1 10 8 1 8 1 10 12 1 1 10 100 12 1 1 1 100 1 5 0 10 12 1 100 1 100 1 1 1 1 3 1 3 1 1 1 1 1 1 1 1 1 1 1 1 1 1 1 1 1 1 1 1 1 1 1 1 1 1 1 1 1 1 1 1 1 1 1 1 1 1 1 1 1 1 1 1 1 1 1 1 1 1 1 1 1 1 1
instanceKlass com/google/i18n/MessageBundle$TrivialClassLoader
instanceKlass java/security/SecureClassLoader
ciInstanceKlass java/lang/ClassLoader 1 1 1076 9 7 12 1 1 1 10 7 12 1 1 1 9 12 1 1 10 7 12 1 1 1 7 1 10 12 1 1 10 12 1 1 9 12 1 1 10 12 1 1 100 1 10 12 1 10 12 1 1 10 7 12 1 1 1 100 1 8 1 10 12 1 10 7 1 10 7 1 7 1 7 1 10 12 1 10 12 1 9 12 1 1 10 10 7 12 1 1 1 9 12 1 1 9 12 1 9 12 1 1 9 12 1 9 12 1 1 9 12 1 1 7 1 10 12 1 9 12 1 1 10 12 1 1 10 7 12 1 1 1 9 12 1 9 12 1 1 9 12 1 10 12 1 1 9 12 10 12 1 1 7 1 10 8 1 10 12 1 1 10 12 1 10 7 1 7 1 10 7 12 1 1 1 10 7 12 1 1 1 8 1 10 12 1 10 12 1 10 12 1 1 10 12 1 1 10 12 1 1 10 12 1 1 10 12 1 1 10 12 1 7 1 10 12 1 10 100 12 1 1 1 10 12 1 1 10 12 1 10 12 1 10 12 1 10 12 1 10 12 1 1 10 10 12 1 10 12 1 10 10 12 1 1 10 12 1 1 100 1 8 1 10 8 1 10 12 1 10 12 1 100 1 8 1 10 12 1 1 10 12 1 1 10 10 12 1 1 10 12 1 1 10 12 1 1 10 7 1 10 12 1 10 12 1 1 10 12 1 1 10 12 1 1 10 12 1 1 10 12 1 1 10 12 1 1 10 12 1 1 10 7 12 1 1 1 10 12 1 10 12 1 10 12 1 1 10 12 1 10 12 1 10 12 1 10 12 1 1 10 12 1 10 12 1 1 8 1 9 12 1 10 12 1 1 8 1 8 1 10 7 12 1 1 100 1 10 10 12 10 12 1 10 12 1 10 12 1 10 12 1 1 10 7 12 1 1 10 12 1 10 7 1 7 1 10 12 1 1 10 12 1 10 7 1 10 12 1 100 1 18 12 1 10 100 12 1 1 1 10 100 12 1 1 1 10 7 12 1 1 10 12 1 10 12 1 100 1 10 12 1 8 1 10 10 12 1 1 10 12 1 10 12 1 1 100 1 10 12 1 1 10 100 12 1 1 10 12 1 10 7 12 1 1 10 12 1 8 1 100 1 10 10 12 1 9 12 1 10 7 12 1 1 10 12 1 100 1 8 1 10 12 1 10 8 1 8 1 10 12 1 1 10 12 1 1 10 12 1 1 10 100 12 1 1 100 1 100 1 10 12 1 1 100 1 100 1 10 100 12 1 1 10 12 1 10 12 1 10 12 1 10 12 1 10 12 1 1 10 12 1 8 1 7 1 18 12 1 1 10 12 1 1 10 12 1 10 12 1 10 12 1 8 1 10 12 1 10 12 1 18 12 1 11 100 12 1 1 1 100 1 10 12 1 1 10 12 1 10 11 12 1 1 10 18 10 12 1 1 11 100 12 1 18 12 1 11 12 1 1 10 12 1 10 12 1 1 10 12 1 1 100 1 8 1 10 10 12 1 8 1 8 1 10 100 12 1 1 10 12 1 100 1 10 10 12 1 8 1 8 1 8 1 10 12 1 10 12 1 10 12 1 1 10 12 1 1 10 12 1 10 100 12 1 1 1 11 100 12 1 1 100 1 10 11 10 12 1 10 12 1 10 12 1 1 9 100 12 1 1 9 12 1 1 9 12 9 12 1 9 12 1 9 12 1 8 10 12 1 1 10 7 12 1 1 1 10 12 1 1 10 12 1 1 10 12 1 1 8 1 10 12 1 1 8 10 12 1 1 8 8 10 12 1 10 12 1 10 12 1 11 12 1 1 10 100 12 1 1 1 100 1 10 12 1 10 12 1 10 12 1 1 1 1 1 1 1 1 1 1 1 1 1 1 1 1 1 1 1 1 1 1 1 1 1 1 100 1 1 1 1 1 1 1 1 1 1 1 1 1 1 1 1 1 1 1 1 1 1 1 1 1 100 1 1 1 1 1 1 1 1 1 1 1 1 1 1 1 1 1 1 1 1 1 1 1 1 1 1 1 1 1 1 1 1 1 1 1 1 1 1 1 1 1 1 1 100 1 1 1 1 1 1 1 1 1 1 1 1 1 1 1 1 1 1 1 1 1 100 1 1 1 1 1 1 1 1 1 1 1 1 1 1 1 1 1 1 1 1 1 1 1 1 1 1 1 1 1 1 1 1 1 1 1 1 1 1 1 1 1 1 1 1 100 1 1 1 1 1 1 1 1 1 1 1 1 1 1 1 1 1 1 1 1 1 1 1 1 1 1 1 1 1 1 1 1 1 1 1 1 1 1 1 1 1 1 1 1 1 1 1 1 1 1 1 16 1 15 10 12 16 1 16 15 10 12 16 1 16 1 15 10 12 16 15 10 12 16 15 10 12 16 15 10 100 12 1 1 1 1 1 100 1 100 1 1
staticfield java/lang/ClassLoader nocerts [Ljava/security/cert/Certificate; 0 [Ljava/security/cert/Certificate;
staticfield java/lang/ClassLoader $assertionsDisabled Z 1
instanceKlass com/google/net/webchannel/server/common/ChannelProcessor
instanceKlass com/google/net/http/jdkserver/StreamProcessor
instanceKlass java/util/concurrent/ForkJoinWorkerThread
instanceKlass java/util/concurrent/DelayScheduler
instanceKlass com/google/common/flogger/backend/google/ShutdownChecker$1
instanceKlass java/util/TimerThread
instanceKlass io/gapi/emulators/grpc/GrpcServer$2
instanceKlass io/netty/util/concurrent/FastThreadLocalThread
instanceKlass java/util/logging/LogManager$Cleaner
instanceKlass jdk/internal/misc/InnocuousThread
instanceKlass java/lang/ref/Finalizer$FinalizerThread
instanceKlass java/lang/ref/Reference$ReferenceHandler
instanceKlass java/lang/BaseVirtualThread
ciInstanceKlass java/lang/Thread 1 1 761 9 7 12 1 1 1 9 7 12 1 1 1 9 12 1 9 12 1 10 12 1 1 9 12 1 1 10 7 12 1 1 10 12 1 10 100 12 1 1 100 1 8 1 10 12 1 1 9 12 1 1 9 12 1 9 12 1 1 7 1 10 12 1 1 10 12 1 7 1 10 12 10 12 1 1 9 12 1 1 10 12 1 100 1 10 12 1 10 12 1 1 10 12 1 1 10 12 1 10 12 1 1 100 1 8 1 10 9 7 12 1 1 1 10 12 1 1 10 3 8 1 100 1 5 0 10 7 12 1 1 1 9 12 1 10 12 1 1 10 7 1 100 1 8 1 10 10 12 1 10 12 1 1 10 12 1 1 10 7 12 1 1 10 12 1 10 12 1 10 7 12 1 1 5 0 9 12 1 10 7 12 1 1 1 10 12 1 1 9 12 1 1 10 100 12 1 1 10 100 12 1 1 1 10 12 1 10 12 1 1 9 12 1 1 10 7 12 1 1 9 12 1 8 1 9 100 12 1 1 1 5 0 100 1 10 100 1 10 100 1 10 7 1 10 8 1 10 12 1 1 10 7 12 1 10 12 1 10 12 1 100 1 8 1 10 10 12 1 10 12 1 1 10 100 12 1 1 1 10 100 12 1 1 1 10 12 1 7 1 9 12 1 1 100 1 10 10 12 1 9 12 1 1 10 12 1 1 10 12 1 1 10 12 1 10 12 1 9 12 1 1 10 10 12 1 1 10 12 1 1 11 7 12 1 1 10 7 12 1 1 9 12 1 1 9 12 1 1 10 100 12 1 1 10 12 1 1 10 12 1 10 7 12 1 1 10 12 1 100 1 10 9 12 1 1 10 12 1 11 100 12 1 1 11 12 1 10 12 1 10 12 1 10 12 1 9 12 1 10 10 12 1 10 12 1 1 9 12 1 9 12 10 12 1 8 1 10 12 1 10 12 1 10 12 1 10 12 1 10 12 1 1 10 12 1 10 12 1 1 10 100 12 1 1 10 12 1 10 12 1 10 12 1 10 12 1 1 9 7 12 1 1 1 8 1 10 9 12 1 10 12 1 7 1 8 1 10 10 12 1 8 1 10 12 1 1 9 12 8 1 10 10 12 1 10 12 1 8 1 10 12 1 10 8 1 9 12 1 1 10 12 1 1 10 10 12 1 10 12 1 100 10 7 12 1 1 1 10 12 1 1 10 12 1 1 10 100 12 1 1 1 11 100 12 1 1 1 10 12 1 1 9 12 1 10 12 1 10 12 1 1 11 100 12 1 1 1 10 12 1 1 1 1 3 1 3 1 3 1 3 1 1 1 1 1 1 1 1 1 1 1 1 1 1 1 1 1 1 1 1 1 1 1 1 1 1 1 100 1 1 1 1 1 1 1 1 1 1 1 1 1 1 1 1 1 1 7 1 1 1 1 1 1 1 1 1 1 1 1 1 1 1 100 1 1 1 1 1 1 1 1 1 1 1 1 1 1 1 1 1 1 1 1 1 1 1 1 1 1 1 1 1 1 1 1 1 1 1 1 1 1 1 1 1 1 1 1 1 1 1 1 1 1 1 1 1 1 1 1 1 1 1 1 1 1 1 1 1 1 1 1 1 1 100 100 1 1 1 1 1 1 1 1 1 1 1 1 1 1 1 1 1 1 1 1 1 1 1 100 1 100 1 100 1 1 1 1 100 1 1 1 1 1 1 1 1 1 1 1 1
staticfield java/lang/Thread NEW_THREAD_BINDINGS Ljava/lang/Object; java/lang/Class
staticfield java/lang/Thread EMPTY_STACK_TRACE [Ljava/lang/StackTraceElement; 0 [Ljava/lang/StackTraceElement;
ciInstanceKlass java/lang/Runnable 1 0 11 100 1 100 1 1 1 1 1 1 1
ciMethod java/lang/System arraycopy (Ljava/lang/Object;ILjava/lang/Object;II)V 256 0 128 0 -1
ciInstanceKlass java/lang/Class 1 1 1652 10 7 12 1 1 1 10 7 12 1 1 9 12 1 1 9 12 1 1 9 12 1 1 9 12 1 1 9 12 1 1 10 12 1 1 8 1 10 12 1 8 1 8 1 10 12 1 1 10 7 12 1 1 1 10 12 1 7 1 10 10 12 1 10 12 1 1 10 12 1 1 10 12 1 1 10 7 12 1 1 10 12 1 10 12 1 10 12 1 1 10 12 1 8 1 10 12 1 8 1 10 12 1 8 1 8 1 10 12 1 1 10 7 12 1 1 1 18 12 1 1 11 7 12 1 1 1 8 1 8 1 8 1 10 100 12 1 1 1 11 12 1 1 8 1 10 12 1 10 10 12 1 1 10 12 1 8 1 10 12 1 1 8 1 10 12 1 10 12 1 1 11 100 12 1 1 1 11 100 12 1 1 1 11 8 1 18 8 1 10 12 1 10 7 12 1 1 10 12 1 1 10 7 12 1 1 1 10 12 1 1 10 12 1 1 10 7 12 1 1 1 10 7 12 1 10 12 1 1 10 7 1 10 12 1 8 1 10 8 1 8 1 8 1 8 1 8 1 8 1 8 1 8 1 9 100 12 1 1 9 100 1 9 100 1 9 100 1 9 100 1 9 100 1 9 100 1 9 100 1 9 100 1 9 12 1 1 7 1 8 1 10 12 1 10 12 1 1 100 1 10 12 1 1 10 7 12 1 1 1 10 7 12 1 1 1 7 1 7 1 10 10 12 1 1 10 12 1 1 100 1 10 100 12 1 1 1 10 12 1 1 10 12 1 1 10 12 9 12 1 1 10 12 1 9 12 1 1 9 12 1 1 10 12 1 1 10 7 1 10 12 1 10 12 1 1 10 9 12 1 10 12 1 8 1 10 12 1 1 10 12 1 1 10 12 1 10 12 1 10 12 1 1 9 7 12 1 1 1 10 12 1 10 7 12 1 1 10 12 1 10 12 1 10 12 1 10 12 1 9 100 12 1 1 1 9 12 1 10 12 1 10 12 1 1 9 12 1 1 10 7 10 12 1 1 10 100 12 1 1 10 12 1 10 12 1 1 10 100 12 1 1 1 10 12 1 10 12 1 1 10 12 1 10 12 1 10 12 1 1 10 7 1 10 10 12 1 1 10 12 1 1 10 12 10 10 12 1 1 100 1 8 1 10 10 12 1 1 10 12 1 100 1 11 12 1 10 12 1 10 12 1 10 100 12 1 1 10 10 12 1 1 8 1 10 12 1 8 1 9 12 1 10 12 1 10 12 1 10 12 1 10 12 100 1 9 12 1 10 12 1 9 12 1 10 12 1 10 12 1 10 12 1 10 10 12 1 10 12 1 10 12 1 10 12 1 10 12 1 10 12 1 7 1 10 10 12 1 10 12 1 11 100 12 1 1 11 12 1 1 10 12 1 1 10 12 1 1 10 12 1 1 10 12 1 1 10 12 1 1 10 12 1 1 7 1 10 10 12 1 1 10 12 1 1 10 12 1 1 10 10 12 1 10 12 1 1 10 12 1 1 10 12 1 1 10 12 1 1 10 12 10 12 1 1 10 7 12 1 1 1 10 12 1 10 12 1 1 10 12 1 10 100 12 1 1 1 10 12 1 1 10 10 12 1 1 100 1 10 10 12 1 1 10 100 12 1 1 1 100 1 100 1 10 12 1 1 10 12 1 10 10 12 1 1 10 12 1 10 12 1 10 12 1 10 100 12 1 1 1 11 7 12 1 1 10 12 1 10 12 1 9 100 12 1 1 8 1 10 12 1 10 12 1 10 12 1 10 12 1 1 9 12 1 9 12 1 1 10 7 12 1 1 9 12 1 10 12 1 1 10 10 12 1 10 7 12 1 1 1 10 7 12 1 1 10 7 12 1 1 9 12 1 1 10 12 1 9 12 1 10 12 1 10 12 1 1 9 12 1 1 9 12 1 10 12 1 10 12 1 1 9 12 1 100 1 10 10 12 1 1 7 1 10 100 11 100 1 9 12 1 1 9 12 1 10 12 1 9 12 1 1 9 12 1 10 12 1 10 12 1 1 9 12 1 7 1 10 10 12 1 1 10 10 12 1 10 12 10 10 12 1 9 12 1 10 12 1 1 10 12 1 8 10 7 8 1 18 8 1 8 1 10 12 1 9 12 1 9 12 1 1 10 12 1 7 1 7 1 10 12 1 9 12 1 1 10 10 12 1 9 12 1 8 1 10 12 1 10 10 12 1 1 100 1 100 1 9 12 1 100 1 8 1 10 10 7 12 1 1 1 10 12 11 7 12 1 1 1 10 12 1 10 12 1 1 10 8 1 10 12 1 8 1 10 12 1 1 9 7 12 1 1 11 12 7 1 11 7 12 1 1 9 12 1 10 100 12 1 1 1 10 7 12 1 1 10 12 1 1 9 12 1 9 10 12 1 1 10 12 1 1 10 12 1 1 10 12 1 1 10 12 1 1 11 12 1 11 12 1 1 11 7 12 1 1 11 12 1 7 1 11 12 1 10 7 12 1 1 1 10 12 1 11 12 1 10 7 12 1 1 1 10 12 1 10 7 12 1 1 1 11 12 1 11 12 1 1 10 12 1 10 12 1 1 9 12 1 1 10 12 1 10 100 12 1 1 1 10 12 1 1 10 12 1 10 12 1 10 12 1 10 7 12 1 1 1 10 12 1 8 1 10 12 1 10 12 1 10 12 1 8 1 8 1 10 7 12 1 1 10 100 12 1 1 100 1 10 12 10 7 12 1 1 1 10 7 12 1 1 1 10 12 1 1 10 12 1 18 12 1 1 11 12 1 1 18 11 12 1 18 12 1 11 12 1 10 12 1 10 12 1 10 12 1 10 12 10 12 1 8 1 10 12 1 7 1 9 12 1 1 100 1 100 1 100 1 100 1 1 1 3 1 3 1 3 1 1 1 1 1 1 1 1 1 5 0 1 1 1 1 1 1 1 1 1 1 1 1 1 1 1 1 1 1 1 1 1 1 1 1 1 1 1 100 1 1 1 1 1 1 1 1 1 1 1 100 1 1 1 1 1 7 1 1 1 1 1 1 1 1 1 1 1 1 1 1 1 1 1 1 1 1 1 1 1 1 1 1 1 1 1 1 1 1 1 1 100 1 1 1 1 1 1 1 1 1 1 1 1 1 1 1 1 1 1 1 1 1 1 1 1 1 1 1 1 1 1 1 100 1 1 1 1 1 1 1 1 1 1 1 1 1 1 1 1 1 1 1 1 1 1 1 1 1 1 1 1 1 1 1 1 1 1 1 1 1 1 1 1 1 1 1 1 1 1 1 1 1 1 1 1 1 1 1 1 1 1 1 1 1 100 1 100 1 1 1 1 1 1 1 1 1 1 1 1 1 1 1 1 1 1 1 1 1 1 1 1 1 1 1 1 1 1 1 1 1 1 1 1 1 1 1 1 1 1 1 1 1 1 1 1 1 1 1 1 1 1 1 1 1 1 1 1 1 1 1 1 1 1 1 1 1 1 1 1 1 1 1 1 1 1 1 1 1 1 1 1 1 1 1 1 1 1 1 1 1 1 1 1 1 1 1 1 1 1 1 1 1 1 1 1 1 1 1 1 1 1 1 1 1 1 1 1 16 15 10 12 16 15 11 12 16 1 15 10 12 16 16 15 10 12 16 15 16 1 15 10 12 16 15 10 7 12 1 1 1 1 1 100 1 1 1 1 1 1 1 1 100 1 1 100 1 100 1 1 100 1 100 1 1
staticfield java/lang/Class EMPTY_CLASS_ARRAY [Ljava/lang/Class; 0 [Ljava/lang/Class;
staticfield java/lang/Class serialPersistentFields [Ljava/io/ObjectStreamField; 0 [Ljava/io/ObjectStreamField;
ciInstanceKlass java/lang/reflect/AnnotatedElement 1 1 165 11 7 12 1 1 1 11 12 1 1 100 1 10 100 12 1 1 1 10 12 1 1 10 12 1 1 10 12 1 10 100 12 1 1 1 11 12 1 1 11 100 12 1 1 10 100 12 1 1 1 10 12 1 10 100 12 1 1 1 18 12 1 1 11 100 12 1 1 18 12 1 18 12 1 1 10 100 12 1 1 1 11 100 12 1 1 1 100 1 10 100 12 1 1 1 1 1 1 1 1 1 1 1 1 1 1 1 1 1 1 1 1 1 1 1 1 1 1 100 1 1 1 1 1 1 1 1 1 1 1 16 15 16 1 16 1 15 11 12 16 16 1 15 10 100 12 1 1 1 16 1 15 10 100 12 1 1 1 1 100 1 100 1 1
ciInstanceKlass java/lang/reflect/Type 1 1 17 11 100 12 1 1 1 100 1 1 1 1 1 1 1 1 1
ciInstanceKlass java/lang/invoke/TypeDescriptor 1 0 17 100 1 100 1 1 1 1 1 1 100 1 100 1 1 1 1
ciInstanceKlass java/lang/invoke/TypeDescriptor$OfField 1 0 21 100 1 100 1 100 1 1 1 1 1 1 1 1 1 1 1 1 1 1 1
ciInstanceKlass java/lang/reflect/GenericDeclaration 1 0 30 100 1 100 1 100 1 1 1 1 1 1 1 1 100 1 8 1 1 12 10 1 1 1 8 1 1 1 8 1
ciInstanceKlass java/lang/Module 1 1 1076 10 7 12 1 1 1 9 7 12 1 1 1 10 7 12 1 1 1 9 12 1 9 12 1 1 9 12 1 1 10 12 1 1 10 12 1 10 12 1 1 10 7 12 1 1 1 100 1 10 7 12 1 1 1 10 12 1 1 11 7 12 1 1 1 10 12 1 1 10 12 1 8 1 10 7 12 1 1 1 10 7 12 1 1 1 10 7 12 1 1 1 10 12 1 1 10 12 1 9 12 1 1 10 7 12 1 1 1 9 7 12 1 1 1 7 1 10 8 1 10 12 1 1 10 12 1 10 12 8 1 10 7 12 1 1 1 10 100 12 1 1 1 10 100 12 1 1 1 8 1 10 12 1 8 1 9 12 1 100 1 8 1 10 12 1 10 8 1 8 1 8 1 10 7 12 1 1 1 8 1 10 100 12 1 1 1 8 1 10 12 1 9 12 1 1 11 12 1 9 7 12 1 1 10 7 12 1 1 1 10 7 12 1 1 1 10 12 1 1 8 1 10 12 1 1 10 12 1 10 12 1 1 9 7 12 1 1 1 10 12 1 1 10 12 1 1 9 12 1 10 12 1 10 12 1 9 12 1 1 11 7 12 1 1 10 12 1 1 9 12 1 9 12 1 10 12 1 10 12 1 100 1 8 1 10 10 12 1 1 10 12 1 8 1 10 12 1 1 8 1 8 1 10 12 1 1 10 12 1 10 12 1 1 10 12 1 18 12 1 1 10 12 1 1 11 12 1 9 12 1 11 12 100 1 10 12 1 18 12 1 11 12 1 1 11 12 1 1 11 12 1 10 12 1 1 10 12 1 1 9 12 1 10 12 10 7 12 1 1 10 7 1 18 12 1 1 11 100 12 1 1 1 18 12 1 11 12 1 1 10 100 12 1 1 1 11 12 1 1 10 100 12 1 1 11 12 1 1 10 12 1 1 100 1 11 12 1 100 1 100 1 10 12 1 10 7 12 1 1 1 10 100 12 1 1 1 10 11 100 12 1 8 1 10 12 1 10 12 1 1 10 100 12 1 1 10 12 1 10 12 1 100 1 10 12 1 10 11 12 1 10 12 11 12 1 1 11 7 12 1 1 11 12 1 1 10 12 1 1 9 12 1 1 100 1 10 10 12 1 1 11 100 1 10 12 1 1 11 12 1 10 11 10 12 1 11 10 12 1 1 10 12 1 1 10 12 1 1 10 100 12 1 1 10 12 1 10 12 1 1 10 10 12 1 1 10 12 1 18 12 1 11 12 1 18 12 1 10 12 1 10 12 1 10 12 100 1 10 12 1 10 12 1 10 12 1 9 12 1 100 1 10 10 10 10 12 1 10 12 1 10 12 1 10 12 1 1 10 12 1 1 10 12 1 9 12 1 10 12 1 100 1 8 1 10 12 1 1 10 12 1 10 100 12 1 1 100 1 10 12 1 1 100 1 8 1 100 1 9 100 12 1 1 1 11 100 12 1 1 10 12 1 1 11 12 1 1 18 12 1 1 11 12 1 1 100 1 10 12 1 10 12 1 1 100 1 100 1 10 12 8 1 10 12 1 1 10 12 1 1 10 7 12 1 1 10 12 1 1 10 12 1 10 12 10 12 1 1 100 1 10 10 12 1 1 10 100 12 1 1 1 100 1 10 7 12 1 1 1 10 7 12 1 1 8 1 18 12 1 1 100 1 100 1 9 12 1 1 9 12 1 9 12 1 11 100 12 1 1 1 100 1 11 12 1 1 100 1 10 12 1 8 1 10 12 1 10 12 10 12 1 8 1 10 10 100 12 1 1 10 12 1 1 7 1 10 10 12 1 10 7 12 1 1 9 12 1 9 12 1 9 12 1 9 12 1 9 12 1 10 12 10 12 1 100 1 1 1 1 1 1 1 1 1 1 1 1 1 1 1 1 1 1 1 1 1 1 1 1 1 1 1 1 1 1 1 1 1 1 1 1 1 1 1 1 1 1 1 1 1 1 1 1 1 1 1 1 1 1 1 1 1 1 1 1 1 1 1 1 1 1 1 1 1 1 1 1 1 1 1 1 1 1 1 1 1 1 1 1 1 1 1 1 1 1 1 1 1 1 1 1 1 1 1 1 1 1 1 1 1 1 1 1 100 100 1 1 1 1 1 1 1 1 1 1 1 1 1 1 1 1 1 1 1 1 1 1 1 1 1 1 100 1 100 1 1 1 1 1 1 1 1 1 1 1 1 1 1 1 1 1 1 100 1 1 1 1 1 1 1 1 1 1 1 1 1 1 1 1 1 1 1 1 1 1 1 1 1 1 1 16 15 10 12 16 15 10 12 16 1 16 15 10 12 16 16 15 10 16 1 15 10 12 16 1 15 10 12 16 1 16 1 15 10 12 16 15 10 7 12 1 1 1 15 10 100 12 1 1 1 1 1 1 1 1 1 1 1 1 1 100 1 100 1 1
staticfield java/lang/Module ALL_UNNAMED_MODULE Ljava/lang/Module; java/lang/Module
staticfield java/lang/Module ALL_UNNAMED_MODULE_SET Ljava/util/Set; java/util/ImmutableCollections$Set12
staticfield java/lang/Module EVERYONE_MODULE Ljava/lang/Module; java/lang/Module
staticfield java/lang/Module EVERYONE_SET Ljava/util/Set; java/util/ImmutableCollections$Set12
staticfield java/lang/Module $assertionsDisabled Z 1
ciInstanceKlass java/lang/StringLatin1 1 1 400 7 1 10 100 12 1 1 1 10 12 1 1 100 1 10 7 12 1 1 1 10 7 12 1 1 1 10 12 1 10 7 12 1 1 1 10 12 1 1 10 7 12 1 1 1 10 7 12 1 1 1 10 12 1 1 10 12 1 1 10 10 12 1 10 12 1 10 9 7 12 1 1 1 10 12 1 1 10 7 12 1 1 1 10 12 10 12 1 1 10 12 1 1 10 12 1 10 12 1 1 10 12 1 10 7 12 1 1 10 12 1 10 12 1 1 9 12 1 1 100 1 10 10 12 1 1 10 7 12 1 1 1 10 12 1 10 12 1 100 1 100 1 8 1 10 12 1 8 1 10 12 1 1 100 1 10 10 12 1 10 7 12 1 1 1 8 1 8 1 8 1 10 12 1 1 10 12 10 100 12 1 1 10 12 1 10 12 1 1 10 12 1 1 10 12 1 1 10 12 1 10 12 10 12 10 12 1 10 12 10 10 12 1 10 12 1 10 12 1 10 100 12 1 1 1 10 100 12 1 1 1 10 12 1 1 10 10 7 12 1 1 1 1 1 1 1 1 1 1 1 1 1 1 1 1 1 1 1 1 1 1 1 1 1 1 1 1 1 1 1 1 1 1 1 1 1 1 1 1 1 1 1 1 1 1 1 1 1 1 1 1 1 1 100 1 1 1 1 1 1 1 1 1 1 1 1 1 1 1 1 1 1 1 1 1 1 1 1 1 1 1 1 1 1 1 1 1 1 1 1 1 1 1 1 1 1 1 100 1 1 1 1 1 1 1 1 1 1 1 1 1 1 1 1 1 1 1 1 1 1 1 100 1 1 1 1 1 1 1 1 1 1 1 1 1 1 1 1 1 1 1 1 1 1 1 1 1 1 1 1 1 1 1 1 100 1 1 1 1
staticfield java/lang/StringLatin1 $assertionsDisabled Z 1
ciInstanceKlass java/lang/CharacterDataLatin1 1 1 142 9 7 12 1 1 1 9 12 1 1 10 12 1 1 10 12 1 10 12 1 1 10 12 1 9 12 1 1 100 1 3 3 3 3 9 12 1 10 7 12 1 1 1 10 9 12 1 1 3 3 3 3 3 3 3 3 3 3 3 3 3 3 3 3 3 3 3 3 3 3 3 3 3 3 3 3 3 3 3 3 3 3 3 1 1 1 1 1 1 1 1 1 1 1 1 1 1 1 1 1 1 1 1 1 1 1 1 1 1 1 1 1 1 1 1 1 1 1 1 1 1 1 1 1 1 1 1 1 1 1 1 1 1 1 1 1 1 100 1 1 1
staticfield java/lang/CharacterDataLatin1 DIGITS [B 256
staticfield java/lang/CharacterDataLatin1 instance Ljava/lang/CharacterDataLatin1; java/lang/CharacterDataLatin1
staticfield java/lang/CharacterDataLatin1 A [I 256
staticfield java/lang/CharacterDataLatin1 B [C 256
ciMethod java/lang/CharacterDataLatin1 isUpperCase (I)Z 298 0 12555 0 0
ciMethod java/lang/CharacterDataLatin1 toLowerCase (I)I 530 0 5587 0 128
ciInstanceKlass java/util/Arrays 1 1 1020 10 7 12 1 1 1 10 7 12 1 1 1 10 7 12 1 1 1 10 12 1 10 12 1 10 12 1 10 12 1 10 12 1 10 12 1 10 100 12 1 1 1 100 1 7 1 10 8 1 10 12 1 1 10 12 1 8 1 8 1 10 12 1 1 10 12 1 100 1 10 12 1 9 100 12 1 1 1 10 7 12 1 1 100 1 10 12 1 1 10 7 12 1 1 10 7 12 1 1 1 100 1 10 12 1 10 12 1 1 7 1 9 7 12 1 1 1 10 12 1 1 10 7 12 1 1 10 12 1 10 12 1 1 10 12 1 10 12 1 1 7 1 11 12 1 1 10 12 1 10 7 12 1 1 1 10 12 10 12 1 10 12 1 10 12 10 12 1 11 100 12 1 1 1 10 7 12 1 1 1 100 1 10 12 1 10 100 1 10 12 1 10 100 1 10 12 1 10 100 1 10 12 1 10 10 12 1 1 10 12 1 10 12 1 10 12 1 10 12 1 10 12 1 10 100 12 1 1 1 10 12 1 10 100 12 1 1 1 10 12 1 10 12 1 10 7 12 1 1 1 10 12 1 10 12 1 10 12 1 10 12 1 10 12 1 10 12 1 10 12 1 10 12 1 10 12 1 10 12 1 10 12 1 10 12 1 10 12 1 10 12 1 10 12 1 10 12 1 1 10 12 1 1 10 7 12 1 1 1 10 7 1 10 100 1 10 100 1 10 100 1 10 100 1 10 100 1 10 100 1 10 100 1 10 12 1 8 1 7 1 10 12 10 100 12 1 1 1 10 12 10 12 1 10 12 1 10 12 1 10 100 12 1 1 10 12 10 12 1 10 12 1 10 12 10 12 1 1 10 12 1 1 9 100 12 1 1 1 10 12 1 9 100 1 10 12 1 9 10 12 1 9 100 1 10 12 1 9 100 1 10 12 1 9 10 12 1 9 10 12 1 10 12 1 10 12 1 9 12 1 100 1 10 10 12 1 1 10 12 1 10 12 1 10 12 1 10 12 1 10 12 1 10 12 1 10 12 1 10 12 1 10 12 1 8 1 8 1 10 12 1 10 12 1 8 1 10 12 1 10 12 1 10 12 1 10 100 12 1 1 1 3 10 7 1 10 10 12 1 1 11 100 12 1 1 10 12 1 1 10 12 1 10 12 1 10 12 1 10 12 1 10 12 1 10 12 1 10 12 1 10 12 1 11 12 1 8 1 10 11 12 1 11 100 12 1 1 1 11 100 12 1 1 1 11 12 1 1 18 12 1 1 11 12 1 1 11 100 12 1 1 1 18 12 1 11 100 12 1 1 1 18 12 1 11 100 12 1 1 1 18 12 1 100 1 10 7 12 1 1 1 10 12 1 10 12 1 10 12 1 10 12 1 10 12 1 10 12 1 10 12 1 10 12 1 1 10 12 1 10 7 12 1 1 10 12 1 10 12 1 10 12 1 1 10 12 1 10 12 1 10 12 1 1 10 12 1 10 12 1 10 12 1 1 10 12 1 10 12 1 10 12 1 10 12 1 10 12 10 12 1 10 12 10 12 10 12 1 10 12 10 12 1 10 12 1 10 12 1 1 1 1 3 1 3 1 1 1 1 1 1 1 1 1 1 1 1 1 1 1 1 1 1 1 1 1 1 1 1 1 1 1 1 1 1 1 1 1 1 1 1 1 1 1 1 1 1 1 1 1 1 1 1 1 1 1 1 1 1 1 1 1 1 1 1 1 1 1 1 1 1 1 1 1 1 1 1 1 1 1 1 1 1 1 1 1 1 1 1 1 1 1 1 1 1 1 1 1 1 1 1 1 1 1 1 1 1 1 1 1 1 1 1 1 1 1 1 1 1 1 1 1 1 1 1 1 1 1 1 1 1 1 1 1 1 1 1 1 1 1 1 1 1 1 1 1 1 1 1 1 1 1 1 1 1 1 1 1 1 1 1 1 1 1 1 1 1 1 1 1 1 1 1 1 1 1 1 1 1 1 1 1 1 1 1 1 1 1 1 1 1 1 1 1 1 1 1 1 1 1 1 1 1 1 1 1 1 1 1 1 1 1 1 1 1 1 1 1 1 1 1 1 1 1 1 1 1 1 1 1 1 1 1 1 1 1 1 1 1 1 1 1 1 1 1 1 1 1 1 1 1 1 1 1 1 1 1 1 1 1 1 1 1 1 1 100 1 1 16 15 10 12 15 10 12 15 10 12 15 10 12 15 10 100 12 1 1 1 1 1 100 1 100 1 1 1 1 100 1 1 1 1 1 1 100 1 1 100 1 1 100 1 1 1 100 1 100 1 1
staticfield java/util/Arrays $assertionsDisabled Z 1
ciMethod java/lang/StringLatin1 newString ([BII)Ljava/lang/String; 444 0 5411 0 -1
ciMethod java/lang/StringLatin1 toLowerCase (Ljava/lang/String;[BLjava/util/Locale;)Ljava/lang/String; 4 344 2080 0 1712
ciMethod java/lang/StringLatin1 toLowerCaseEx (Ljava/lang/String;[BILjava/util/Locale;Z)Ljava/lang/String; 0 0 1 0 -1
ciInstanceKlass java/lang/StringUTF16 1 1 603 100 1 7 1 10 100 12 1 1 1 10 7 12 1 1 1 100 1 10 3 100 1 100 1 10 8 1 10 12 1 1 10 12 1 8 1 10 12 1 1 10 12 1 9 12 1 1 10 12 1 1 100 1 8 1 10 12 1 9 12 1 1 9 12 1 10 10 12 1 1 10 12 1 1 10 100 12 1 1 1 10 12 1 10 12 1 1 10 12 1 1 10 12 1 1 10 12 1 1 10 12 1 10 12 1 1 10 12 1 1 10 12 1 1 10 12 1 1 10 12 1 1 10 12 1 10 7 12 1 1 1 10 12 1 1 10 100 12 1 1 1 10 12 1 1 10 12 1 10 12 1 1 10 12 1 1 10 12 1 1 10 12 1 10 12 1 100 1 10 12 1 10 10 12 1 10 12 1 1 10 12 1 10 100 12 1 1 1 10 12 1 1 10 12 10 12 1 1 10 12 1 10 12 1 1 10 12 1 10 12 1 10 12 1 10 12 1 10 100 12 1 1 1 3 10 12 1 10 12 1 10 12 1 10 12 1 10 12 1 10 12 1 1 9 12 1 10 12 1 10 12 10 12 1 1 10 12 1 10 12 1 10 12 1 10 10 12 10 12 10 10 12 1 1 10 12 1 10 12 1 10 12 1 100 1 8 1 8 1 10 12 1 1 100 1 10 10 100 12 1 1 1 10 100 12 1 1 8 1 8 1 8 1 10 12 1 1 10 12 1 1 10 12 10 100 12 1 1 10 12 1 1 10 12 1 1 10 12 1 10 12 10 12 10 12 1 10 12 10 12 1 10 12 1 10 12 1 10 12 1 10 100 12 1 1 1 10 100 12 1 1 1 10 12 1 1 11 7 12 1 1 10 12 1 1 10 12 1 10 12 10 12 10 7 12 1 1 1 10 7 12 1 1 1 10 12 1 1 1 1 1 1 1 1 1 1 1 1 1 1 1 1 1 1 1 1 1 1 1 1 1 1 1 1 1 1 100 1 1 1 1 1 1 1 1 1 1 1 1 1 1 1 1 1 1 1 1 1 1 1 1 1 1 1 1 1 1 1 1 1 1 1 1 1 1 1 1 1 1 1 1 1 1 1 1 1 1 1 1 1 1 1 1 1 1 1 1 1 1 1 1 1 1 1 1 1 1 1 1 1 1 1 1 1 1 1 1 1 1 1 1 1 1 1 1 1 100 1 1 1 1 1 1 1 1 1 1 1 1 1 1 1 1 1 100 1 1 1 1 1 1 1 1 1 1 1 1 1 1 1 1 1 1 1 1 1 1 1 1 1 1 1 1 1 1 1 1 1 1 1 1 1 1 1 1 1 1 1 1 1 1 1 1 1 100 1 100 1 1 1 1 1
staticfield java/lang/StringUTF16 HI_BYTE_SHIFT I 0
staticfield java/lang/StringUTF16 LO_BYTE_SHIFT I 8
staticfield java/lang/StringUTF16 $assertionsDisabled Z 1
ciInstanceKlass jdk/internal/misc/Unsafe 1 1 1248 10 7 12 1 1 1 10 7 12 1 1 9 12 1 1 9 12 1 1 10 12 1 1 10 7 12 1 1 1 10 12 1 1 10 12 1 1 10 12 1 1 10 12 1 1 10 12 1 1 10 12 1 1 10 12 1 1 10 12 1 1 10 12 1 1 10 12 1 1 10 12 1 1 10 12 1 1 10 12 1 1 10 12 1 10 12 1 100 1 10 10 12 1 1 10 12 1 1 5 0 10 12 1 1 10 12 1 1 10 7 12 1 1 1 10 12 1 1 10 12 1 10 12 1 10 12 1 1 10 12 1 1 10 12 1 10 12 1 100 1 100 1 10 8 1 10 12 1 1 10 12 1 8 1 10 12 1 1 10 12 1 10 12 1 10 12 1 1 10 12 1 10 12 1 1 10 12 1 1 10 12 1 10 12 1 10 12 1 10 12 1 1 10 12 1 10 12 1 10 12 1 1 10 12 1 5 0 5 0 5 0 10 12 1 10 12 1 10 12 1 10 12 1 10 12 1 10 12 1 10 12 1 10 12 1 10 12 1 1 10 12 1 10 12 1 100 1 8 1 10 100 1 10 10 12 1 1 10 12 1 1 10 12 1 10 12 1 1 10 12 1 1 10 12 1 10 12 1 1 10 12 1 9 7 12 1 1 9 12 1 100 1 10 10 12 1 1 8 1 10 8 1 8 1 10 12 1 1 9 7 12 1 1 1 9 100 1 9 7 1 9 7 1 9 9 100 1 9 7 1 9 100 1 10 12 1 1 10 12 1 1 10 12 1 1 10 12 1 1 5 0 5 0 9 12 1 1 10 12 1 10 12 1 10 12 1 1 10 12 1 1 10 12 1 8 1 3 10 12 1 1 10 12 1 1 10 12 1 10 12 1 1 10 12 1 1 10 12 1 10 12 1 10 12 1 10 12 1 10 12 1 10 12 1 1 10 12 1 1 10 12 1 10 12 1 10 12 1 10 12 1 10 12 1 10 12 1 1 10 12 1 1 10 12 1 10 12 1 10 12 1 10 12 1 10 12 1 10 12 1 1 10 12 1 1 10 12 1 1 10 12 1 1 10 12 1 10 12 1 10 12 1 10 12 1 10 12 1 10 12 1 10 12 1 1 10 12 1 1 10 12 1 10 12 1 10 12 1 10 12 1 10 12 1 10 12 1 10 12 1 1 10 12 1 1 10 12 1 10 12 1 10 12 1 10 12 1 10 12 1 10 12 1 10 12 1 10 12 1 1 10 12 1 10 12 1 10 12 1 10 12 1 10 12 1 1 10 12 1 10 12 1 10 12 1 10 12 1 10 12 1 10 12 1 10 12 1 10 12 1 1 10 12 1 10 12 1 10 12 1 10 12 1 10 12 1 10 12 1 1 10 12 1 10 12 1 10 12 1 1 10 12 1 10 12 1 10 12 1 10 12 1 10 12 1 10 12 1 10 12 1 10 12 1 10 12 1 10 12 1 10 12 1 10 12 1 10 12 1 10 12 1 10 12 1 10 12 1 10 12 1 10 12 1 10 12 1 10 12 1 10 12 1 10 12 1 10 12 1 100 1 10 100 1 10 9 12 1 5 0 10 12 1 1 5 0 10 12 1 5 0 10 12 1 10 12 1 10 12 1 1 10 12 1 1 10 12 1 10 12 1 10 12 1 10 12 1 1 10 12 1 10 12 1 10 12 1 10 12 1 10 12 1 1 10 12 1 10 12 1 10 12 1 10 12 1 1 10 12 1 10 12 1 10 12 1 1 10 12 1 10 12 1 10 12 1 10 12 1 1 10 12 1 10 10 12 1 1 10 12 1 10 12 1 1 10 12 1 10 12 5 0 5 0 5 0 10 12 1 1 10 12 1 10 12 1 10 12 10 7 12 1 1 8 1 7 1 11 12 1 1 8 1 11 12 1 1 10 7 12 1 1 10 12 1 10 7 1 10 12 1 1 9 12 1 1 7 1 9 12 1 7 1 9 12 1 7 1 9 12 1 7 1 9 12 1 7 1 9 12 1 7 1 9 12 1 7 1 9 12 1 7 1 9 12 1 10 12 1 9 12 1 9 12 1 9 12 1 9 12 1 9 12 1 9 12 1 9 12 1 9 12 1 9 12 1 9 12 1 1 1 5 0 1 1 1 1 1 1 1 1 1 1 1 1 1 1 1 1 1 1 1 1 1 1 1 1 1 1 1 1 1 1 1 1 1 1 1 1 1 1 1 1 1 1 1 1 1 1 1 1 1 1 1 1 1 1 1 1 1 1 1 1 1 1 1 1 1 1 1 1 1 1 1 1 1 1 1 1 1 1 1 1 1 1 1 1 1 1 1 1 1 1 7 1 1 1 1 1 1 1 1 1 1 1 1 1 1 1 1 1 1 1 1 1 1 1 1 1 1 1 1 1 1 1 1 1 1 1 1 1 1 1 1 1 1 1 1 1 1 1 1 1 1 1 1 1 1 1 1 1 1 1 1 1 1 1 1 1 1 1 1 1 1 1 1 1 1 1 1 1 1 1 1 1 1 1 1 1 1 1 1 1 1 1 1 1 1 1 1 1 1 1 1 1 1 1 1 1 1 1 1 1 1 1 1 1 1 1 1 1 1 1 1 1 1 1 1 1 1 1 1 1 1 1 1 1 1 1 1 1 1 1 1 1 1 1 1 1 1 1 1 1 1 1 1 1 1 1 1 1 1 1 1 1 1 1 1 1 1 1 1 1 1 1 1 1 1 1 1 1 1 1 1 1 1 1 1 1 1 1 1 1 1 1 1 1 1 1 1 1 1 1 1 1 1 1 1 1 1 1 1 1 1 1 1 1
staticfield jdk/internal/misc/Unsafe theUnsafe Ljdk/internal/misc/Unsafe; jdk/internal/misc/Unsafe
staticfield jdk/internal/misc/Unsafe ARRAY_BOOLEAN_BASE_OFFSET J 16
staticfield jdk/internal/misc/Unsafe ARRAY_BYTE_BASE_OFFSET J 16
staticfield jdk/internal/misc/Unsafe ARRAY_SHORT_BASE_OFFSET J 16
staticfield jdk/internal/misc/Unsafe ARRAY_CHAR_BASE_OFFSET J 16
staticfield jdk/internal/misc/Unsafe ARRAY_INT_BASE_OFFSET J 16
staticfield jdk/internal/misc/Unsafe ARRAY_LONG_BASE_OFFSET J 16
staticfield jdk/internal/misc/Unsafe ARRAY_FLOAT_BASE_OFFSET J 16
staticfield jdk/internal/misc/Unsafe ARRAY_DOUBLE_BASE_OFFSET J 16
staticfield jdk/internal/misc/Unsafe ARRAY_OBJECT_BASE_OFFSET J 16
staticfield jdk/internal/misc/Unsafe ARRAY_BOOLEAN_INDEX_SCALE I 1
staticfield jdk/internal/misc/Unsafe ARRAY_BYTE_INDEX_SCALE I 1
staticfield jdk/internal/misc/Unsafe ARRAY_SHORT_INDEX_SCALE I 2
staticfield jdk/internal/misc/Unsafe ARRAY_CHAR_INDEX_SCALE I 2
staticfield jdk/internal/misc/Unsafe ARRAY_INT_INDEX_SCALE I 4
staticfield jdk/internal/misc/Unsafe ARRAY_LONG_INDEX_SCALE I 8
staticfield jdk/internal/misc/Unsafe ARRAY_FLOAT_INDEX_SCALE I 4
staticfield jdk/internal/misc/Unsafe ARRAY_DOUBLE_INDEX_SCALE I 8
staticfield jdk/internal/misc/Unsafe ARRAY_OBJECT_INDEX_SCALE I 4
staticfield jdk/internal/misc/Unsafe ADDRESS_SIZE I 8
ciMethod java/lang/StringUTF16 toLowerCase (Ljava/lang/String;[BLjava/util/Locale;)Ljava/lang/String; 0 0 1 0 -1
ciInstanceKlass java/lang/Thread$FieldHolder 1 1 55 10 7 12 1 1 1 9 7 12 1 1 1 9 12 1 1 9 12 1 1 9 12 1 1 9 12 1 1 1 1 1 1 1 1 1 1 1 1 100 1 100 1 1 1 1 100 1 1 1 100 1 100 1 1
ciInstanceKlass java/lang/Thread$Constants 0 0 47 100 1 10 100 12 1 1 1 10 12 1 1 10 12 1 1 10 100 12 1 1 8 1 10 12 1 9 100 12 1 1 1 1 1 1 1 1 1 1 1 1 1 1 1 1 1
ciInstanceKlass java/lang/ThreadGroup 1 1 380 10 7 12 1 1 1 9 7 12 1 1 1 8 1 9 12 1 1 100 1 9 12 1 1 9 12 1 1 10 7 12 1 1 1 10 12 1 1 10 12 1 10 12 1 1 10 12 1 1 10 12 1 10 12 1 10 12 1 10 100 12 1 1 1 10 12 1 1 18 12 1 1 11 100 12 1 1 1 10 12 1 1 10 12 1 1 10 12 1 1 10 100 12 1 1 1 10 12 1 11 12 1 1 11 100 12 1 1 11 12 1 1 10 12 1 1 10 12 1 10 12 1 11 12 1 11 12 1 1 10 12 1 100 1 10 18 12 1 1 11 100 12 1 1 1 11 12 1 1 9 100 12 1 1 1 10 12 1 1 8 1 10 100 12 1 1 1 10 100 12 1 1 1 10 12 1 1 11 12 10 12 1 1 10 12 1 1 11 100 1 9 12 1 100 1 10 8 1 10 12 1 1 10 12 1 1 8 1 10 12 1 10 100 12 1 1 1 10 12 1 1 10 7 1 8 1 10 8 1 10 12 1 10 12 1 8 1 9 12 1 1 9 12 1 10 100 12 1 1 1 100 9 12 1 1 7 1 9 12 1 10 12 10 12 1 1 100 10 12 9 12 1 10 12 1 100 1 10 100 1 10 10 12 1 10 12 1 1 1 1 1 1 1 1 1 1 1 1 1 1 1 1 3 1 1 1 1 1 1 1 1 1 1 1 100 1 1 1 1 1 1 1 1 1 1 1 1 1 1 1 1 1 1 1 1 1 1 1 1 1 1 1 1 1 1 1 1 1 1 1 1 1 1 1 1 16 15 10 12 16 16 15 10 12 16 15 10 100 12 1 1 1 1 1 100 1 100 1 1
staticfield java/lang/ThreadGroup $assertionsDisabled Z 1
ciInstanceKlass java/lang/Thread$UncaughtExceptionHandler 1 0 16 100 1 100 1 1 1 1 1 1 1 1 100 1 1 1
instanceKlass java/lang/ThreadBuilders$BoundVirtualThread
instanceKlass java/lang/VirtualThread
ciInstanceKlass java/lang/BaseVirtualThread 0 0 36 10 100 12 1 1 1 100 1 1 1 1 1 1 1 1 1 1 1 1 1 1 1 1 1 1 1 1 100 1 100 1 1 100 1 1
ciInstanceKlass java/lang/VirtualThread 0 0 930 9 100 12 1 1 1 9 12 1 1 10 100 12 1 1 1 10 100 12 1 1 1 10 100 12 1 1 1 9 12 1 1 100 1 10 12 1 9 12 1 1 18 12 1 1 9 12 1 1 10 12 1 1 100 1 10 12 1 10 12 1 1 10 12 1 1 10 12 1 10 12 1 1 9 12 1 1 10 12 1 10 100 12 1 10 12 1 10 12 1 10 12 1 10 12 1 9 12 1 1 11 100 12 1 1 1 10 10 12 1 11 100 12 1 1 1 10 12 1 100 1 10 12 1 1 100 1 9 12 1 1 5 0 10 100 12 1 1 1 9 12 1 100 1 100 1 10 10 100 12 1 1 1 10 100 12 1 1 1 10 12 1 1 10 12 1 10 12 1 1 10 12 1 10 12 10 12 1 100 1 10 10 12 1 10 12 1 1 9 12 1 1 10 12 1 1 9 12 1 1 10 12 1 9 12 1 10 100 12 1 1 10 9 10 10 12 1 1 10 12 1 1 10 100 12 1 1 10 100 1 10 9 10 100 1 10 12 1 1 10 12 1 10 10 12 1 1 9 12 1 10 12 1 10 12 1 9 12 1 1 10 12 1 10 12 1 10 12 1 1 9 12 1 1 10 12 1 10 12 1 1 10 12 1 10 12 1 1 9 12 1 18 9 100 12 1 1 1 10 12 1 1 9 12 1 10 12 1 10 12 1 1 10 12 1 9 12 1 1 18 12 1 9 12 1 9 12 1 10 12 9 12 1 1 10 100 12 1 1 10 12 1 10 12 1 1 10 100 12 1 1 10 12 1 100 1 8 1 10 12 1 10 12 1 1 10 12 1 10 12 1 10 12 1 10 100 12 1 1 10 12 1 10 12 1 10 12 1 10 12 1 10 100 12 1 1 8 1 10 12 1 10 12 1 10 12 1 10 12 1 1 10 12 1 10 12 10 12 10 12 1 100 1 10 10 12 1 10 12 1 1 10 12 1 1 10 12 1 10 12 1 10 12 1 1 10 12 1 1 11 100 12 1 1 11 12 1 10 12 9 100 12 1 1 1 9 12 1 10 12 1 1 9 12 1 9 12 1 9 12 1 9 12 1 100 1 10 10 12 1 1 10 12 1 100 1 100 1 10 8 1 10 12 1 1 10 12 1 10 12 1 10 10 12 1 8 1 10 10 12 1 10 12 1 10 100 12 1 1 8 1 8 1 10 12 1 1 10 10 9 100 12 1 1 1 10 12 1 1 10 12 1 10 10 12 9 12 1 10 12 1 1 10 12 1 9 12 1 10 12 1 1 9 12 1 10 12 1 1 9 12 1 10 12 1 1 18 12 1 1 8 1 10 12 1 1 8 1 8 1 10 100 12 1 1 1 10 100 12 1 1 1 10 12 1 10 12 1 1 10 12 1 18 12 1 1 18 12 1 1 5 0 9 12 1 10 12 1 10 12 1 10 100 1 10 12 1 1 9 12 1 9 12 1 1 10 12 1 1 10 12 1 10 12 10 12 1 1 10 100 12 1 1 10 12 1 1 100 1 8 1 10 10 12 1 8 10 12 1 1 8 8 9 12 1 8 8 10 12 1 10 12 1 1 8 1 18 12 1 10 100 12 1 1 10 12 1 10 12 1 3 1 3 1 3 1 3 1 3 1 3 1 3 1 3 1 3 1 3 1 3 1 3 1 3 3 1 3 3 1 3 3 1 3 3 1 3 1 1 1 1 1 1 1 1 1 1 1 1 1 1 1 1 1 100 1 1 1 1 1 1 1 1 1 1 1 1 1 1 1 1 1 1 1 1 100 1 1 1 1 1 1 1 1 1 1 1 1 1 1 1 1 1 1 1 1 1 1 1 1 1 1 1 1 1 1 1 1 1 100 1 1 1 1 1 1 1 1 1 1 1 1 1 1 1 1 1 1 1 1 1 1 1 1 1 1 1 100 1 1 1 1 1 1 1 1 1 1 1 1 1 1 1 1 1 1 1 1 1 1 100 1 1 16 15 10 12 15 10 12 15 10 12 16 15 10 12 16 15 10 12 16 15 10 12 16 15 10 12 15 10 100 12 1 1 1 1 1 1 1 100 1 1 1 100 1 100 1 1
ciInstanceKlass java/lang/ThreadBuilders$BoundVirtualThread 0 0 132 10 100 12 1 1 1 9 100 12 1 1 1 10 100 12 1 1 1 9 12 1 1 10 12 1 1 10 12 1 1 9 12 1 1 10 100 12 1 1 1 10 12 1 1 100 1 8 1 10 12 1 10 12 1 1 10 12 1 1 10 12 1 1 10 100 12 1 1 1 8 1 10 12 1 8 1 10 12 1 1 10 100 12 1 1 9 100 12 1 1 1 10 12 1 1 10 10 12 1 1 1 1 1 1 1 1 1 1 1 1 1 1 1 1 1 1 1 1 1 1 1 1 1 1 1 1 100 1 1 1 1
instanceKlass com/google/common/util/concurrent/AbstractFuture$Failure$1
instanceKlass java/lang/Exception
instanceKlass java/lang/Error
ciInstanceKlass java/lang/Throwable 1 1 403 10 7 12 1 1 1 9 7 12 1 1 1 9 12 1 1 9 12 1 9 12 1 1 9 12 1 10 12 1 1 9 12 1 1 10 12 1 1 10 100 12 1 1 1 9 12 1 1 10 12 1 1 10 12 1 100 1 7 1 10 8 1 10 12 1 1 8 1 10 100 12 1 1 10 10 12 1 100 1 8 1 10 10 7 12 1 1 10 12 1 8 1 9 100 12 1 1 1 10 12 1 1 100 1 10 12 10 12 1 7 1 10 10 7 12 1 1 1 11 7 12 1 1 1 10 7 12 1 1 1 10 12 1 1 10 12 1 1 8 1 10 12 1 10 12 1 1 8 1 8 1 10 12 1 1 10 12 1 8 1 8 1 9 12 1 10 100 12 1 1 100 1 10 11 12 1 8 1 8 1 10 7 12 1 1 8 1 10 12 1 8 1 7 1 10 12 1 9 12 1 1 10 12 1 10 7 12 1 9 12 1 1 10 12 1 1 100 1 8 1 10 12 1 10 100 12 1 1 10 12 1 1 100 1 10 100 12 1 1 1 10 12 1 11 100 12 1 1 1 11 100 12 1 1 1 11 12 1 8 1 10 12 1 1 8 1 10 10 9 100 12 1 1 1 8 1 10 12 1 1 11 10 100 1 8 1 10 11 12 1 1 8 1 9 12 1 10 100 12 1 1 11 9 12 1 1 11 12 1 1 100 10 12 1 10 12 1 1 100 1 1 1 1 5 0 1 1 1 1 1 1 1 1 1 1 1 1 100 1 1 1 1 1 1 1 1 1 1 1 1 1 1 1 1 1 1 1 1 1 1 1 1 1 1 1 1 1 1 1 1 1 1 1 1 1 1 1 1 1 1 1 100 1 100 1 1 1 1 1 1 1 1 1 1 1 1 1 1 1 1 1 1
staticfield java/lang/Throwable UNASSIGNED_STACK [Ljava/lang/StackTraceElement; 0 [Ljava/lang/StackTraceElement;
staticfield java/lang/Throwable SUPPRESSED_SENTINEL Ljava/util/List; java/util/Collections$EmptyList
staticfield java/lang/Throwable EMPTY_THROWABLE_ARRAY [Ljava/lang/Throwable; 0 [Ljava/lang/Throwable;
staticfield java/lang/Throwable $assertionsDisabled Z 1
ciInstanceKlass jdk/internal/vm/ContinuationScope 0 0 50 10 100 12 1 1 1 10 100 12 1 1 1 100 1 9 100 12 1 1 1 10 12 1 1 10 100 12 1 1 1 10 12 1 1 10 12 1 1 1 1 1 1 1 1 1 1 1 1 1
ciInstanceKlass jdk/internal/vm/StackChunk 1 1 32 10 100 12 1 1 1 9 100 12 1 1 1 9 12 1 1 9 12 1 1 1 1 1 1 1 1 1 1 1 1 1
ciInstanceKlass java/lang/Boolean 1 1 146 10 7 12 1 1 1 9 7 12 1 1 1 10 12 1 1 10 12 1 8 1 10 7 12 1 1 9 12 1 1 9 12 1 10 12 1 1 10 12 1 1 10 12 1 1 10 12 1 10 7 12 1 1 1 10 12 1 1 9 100 12 1 1 9 12 10 100 12 1 1 1 10 12 1 1 8 1 10 7 12 1 1 1 9 12 1 1 100 1 100 1 100 1 1 1 1 1 1 5 0 1 1 1 1 1 1 1 1 1 1 1 1 1 1 1 1 1 1 1 1 1 1 1 1 1 1 1 1 1 1 1 1 1 1 1 100 1 1 1 1 1 1 1 1 1
staticfield java/lang/Boolean TRUE Ljava/lang/Boolean; java/lang/Boolean
staticfield java/lang/Boolean FALSE Ljava/lang/Boolean; java/lang/Boolean
staticfield java/lang/Boolean TYPE Ljava/lang/Class; java/lang/Class
ciInstanceKlass java/lang/Character 1 1 603 7 1 100 1 100 1 9 12 1 1 8 1 9 12 1 1 100 1 9 12 1 1 10 100 12 1 1 1 10 100 12 1 1 1 10 100 12 1 1 1 10 7 12 1 1 1 9 7 12 1 1 1 10 12 1 10 12 1 1 10 12 1 1 10 100 12 1 1 10 12 1 1 3 3 3 3 3 10 12 1 1 10 12 1 3 11 7 12 1 1 1 11 12 1 1 10 12 1 1 10 12 1 1 100 1 10 10 12 1 3 10 12 1 1 10 12 1 10 12 1 1 100 1 8 1 10 12 1 1 10 12 1 10 12 1 10 12 1 10 100 12 1 1 1 10 12 1 10 12 1 10 12 1 1 10 12 1 10 7 12 1 1 10 10 12 1 10 10 12 1 10 12 1 1 10 12 1 10 10 12 1 10 12 1 10 12 1 10 12 1 10 12 1 10 12 1 10 12 1 10 12 10 10 12 10 10 12 1 10 10 12 1 10 10 12 1 10 10 12 1 10 12 1 10 12 1 10 12 1 10 12 1 10 12 1 10 12 1 10 10 12 1 10 10 12 1 10 10 12 1 1 10 10 12 1 10 5 0 10 12 1 10 12 1 10 10 12 1 10 10 12 1 1 10 10 12 1 10 10 12 1 9 12 1 1 100 1 10 10 12 1 10 12 1 1 3 10 100 12 1 1 1 10 12 1 10 100 12 1 1 100 1 10 10 12 1 1 10 12 1 1 10 12 1 1 8 1 10 12 1 9 100 12 1 1 1 10 12 1 10 10 12 1 10 12 1 1 10 12 1 10 10 12 1 1 10 10 12 1 1 100 1 8 1 10 12 1 1 10 7 12 1 1 1 8 1 10 12 1 1 9 12 1 1 100 1 100 1 100 1 1 1 1 3 1 3 1 3 1 3 1 1 1 1 1 3 1 1 3 1 3 1 3 1 3 1 3 1 3 1 3 1 3 1 3 1 3 1 3 1 3 1 3 1 3 1 3 1 3 1 3 1 3 1 3 1 3 1 3 1 3 1 3 1 3 1 3 1 3 1 3 1 3 1 1 1 1 1 1 1 1 1 1 1 1 1 1 1 1 1 1 1 3 1 1 1 1 1 1 1 3 1 1 3 1 1 1 1 1 3 1 1 5 0 1 1 1 1 1 1 1 1 1 1 1 1 1 1 1 1 1 1 1 1 1 1 1 1 1 1 1 1 1 1 1 1 1 1 1 1 1 1 1 1 1 1 1 1 1 1 1 1 1 1 1 1 1 1 1 1 1 1 1 1 1 1 1 1 1 1 1 1 1 1 1 1 1 1 1 1 1 1 1 1 1 1 1 1 1 1 1 1 1 100 1 100 1 1 1 1 1 1
staticfield java/lang/Character TYPE Ljava/lang/Class; java/lang/Class
staticfield java/lang/Character $assertionsDisabled Z 1
ciInstanceKlass java/lang/Float 1 1 277 7 1 100 1 10 100 12 1 1 1 10 100 12 1 1 1 4 100 1 10 12 1 1 10 12 1 1 8 1 8 1 10 100 12 1 1 1 10 12 1 1 10 12 1 1 10 100 1 4 10 7 12 1 1 9 12 1 1 10 12 1 1 10 12 1 10 10 12 1 1 10 12 1 10 12 1 3 3 100 1 4 4 4 3 10 12 1 1 9 12 1 1 100 1 10 3 3 4 4 10 12 1 3 3 3 10 12 1 1 10 12 1 1 10 12 1 10 100 12 1 1 1 10 12 1 1 10 12 1 1 10 7 12 1 1 1 8 1 10 12 1 1 9 12 1 1 100 1 100 1 100 1 1 1 1 4 1 4 1 1 1 4 1 1 3 1 3 1 3 1 3 1 3 1 1 1 1 5 0 1 1 1 1 1 1 1 1 1 1 100 1 1 1 1 1 1 1 1 1 1 1 1 1 1 1 1 1 1 1 1 1 1 1 1 1 1 1 1 1 1 1 1 1 1 1 1 1 1 1 1 1 1 1 1 1 1 1 1 1 1 1 1 1 1 1 1 1 1 1 1 1 1 1 1 1 1 1 1 1 1 1 1 1 100 1 1 1 1 1 1 1 100 1 100 1 1
staticfield java/lang/Float TYPE Ljava/lang/Class; java/lang/Class
staticfield java/lang/Float $assertionsDisabled Z 1
instanceKlass org/bson/types/Decimal128
instanceKlass com/google/common/primitives/UnsignedLong
instanceKlass com/google/gson/internal/LazilyParsedNumber
instanceKlass java/util/concurrent/atomic/Striped64
instanceKlass java/math/BigInteger
instanceKlass java/math/BigDecimal
instanceKlass java/util/concurrent/atomic/AtomicLong
instanceKlass java/util/concurrent/atomic/AtomicInteger
instanceKlass java/lang/Long
instanceKlass java/lang/Integer
instanceKlass java/lang/Short
instanceKlass java/lang/Byte
instanceKlass java/lang/Double
instanceKlass java/lang/Float
ciInstanceKlass java/lang/Number 1 1 37 10 7 12 1 1 1 10 100 12 1 1 1 100 1 1 1 1 5 0 1 1 1 1 1 1 1 1 1 1 1 1 1 1 1 1 1
ciInstanceKlass java/lang/Double 1 1 288 7 1 100 1 10 7 12 1 1 1 10 12 1 1 10 100 1 10 12 1 1 10 7 12 1 1 1 6 0 8 1 10 12 1 1 8 1 10 12 1 1 8 1 6 0 10 12 1 1 100 1 5 0 5 0 8 1 8 1 10 100 12 1 1 1 10 100 12 1 1 1 8 1 10 12 1 1 8 1 8 1 8 1 10 12 1 1 10 12 1 10 12 1 1 10 12 1 10 12 1 10 12 1 1 10 12 1 10 7 1 6 0 10 7 12 1 1 9 12 1 1 10 12 1 10 12 1 10 12 1 10 12 1 10 12 1 5 0 10 12 1 1 10 12 1 10 12 1 10 100 12 1 1 1 10 12 1 1 10 12 1 1 8 1 10 7 12 1 1 1 9 12 1 1 100 1 100 1 100 1 1 1 6 0 1 6 0 1 6 0 1 1 1 6 0 1 1 3 1 3 1 3 1 3 1 3 1 1 1 1 5 0 1 1 1 1 1 1 1 1 1 1 1 1 1 1 1 1 100 1 1 1 1 1 1 1 1 1 1 1 1 1 1 1 1 1 1 1 1 1 1 1 1 1 1 1 1 1 1 1 1 1 1 1 1 1 1 1 1 1 1 1 1 1 100 1 1 1 1 1 1 1 100 1 100 1 1
staticfield java/lang/Double TYPE Ljava/lang/Class; java/lang/Class
ciInstanceKlass java/lang/Byte 1 1 212 7 1 100 1 10 100 12 1 1 1 9 12 1 1 8 1 9 12 1 1 100 1 10 12 1 1 10 12 1 1 10 100 12 1 1 1 10 100 12 1 1 1 9 100 12 1 1 1 10 12 1 1 100 1 100 1 10 12 1 1 8 1 10 12 1 1 8 1 10 12 1 10 12 1 10 12 1 10 12 1 1 10 12 1 10 12 1 10 12 1 1 10 8 1 8 1 10 7 1 9 12 1 1 10 12 1 1 10 12 1 1 10 12 1 1 10 12 1 5 0 10 12 1 1 8 1 10 7 12 1 1 1 9 12 1 1 100 1 100 1 1 1 3 1 3 1 1 1 1 3 1 3 1 1 5 0 1 1 1 1 1 1 1 1 1 1 1 1 1 1 1 1 1 1 1 1 1 1 1 1 1 1 1 1 1 1 1 1 1 1 1 1 1 1 1 1 1 1 1 1 1 1 1 1 1 1 1 1 1 1 1
staticfield java/lang/Byte TYPE Ljava/lang/Class; java/lang/Class
ciInstanceKlass java/lang/Short 1 1 220 7 1 100 1 100 1 10 100 12 1 1 1 10 12 1 1 100 1 100 1 10 12 1 1 8 1 10 12 1 1 8 1 10 12 1 10 12 1 10 12 1 10 12 1 1 10 12 1 1 10 12 1 9 12 1 1 8 1 9 12 1 1 100 1 10 12 1 1 10 12 1 10 100 12 1 1 1 10 100 12 1 1 1 9 100 12 1 1 1 10 12 1 10 12 1 1 10 8 1 8 1 10 7 1 9 12 1 1 10 12 1 1 10 12 1 1 10 12 1 1 10 12 1 3 3 5 0 10 12 1 1 8 1 10 7 12 1 1 1 9 12 1 1 100 1 100 1 1 1 3 1 3 1 1 1 1 3 1 3 1 1 5 0 1 1 1 1 1 1 1 1 1 1 1 1 1 1 1 1 1 1 1 1 1 1 1 1 1 1 1 1 1 1 1 1 1 1 1 1 1 1 1 1 1 1 1 1 1 1 1 1 1 1 1 1 1 1 1 1
staticfield java/lang/Short TYPE Ljava/lang/Class; java/lang/Class
ciInstanceKlass java/lang/Integer 1 1 436 7 1 100 1 7 1 7 1 10 12 1 1 9 12 1 1 9 12 1 1 10 100 12 1 1 1 10 12 1 1 10 100 12 1 1 1 10 10 12 1 1 10 100 12 1 1 1 10 12 1 10 12 1 1 10 7 12 1 1 1 10 12 1 1 10 12 1 1 10 12 1 10 7 12 1 1 10 12 1 1 10 12 1 10 12 1 100 1 8 1 10 12 1 8 1 100 1 10 12 1 1 10 12 1 1 8 1 10 12 1 1 8 1 10 12 1 1 10 12 1 1 10 12 1 1 3 3 10 7 12 1 1 1 11 7 1 10 12 1 1 11 10 12 1 1 10 12 1 1 8 1 10 12 1 10 12 1 8 1 100 1 10 12 1 8 1 10 12 1 1 10 12 1 8 1 10 12 1 10 12 1 7 1 9 12 1 1 9 12 1 1 10 12 1 10 7 1 9 12 1 10 12 1 10 12 1 10 12 1 1 10 12 1 1 10 7 12 1 1 1 10 12 1 1 8 1 8 1 10 12 1 1 8 1 8 1 8 1 8 1 8 1 8 1 10 12 1 10 12 1 10 12 1 5 0 3 3 3 3 10 12 1 10 12 1 3 10 12 1 10 100 12 1 1 1 10 12 1 1 10 12 1 1 8 1 10 7 12 1 1 1 9 12 1 1 100 1 100 1 100 1 1 1 1 3 1 1 1 1 1 3 1 3 1 1 5 0 1 1 1 1 1 1 1 1 1 100 1 1 1 1 1 1 1 1 1 1 1 1 1 1 1 1 1 1 1 1 1 1 1 1 1 1 1 1 1 1 1 1 1 1 1 1 1 1 1 1 1 1 1 1 1 1 1 1 1 1 1 1 1 1 1 1 1 1 1 1 1 1 1 1 1 1 1 1 1 1 1 1 1 1 1 1 1 1 1 1 1 1 1 1 1 1 1 1 1 1 1 1 1 100 1 1 1 1 1 1 1 1 1 100 1 100 1 1
staticfield java/lang/Integer TYPE Ljava/lang/Class; java/lang/Class
staticfield java/lang/Integer digits [B 36
ciInstanceKlass java/lang/Long 1 1 498 7 1 100 1 7 1 7 1 10 12 1 1 9 12 1 1 9 7 12 1 1 1 10 7 12 1 1 1 10 12 1 1 10 100 12 1 1 1 10 10 12 10 12 1 10 12 1 10 12 1 5 0 5 0 100 1 10 12 1 1 10 12 1 1 10 12 1 10 12 1 10 12 1 10 12 1 1 10 100 12 1 1 10 12 1 10 12 1 1 10 12 1 1 10 12 1 1 10 12 1 1 10 7 12 1 1 1 10 12 1 1 10 12 1 10 12 1 10 7 12 1 1 10 12 1 1 10 12 1 10 12 1 100 1 8 1 10 12 1 8 1 100 1 10 12 1 10 12 1 1 8 1 10 12 1 1 8 1 10 12 1 1 10 12 1 1 10 12 1 1 5 0 5 0 10 100 12 1 1 1 11 100 1 10 12 1 1 11 10 12 1 1 10 12 1 1 8 1 5 0 10 12 1 1 10 12 1 1 8 1 8 1 10 12 1 8 1 10 12 1 10 12 1 5 0 5 0 9 7 12 1 1 1 10 12 1 10 12 1 1 8 1 8 1 10 12 1 1 8 1 8 1 8 1 8 1 8 1 8 1 10 12 1 10 12 1 10 7 1 9 12 1 1 10 12 1 10 12 1 1 10 12 1 1 10 7 12 1 1 1 10 12 1 1 10 12 1 10 12 1 10 12 1 5 0 5 0 5 0 10 12 1 1 10 12 1 5 0 5 0 10 12 10 12 1 10 100 12 1 1 1 10 12 1 1 10 12 1 1 8 1 10 7 12 1 1 1 9 12 1 1 100 1 100 1 100 1 1 1 1 5 0 1 1 1 1 3 1 3 1 5 0 1 1 1 1 1 1 1 1 1 100 1 1 1 1 1 1 1 1 1 1 1 1 1 1 1 1 1 1 1 1 1 1 1 1 1 1 1 1 1 1 1 1 1 1 1 1 1 1 1 1 1 1 1 1 1 1 1 1 1 1 1 1 1 1 1 1 1 1 1 1 1 1 1 1 1 1 1 1 1 1 1 1 1 1 1 1 1 1 1 1 1 1 1 1 1 1 1 1 1 1 1 1 1 1 1 1 1 1 1 1 100 1 1 1 1 1 1 1 1 1 100 1 100 1 1
staticfield java/lang/Long TYPE Ljava/lang/Class; java/lang/Class
ciMethod java/lang/Long toString (J)Ljava/lang/String; 66 0 7241 0 1264
ciMethod java/lang/Long toString (JI)Ljava/lang/String; 712 890 5477 0 1328
ciMethod java/lang/Long toStringUTF16 (JI)Ljava/lang/String; 0 0 1 0 -1
ciInstanceKlass java/lang/Void 1 1 31 10 100 12 1 1 1 8 1 10 7 12 1 1 1 9 7 12 1 1 1 1 1 1 1 1 1 1 1 1 1
staticfield java/lang/Void TYPE Ljava/lang/Class; java/lang/Class
ciInstanceKlass jdk/internal/vm/vector/VectorSupport 0 0 597 100 1 10 100 12 1 1 1 9 12 1 1 10 100 12 1 1 1 100 1 10 12 1 11 100 12 1 1 1 11 100 12 1 1 1 11 100 12 1 1 1 11 100 12 1 1 11 100 12 1 1 11 100 12 1 1 11 100 12 1 1 11 100 12 1 1 11 100 12 1 1 11 100 12 1 1 11 100 12 1 1 1 11 100 12 1 1 11 100 12 1 1 1 11 100 12 1 1 1 11 100 12 1 1 11 100 12 1 1 1 11 100 12 1 1 100 1 10 12 1 1 11 100 12 1 1 11 100 12 1 1 11 100 12 1 1 11 100 1 11 100 12 1 1 11 100 12 1 1 11 100 12 1 1 9 12 1 1 10 100 12 1 1 11 100 12 1 1 10 100 12 1 1 1 10 100 12 1 1 10 12 1 1 10 12 1 1 1 1 1 3 1 3 1 3 1 3 1 3 1 3 1 3 1 3 1 3 1 3 1 3 1 3 1 3 1 3 1 3 1 3 1 3 1 3 1 3 1 3 1 3 1 3 1 3 1 3 1 3 1 3 1 3 1 3 1 3 1 3 1 3 1 3 1 3 1 3 1 3 1 3 1 3 1 3 1 3 1 3 1 3 1 3 1 3 1 3 1 3 1 3 1 3 1 3 1 3 1 3 1 3 1 3 1 3 1 1 1 3 1 3 1 3 1 3 1 3 1 3 1 1 1 1 1 1 1 1 1 1 1 1 1 1 1 1 1 1 1 1 1 1 1 1 1 1 1 1 1 1 1 1 1 1 1 1 1 1 1 1 1 1 1 1 1 1 1 1 1 1 1 1 1 1 1 1 1 1 1 1 1 1 1 1 1 1 1 1 1 1 1 1 1 1 1 1 1 1 1 1 1 1 1 1 1 1 1 1 1 1 1 1 1 1 1 1 1 1 1 1 1 1 1 1 1 1 1 1 1 1 1 1 1 1 1 1 1 1 1 1 1 1 1 1 1 1 1 1 1 1 1 1 1 1 1 1 1 1 1 1 1 1 1 1 1 1 1 1 1 1 1 1 1 1 1 1 1 1 1 1 1 1 1 1 1 1 1 1 1 1 1 1 1 1 1 1 1 1 1 1 1 1 1 1 1 1 1 1 1 1 1 1 1 1 1 1 1 1 1 1 1 1 1 1 1 1 1 1 1 1 1 1 1 1 1 1 1 1 1 1 1 1 1 1 1 1 1 1 1 1 1 1 1 1 1 1 1 1 1 1 1 1 1 1 1 1 1 100 1 100 1 100 1 100 1 100 1 1 1 1 1 1 1 1 1 1 1 1 1 1 1 1 1 1 1 1 1 1 1 1 1 1 1 1 1 1 1
instanceKlass jdk/internal/vm/vector/VectorSupport$VectorShuffle
instanceKlass jdk/internal/vm/vector/VectorSupport$VectorMask
instanceKlass jdk/internal/vm/vector/VectorSupport$Vector
ciInstanceKlass jdk/internal/vm/vector/VectorSupport$VectorPayload 0 0 32 10 100 12 1 1 1 9 100 12 1 1 1 10 100 12 1 1 1 1 1 1 1 1 1 1 1 1 1 1 1 1
ciInstanceKlass jdk/internal/vm/vector/VectorSupport$Vector 0 0 28 10 100 12 1 1 1 100 1 1 1 1 1 1 1 1 1 1 1 1 1 1 1 100 1 1 1 1
ciInstanceKlass jdk/internal/vm/vector/VectorSupport$VectorMask 0 0 28 10 100 12 1 1 1 100 1 1 1 1 1 1 1 1 1 1 1 1 1 1 1 100 1 1 1 1
ciInstanceKlass jdk/internal/vm/vector/VectorSupport$VectorShuffle 0 0 28 10 100 12 1 1 1 100 1 1 1 1 1 1 1 1 1 1 1 1 1 1 1 100 1 1 1 1
ciInstanceKlass jdk/internal/vm/FillerObject 0 0 16 10 100 12 1 1 1 100 1 1 1 1 1 1 1 1
instanceKlass java/lang/ref/PhantomReference
instanceKlass java/lang/ref/FinalReference
instanceKlass java/lang/ref/WeakReference
instanceKlass java/lang/ref/SoftReference
ciInstanceKlass java/lang/ref/Reference 1 1 198 9 7 12 1 1 1 9 7 12 1 1 10 12 1 1 10 12 1 1 9 12 1 1 10 12 1 1 9 12 1 1 9 12 1 1 7 1 10 12 1 10 7 12 1 1 10 12 1 10 12 1 1 10 12 1 7 1 8 1 10 12 1 1 7 1 10 12 1 1 10 12 1 1 10 12 1 7 1 10 12 10 7 12 1 1 1 9 12 1 10 12 1 1 10 12 1 10 12 1 10 12 1 9 12 1 100 1 100 1 10 9 12 1 9 12 1 100 1 10 10 12 1 10 10 7 12 1 1 10 12 1 1 1 1 1 1 1 1 1 1 1 1 1 1 1 1 1 100 1 1 1 100 1 1 1 1 1 1 1 1 1 1 1 1 1 1 1 1 1 1 1 1 1 1 1 1 1 1 1 1 1 1 1 1 1 1 1 1 1 100 1 100 1 100 1 1 1
staticfield java/lang/ref/Reference processPendingLock Ljava/lang/Object; java/lang/Object
staticfield java/lang/ref/Reference $assertionsDisabled Z 1
instanceKlass com/google/common/cache/LocalCache$SoftValueReference
instanceKlass java/util/ResourceBundle$BundleReference
instanceKlass sun/util/locale/provider/LocaleResources$ResourceReference
instanceKlass sun/util/resources/Bundles$BundleReference
instanceKlass jdk/internal/util/SoftReferenceKey
instanceKlass java/lang/invoke/LambdaFormEditor$Transform
ciInstanceKlass java/lang/ref/SoftReference 1 1 50 10 7 12 1 1 1 9 7 12 1 1 1 9 12 1 10 12 1 10 12 1 1 1 1 1 1 1 1 1 1 1 1 1 1 1 1 1 1 1 1 1 1 100 1 1 1 1 1 1
ciMethod java/lang/ref/SoftReference get ()Ljava/lang/Object; 986 0 6424 0 -1
ciMethod java/lang/ref/SoftReference <init> (Ljava/lang/Object;)V 248 0 944 0 -1
instanceKlass com/google/common/cache/LocalCache$WeakValueReference
instanceKlass com/google/i18n/LocaleResourceCache$ClassLoaderReference
instanceKlass java/util/ResourceBundle$KeyElementReference
instanceKlass io/grpc/internal/ManagedChannelOrphanWrapper$ManagedChannelReference
instanceKlass com/google/common/collect/MapMakerInternalMap$AbstractWeakKeyEntry
instanceKlass java/lang/WeakPairMap$WeakRefPeer
instanceKlass java/util/logging/LogManager$LoggerWeakRef
instanceKlass java/util/logging/Level$KnownLevel
instanceKlass jdk/internal/util/WeakReferenceKey
instanceKlass java/lang/ThreadLocal$ThreadLocalMap$Entry
instanceKlass java/util/WeakHashMap$Entry
ciInstanceKlass java/lang/ref/WeakReference 1 1 34 10 7 12 1 1 1 10 12 1 100 1 1 1 1 1 1 1 1 1 1 1 1 1 1 1 1 1 1 1 1 1 1 1
instanceKlass java/lang/ref/Finalizer
ciInstanceKlass java/lang/ref/FinalReference 1 1 50 10 7 12 1 1 1 10 100 12 1 1 1 10 12 1 1 100 1 8 1 10 12 1 1 1 1 1 1 1 1 1 1 1 1 1 1 1 1 1 1 1 1 1 1 1 1 1 100 1
instanceKlass jdk/internal/ref/PhantomCleanable
instanceKlass jdk/internal/ref/Cleaner
ciInstanceKlass java/lang/ref/PhantomReference 1 1 47 10 7 12 1 1 1 10 12 1 1 10 7 12 1 1 1 1 1 1 1 1 1 1 1 1 1 1 1 1 1 1 1 1 1 1 1 1 1 1 1 1 1 1 1 1 1
ciInstanceKlass java/lang/ref/Finalizer 1 1 177 9 7 12 1 1 1 10 7 12 1 1 1 9 12 1 1 9 12 1 1 9 12 1 9 12 1 9 12 1 1 10 12 1 100 1 8 1 10 12 1 10 12 1 1 9 12 1 100 1 10 12 1 100 1 11 100 12 1 1 10 12 1 100 1 10 12 1 10 7 12 1 1 1 10 12 1 1 10 100 12 1 1 8 1 10 12 1 10 12 1 10 12 1 100 1 10 12 1 10 100 12 1 1 1 100 1 10 10 12 1 1 7 1 10 12 1 10 12 1 1 10 12 1 1 10 7 12 1 1 1 7 1 10 7 1 10 10 12 1 1 1 1 1 1 1 1 1 1 1 1 1 1 1 1 1 1 1 1 1 1 1 1 1 1 100 1 1 1 1 1 1 1 1 1 1 1
staticfield java/lang/ref/Finalizer lock Ljava/lang/Object; java/lang/Object
staticfield java/lang/ref/Finalizer ENABLED Z 1
staticfield java/lang/ref/Finalizer $assertionsDisabled Z 1
instanceKlass java/lang/reflect/Executable
instanceKlass java/lang/reflect/Field
ciInstanceKlass java/lang/reflect/AccessibleObject 1 1 374 10 7 12 1 1 1 10 100 12 1 1 1 10 7 12 1 1 1 10 12 1 1 9 12 1 1 7 1 10 7 12 1 1 1 11 12 1 100 1 10 12 1 7 1 100 1 10 12 1 1 10 12 1 1 10 12 1 1 10 12 1 1 10 12 1 1 7 1 10 7 12 1 1 1 10 12 1 1 11 10 7 12 1 1 1 10 12 1 1 10 12 1 10 12 1 10 12 1 1 10 12 1 8 1 100 1 100 1 10 10 12 1 1 8 1 10 12 1 10 12 1 8 1 8 1 8 1 8 1 8 1 8 1 8 1 8 1 8 1 100 1 10 12 1 10 12 1 9 7 12 1 1 1 10 12 1 1 10 12 1 10 100 1 100 1 8 1 10 8 1 10 12 1 8 1 10 12 1 10 12 1 1 10 100 1 8 1 10 11 7 12 1 1 1 10 12 1 1 10 12 1 1 10 12 1 1 9 12 1 1 100 1 10 12 1 7 1 10 12 1 10 12 1 1 10 100 1 10 12 1 10 12 10 12 1 10 12 1 10 12 1 1 10 12 1 9 12 1 10 7 12 1 1 8 1 10 12 1 1 8 1 10 100 12 1 1 1 9 12 1 100 1 10 7 1 10 10 7 12 1 1 1 10 7 12 1 1 1 9 12 1 1 1 1 1 1 1 1 1 1 1 1 1 1 1 1 1 1 1 1 1 1 1 1 1 1 1 1 1 1 1 1 1 1 1 1 1 1 1 1 1 1 1 1 1 1 1 1 1 1 1 1 1 1 1 1 1 1 1 1 1 1 1 1 1 1 1 1 1 1 1 1 1 1 1 1 1 1 1 1 1 1 1
staticfield java/lang/reflect/AccessibleObject reflectionFactory Ljdk/internal/reflect/ReflectionFactory; jdk/internal/reflect/ReflectionFactory
ciInstanceKlass java/lang/reflect/Method 1 1 468 9 7 12 1 1 1 10 100 12 1 1 1 10 100 12 1 1 9 12 1 1 9 12 1 1 10 12 1 1 10 12 1 1 10 12 1 1 10 100 12 1 1 10 7 12 1 1 1 9 12 1 1 9 12 1 9 12 1 1 9 12 1 9 12 1 9 12 1 1 9 12 1 9 12 1 1 9 12 1 9 12 1 100 1 8 1 10 12 1 10 12 1 9 12 1 1 10 7 12 1 1 1 10 12 1 1 10 12 1 1 10 12 1 10 12 1 1 9 100 12 1 1 1 10 12 1 1 10 12 10 7 12 1 1 10 12 1 1 10 12 1 10 12 1 10 12 1 10 7 12 1 1 1 10 12 1 1 9 12 1 10 7 1 10 100 12 1 1 1 10 7 12 1 1 10 12 1 1 10 12 1 1 10 12 1 10 7 12 1 1 1 10 12 1 10 8 1 10 12 1 10 12 1 7 1 8 1 8 1 8 1 10 12 1 10 12 1 1 10 12 1 1 10 10 12 1 1 10 12 1 11 100 1 10 12 1 9 12 1 1 10 12 1 1 10 12 1 10 12 1 1 10 12 1 1 11 7 12 1 1 1 11 12 1 9 12 1 1 10 12 1 10 12 1 10 12 1 10 12 1 10 12 1 10 12 1 9 12 1 1 10 7 12 1 1 1 10 7 12 1 1 10 12 1 1 10 7 12 1 1 1 10 7 12 1 1 1 10 7 12 1 1 1 11 7 12 1 1 1 10 7 12 1 1 1 7 1 100 1 100 1 10 12 1 10 12 1 1 10 12 1 100 1 8 1 10 12 1 10 10 12 1 1 10 12 1 1 10 12 1 1 10 12 1 1 8 1 10 12 1 1 1 1 1 1 1 1 1 1 1 1 1 1 1 1 1 1 1 1 1 1 1 1 1 1 1 1 1 1 1 1 1 1 1 1 1 1 1 1 1 1 1 1 1 1 1 1 1 1 1 1 1 100 1 100 1 100 1 1 1 1 1 1 1 1 1 1 1 1 1 1 1 1 1 1 1 1 1 1 1 1 1 1 1 1 1 1
ciInstanceKlass java/lang/reflect/Member 1 1 37 100 1 10 12 1 1 100 1 100 1 1 1 1 3 1 3 1 1 1 1 1 1 1 1 1 1 1 1 1 1 1 1 1 1 1 1
instanceKlass java/lang/reflect/Constructor
instanceKlass java/lang/reflect/Method
ciInstanceKlass java/lang/reflect/Executable 1 1 587 10 7 12 1 1 1 10 7 12 1 1 1 10 7 12 1 1 1 11 7 12 1 1 1 10 7 12 1 1 1 10 12 1 1 10 7 12 1 1 1 10 100 12 1 1 1 10 12 1 8 1 10 10 12 1 1 10 12 1 1 10 100 12 1 1 1 18 12 1 1 11 100 12 1 1 1 8 1 8 1 8 1 10 100 12 1 1 1 11 12 1 1 100 1 8 1 8 1 10 12 1 100 1 8 1 10 12 1 8 1 11 100 12 1 1 1 100 1 11 100 12 1 1 1 11 12 1 8 1 18 8 1 10 12 1 10 12 1 1 18 8 1 10 12 1 100 1 10 12 1 10 12 1 11 12 1 10 12 1 1 8 1 8 1 10 12 1 1 10 12 1 1 10 10 12 1 9 12 1 1 9 100 12 1 1 1 10 100 12 1 1 1 10 12 1 10 12 1 1 10 100 12 1 1 10 12 1 10 12 1 10 12 1 10 7 12 1 1 100 1 10 100 12 1 1 1 10 12 1 1 10 100 12 1 1 10 12 1 10 12 1 1 9 100 12 1 1 1 10 100 10 12 1 8 1 10 12 1 10 12 1 3 100 1 8 1 10 12 1 10 12 1 10 10 12 1 10 12 1 1 8 1 8 1 8 1 9 12 1 1 9 12 1 10 12 1 100 1 8 1 10 12 1 10 12 1 10 12 1 1 10 12 1 1 10 12 1 10 12 10 12 1 100 1 10 12 1 10 12 1 1 100 1 10 100 12 1 1 1 7 1 10 7 12 1 1 1 10 12 1 1 11 7 12 1 1 10 12 1 10 100 12 1 1 1 10 12 1 1 9 12 1 10 12 1 1 10 12 1 10 12 1 1 9 100 12 1 1 1 10 100 12 1 1 1 10 12 1 10 12 1 1 9 12 1 10 10 10 10 100 12 1 1 1 10 12 1 9 12 1 10 12 1 1 9 12 1 100 1 100 1 1 1 1 1 1 1 1 1 1 1 1 1 1 1 1 1 1 1 1 1 1 1 1 1 1 1 1 1 1 1 1 1 1 1 1 100 1 1 1 1 1 1 1 1 1 1 1 1 1 1 1 1 1 1 1 100 1 1 1 1 1 1 1 1 1 1 1 1 1 1 1 1 1 1 1 1 1 1 1 1 1 1 1 1 1 1 1 1 1 1 1 1 1 1 1 1 1 1 1 100 1 1 1 1 1 1 1 1 1 1 1 1 1 1 1 1 1 1 1 1 1 1 100 1 1 16 15 16 1 16 1 15 10 12 16 15 10 100 12 1 1 1 1 100 1 1 1 100 1 1 100 1 100 1 1
ciInstanceKlass java/lang/reflect/Constructor 1 1 437 10 100 12 1 1 1 10 100 12 1 1 9 7 12 1 1 1 9 12 1 1 10 12 1 1 10 12 1 1 10 12 1 1 10 100 12 1 1 10 7 12 1 1 1 9 12 1 1 9 12 1 1 9 12 1 9 12 1 1 9 12 1 9 12 1 1 9 12 1 1 9 12 1 100 1 8 1 10 12 1 10 12 1 9 12 1 1 10 7 12 1 1 1 10 12 1 1 10 12 1 1 10 12 1 7 1 100 1 8 1 10 10 12 1 10 12 1 10 12 1 1 9 100 12 1 1 1 10 7 12 1 1 10 12 1 1 10 12 1 10 12 1 1 10 100 12 1 1 1 10 100 12 1 1 10 12 1 1 10 12 1 10 100 12 1 1 1 8 1 10 10 12 1 100 1 8 1 10 12 1 10 12 1 1 10 12 1 1 10 12 1 10 12 1 10 12 1 1 10 12 1 1 9 12 1 1 10 12 1 1 10 12 1 1 10 12 1 1 11 7 12 1 1 1 10 12 1 1 10 12 1 10 12 1 10 12 1 8 1 9 12 1 1 10 7 12 1 1 1 10 7 12 1 1 10 12 1 1 10 12 1 1 10 12 1 1 10 12 1 1 10 12 1 9 100 12 1 1 10 12 1 10 12 1 10 12 1 100 1 8 1 10 10 12 1 1 10 12 1 10 10 12 1 1 10 12 1 1 10 100 12 1 1 1 11 100 12 1 1 1 10 12 1 1 9 100 12 1 1 1 10 100 12 1 1 1 10 12 1 1 1 1 1 1 1 1 1 1 1 1 1 1 1 1 1 1 1 1 1 1 1 1 1 1 1 1 1 1 1 1 1 1 1 1 1 1 1 1 1 1 1 1 1 1 1 1 1 1 1 1 1 1 1 1 100 1 100 1 100 1 100 1 1 1 1 1 1 1 1 1 1 1 1 1 1 1 1 1 1 1 1 1 1 1 1 1 1 1 1 1 1 1 1 100 1 1
ciInstanceKlass java/lang/reflect/Field 1 1 454 9 7 12 1 1 1 10 12 1 1 10 7 12 1 1 1 10 7 12 1 1 9 12 1 1 9 12 1 1 10 12 1 1 10 12 1 1 10 12 1 1 10 7 12 1 1 10 7 12 1 1 1 9 12 1 1 9 12 1 9 12 1 9 12 1 1 9 12 1 1 9 12 1 9 12 1 1 100 1 8 1 10 12 1 10 12 1 9 12 1 1 9 12 1 10 7 12 1 1 10 12 1 1 10 12 1 1 10 12 1 9 12 1 1 10 12 1 1 9 100 12 1 1 1 10 7 12 1 1 1 7 1 10 12 1 1 10 12 1 1 10 12 1 10 12 1 10 7 1 10 7 12 1 1 100 1 10 8 1 10 12 1 1 10 12 1 1 8 1 10 12 10 12 1 8 1 8 1 10 11 100 1 9 12 1 10 12 1 1 10 12 1 1 11 7 12 1 1 1 10 12 1 11 12 1 1 11 12 1 1 11 12 1 1 11 12 1 1 11 12 1 1 11 12 1 1 11 12 1 1 11 12 1 1 11 12 1 1 11 12 1 1 11 12 1 1 11 12 1 1 11 12 1 1 11 12 1 1 11 12 1 1 11 12 1 1 11 12 1 1 10 12 1 10 100 12 1 1 10 12 1 10 12 1 10 12 1 10 12 1 1 10 12 1 1 10 12 1 10 7 12 1 1 10 12 1 1 11 7 1 10 12 1 7 1 10 100 12 1 1 1 10 7 12 1 1 1 9 12 1 10 7 12 1 1 1 11 7 12 1 1 1 10 12 1 1 10 12 1 1 9 100 12 1 1 10 100 12 1 1 1 10 12 1 1 100 1 1 1 1 1 1 1 1 1 1 1 1 1 1 1 1 1 1 1 1 1 1 1 1 1 1 1 1 1 1 1 1 1 1 1 1 1 1 1 100 1 1 1 1 1 1 1 1 1 1 1 1 1 1 1 1 1 1 1 1 1 1 1 1 1 1 1 1 1 1 1 1 100 1 1 1 1 1 1 1 1 100 1 1 100 1 1
ciInstanceKlass java/lang/reflect/Parameter 0 0 256 10 100 12 1 1 1 9 100 12 1 1 1 9 12 1 1 9 12 1 1 9 12 1 10 12 1 1 10 12 1 1 10 100 12 1 1 1 100 1 10 10 12 1 1 11 100 12 1 1 1 10 12 1 10 100 12 1 1 1 10 12 1 1 10 12 1 10 12 1 8 1 8 1 10 100 12 1 1 1 10 12 1 10 12 9 100 12 1 1 1 9 100 12 1 1 1 10 12 1 1 10 12 1 1 10 100 12 1 1 1 10 12 1 8 1 10 12 1 9 12 1 1 10 12 1 1 9 12 1 1 10 12 1 1 10 12 1 1 10 12 1 1 10 12 1 10 10 12 1 10 100 12 1 1 1 10 12 1 1 11 100 12 1 1 10 100 12 1 1 100 1 10 100 12 1 1 1 10 12 1 1 10 12 1 1 10 12 1 1 10 12 1 1 9 12 1 100 1 10 11 12 1 11 12 1 1 100 1 1 1 1 1 1 1 1 1 1 1 1 1 1 1 1 1 1 1 1 1 1 1 1 1 1 1 1 1 1 1 1 1 1 1 1 1 1 1 100 1 1 1 1 1 100 1 1
ciInstanceKlass java/lang/reflect/RecordComponent 1 1 196 10 100 12 1 1 1 9 100 12 1 1 1 9 12 1 1 9 12 1 10 12 1 1 10 12 1 1 10 100 12 1 1 1 10 12 1 1 9 12 1 1 10 12 1 1 10 12 1 1 10 12 1 10 100 12 1 1 10 100 12 1 1 9 12 1 1 10 100 12 1 1 1 11 100 12 1 1 1 10 9 100 12 1 1 1 10 100 12 1 1 1 9 12 1 1 10 100 12 1 1 1 10 12 1 1 11 100 12 1 1 10 100 12 1 1 100 1 9 12 1 9 12 1 1 9 12 1 10 100 12 1 1 1 10 12 1 1 10 12 1 1 100 1 10 10 12 1 10 12 1 1 8 1 10 12 1 10 12 1 9 12 1 100 1 1 1 1 1 1 1 1 1 1 1 1 1 1 1 1 1 1 1 1 1 1 100 1 1 1 1 1 1 100 1 1
ciInstanceKlass java/lang/StringBuffer 1 1 487 10 7 12 1 1 1 10 12 1 10 12 1 10 12 1 1 9 7 12 1 1 1 10 12 1 1 10 12 1 10 12 1 1 9 12 1 1 10 12 1 10 12 1 1 10 12 1 1 10 12 1 10 12 1 1 10 12 1 10 12 1 1 10 12 1 1 10 7 12 1 1 1 10 12 1 1 10 12 1 10 12 1 10 12 1 10 12 1 10 12 1 10 12 1 10 12 1 10 12 1 10 12 1 10 12 1 10 12 1 10 12 1 10 12 1 10 12 1 1 10 12 1 10 12 1 1 10 12 1 1 10 10 12 1 1 10 12 1 10 12 1 10 12 1 10 12 1 10 12 1 10 12 1 10 12 10 12 1 10 12 1 10 12 1 10 12 1 1 10 12 1 10 12 1 10 10 12 1 1 10 12 1 10 12 1 10 12 1 8 1 10 12 1 10 10 100 12 1 1 1 10 10 12 1 1 9 12 1 1 10 100 12 1 1 10 100 1 8 10 100 12 1 1 1 8 10 12 1 8 1 10 12 1 10 12 1 10 100 12 1 1 1 10 100 12 1 1 1 7 1 10 12 100 1 8 1 10 10 12 1 1 10 12 1 1 10 12 1 10 12 1 10 12 1 1 10 12 1 10 12 1 10 12 1 10 12 1 10 12 1 10 12 10 12 1 10 12 1 10 12 1 10 12 1 10 12 1 10 12 1 10 12 1 10 12 1 10 12 1 10 12 1 10 12 10 12 10 12 1 10 12 1 10 12 1 10 12 10 12 1 10 12 1 10 12 1 10 12 1 10 12 1 10 12 1 10 12 1 10 12 1 10 12 1 10 12 1 10 12 1 7 1 10 12 1 9 7 12 1 1 1 9 7 1 9 12 1 1 100 1 100 1 100 1 100 1 1 1 1 5 0 1 1 1 1 1 1 1 1 1 1 1 1 1 1 1 1 1 1 1 1 1 1 1 1 1 1 1 1 1 1 1 1 1 1 1 1 1 1 1 1 1 1 1 1 1 1 1 1 1 1 1 1 1 1 1 1 1 1 1 1 100 1 1 1 1 1 100 1 1 1 1 1 1 1 1 1 1 1 1 1 1 1 1 1 1
staticfield java/lang/StringBuffer serialPersistentFields [Ljava/io/ObjectStreamField; 3 [Ljava/io/ObjectStreamField;
instanceKlass java/lang/StringBuilder
instanceKlass java/lang/StringBuffer
ciInstanceKlass java/lang/AbstractStringBuilder 1 1 662 7 1 10 7 12 1 1 1 9 7 12 1 1 1 9 12 1 9 12 1 1 9 12 1 1 10 7 12 1 1 1 10 12 1 1 100 1 3 3 10 12 1 10 12 1 1 10 12 1 1 11 7 1 100 1 100 1 10 8 1 10 12 1 10 12 1 10 12 1 1 10 12 1 10 12 1 9 12 1 10 12 1 9 12 1 1 10 7 12 1 1 1 10 10 12 1 10 12 1 10 12 1 1 9 12 1 100 1 8 1 10 12 1 10 12 1 1 8 1 10 7 12 1 1 1 10 12 1 1 8 1 10 7 12 1 1 1 100 1 8 1 10 100 1 10 12 1 10 12 1 1 10 7 12 1 1 1 10 12 1 1 10 12 1 1 10 12 1 1 10 12 1 1 10 7 12 1 1 1 10 12 1 100 1 10 10 7 12 1 1 1 9 12 1 1 9 12 1 10 12 1 1 10 10 12 1 1 10 12 1 1 10 12 1 1 10 12 1 1 10 12 1 1 10 12 1 1 10 12 1 1 10 12 1 10 10 10 12 1 10 12 1 1 10 8 1 10 12 1 1 10 12 1 10 12 1 10 12 1 10 10 7 12 1 1 1 10 12 1 1 10 12 1 10 12 1 10 12 1 10 12 100 1 9 12 1 1 9 12 1 10 12 1 1 100 1 9 12 1 9 12 10 12 1 10 12 1 1 10 12 1 1 10 12 1 10 12 1 1 10 12 1 10 12 1 1 10 12 1 1 10 10 7 12 1 1 1 10 12 1 10 12 1 10 12 1 1 10 12 1 10 12 1 1 10 12 1 10 12 1 10 12 1 10 12 1 10 12 1 10 12 1 10 12 1 10 12 1 1 10 12 1 10 12 1 10 12 10 12 1 1 18 12 1 1 100 1 10 100 12 1 1 1 18 10 12 1 1 10 12 1 1 10 12 1 10 12 1 10 12 1 1 10 12 1 10 12 1 1 11 12 1 1 10 12 1 10 12 1 1 10 12 1 10 12 1 10 12 1 10 5 0 10 100 1 8 1 10 10 12 1 1 10 100 12 1 1 1 10 12 1 10 12 1 1 100 1 10 12 100 1 10 100 1 10 10 7 12 1 1 100 1 1 1 1 1 1 1 1 1 1 1 100 1 1 1 1 1 1 1 1 1 1 1 1 1 1 1 1 1 1 1 1 1 1 1 1 1 1 1 1 1 1 1 1 1 1 1 1 1 1 1 1 1 1 1 1 1 1 1 1 1 1 1 1 100 1 1 1 1 1 1 1 1 1 1 1 1 1 1 1 1 1 1 1 1 1 1 1 1 1 1 1 1 1 1 1 1 1 1 1 1 1 1 1 1 1 1 1 1 1 1 1 1 1 1 1 1 1 1 1 1 1 1 1 1 1 1 1 100 1 1 1 1 1 1 100 1 1 1 1 1 1 100 1 1 16 1 15 10 12 16 15 10 12 15 10 100 12 1 1 1 1 1 1 1 100 1 100 1 1
staticfield java/lang/AbstractStringBuilder EMPTYVALUE [B 0
staticfield java/lang/AbstractStringBuilder $assertionsDisabled Z 1
ciMethod java/lang/AbstractStringBuilder append (Ljava/lang/AbstractStringBuilder;)Ljava/lang/AbstractStringBuilder; 772 0 5511 0 -1
ciMethod java/lang/AbstractStringBuilder append (Ljava/lang/CharSequence;)Ljava/lang/AbstractStringBuilder; 768 0 6567 0 2946
ciMethod java/lang/AbstractStringBuilder append (Ljava/lang/CharSequence;II)Ljava/lang/AbstractStringBuilder; 0 0 7234 0 -1
ciMethod java/lang/AbstractStringBuilder append (Ljava/lang/String;)Ljava/lang/AbstractStringBuilder; 12 0 11348 0 -1
ciMethod java/lang/AbstractStringBuilder appendNull ()Ljava/lang/AbstractStringBuilder; 0 0 1 0 -1
ciInstanceKlass java/lang/StringBuilder 1 1 425 10 7 12 1 1 1 10 12 1 10 12 1 10 12 1 1 10 7 12 1 1 1 10 7 12 1 1 1 10 12 1 10 12 1 10 12 1 10 12 1 10 12 1 10 12 1 10 12 1 10 12 1 10 12 1 10 12 1 10 12 1 10 12 1 10 12 1 10 12 1 1 10 12 1 10 12 1 1 10 12 1 1 10 12 1 10 12 1 10 12 1 10 12 1 10 12 1 10 12 1 10 12 1 10 12 10 12 1 10 12 1 10 12 1 10 12 1 1 10 12 1 10 12 1 10 12 10 12 1 1 10 12 1 10 12 1 10 12 1 1 8 1 10 12 1 10 100 12 1 1 1 9 12 1 1 10 12 1 10 12 1 10 12 1 1 9 12 1 1 10 100 12 1 1 1 10 100 1 10 12 1 1 10 100 12 1 1 10 12 1 10 12 1 1 100 1 100 1 8 1 10 10 12 1 1 10 12 1 10 12 1 10 12 1 1 10 12 1 10 12 1 10 12 1 10 12 1 10 12 1 10 12 10 12 1 10 12 1 10 12 1 10 12 1 10 12 1 10 12 1 10 12 1 10 12 1 10 12 1 1 10 12 1 1 10 12 1 10 12 1 10 12 1 10 12 10 12 10 12 1 10 12 1 10 12 1 10 12 10 12 1 10 12 1 10 12 1 10 12 1 10 12 1 10 12 1 10 12 1 10 12 1 10 12 1 1 10 12 1 10 12 1 1 10 12 1 10 12 1 1 10 12 1 10 12 1 1 10 12 1 10 12 1 10 12 1 10 10 10 12 1 100 1 100 1 100 1 100 1 1 1 1 5 0 1 1 1 1 1 1 1 1 1 1 1 1 1 1 1 1 1 1 1 1 1 1 1 1 1 1 1 1 1 1 1 1 1 1 1 1 1 1 1 1 1 1 1 1 100 1 1 1 100 1 1 1 1 1 1 1 1 1 1 1
ciMethod java/lang/StringBuilder toString ()Ljava/lang/String; 10 0 76215 0 -1
ciMethod java/lang/StringBuilder length ()I 20 0 127748 0 -1
ciMethod java/lang/StringBuilder <init> ()V 10 0 88897 0 -1
ciMethod java/lang/StringBuilder append (Ljava/lang/CharSequence;)Ljava/lang/StringBuilder; 768 0 10465 0 0
ciMethod java/lang/StringBuilder append (Ljava/lang/String;)Ljava/lang/StringBuilder; 12 0 195765 0 872
ciMethod java/lang/StringBuilder append (C)Ljava/lang/StringBuilder; 770 0 132538 0 -1
ciMethod java/lang/StringBuilder insert (ILjava/lang/String;)Ljava/lang/StringBuilder; 58 0 221 0 -1
ciInstanceKlass java/security/CodeSource 1 1 396 10 7 12 1 1 1 9 7 12 1 1 1 9 12 1 1 9 12 1 1 9 12 1 1 10 7 12 1 1 1 9 12 1 1 10 100 12 1 1 10 100 10 100 12 1 1 1 10 12 1 1 10 12 1 1 100 1 10 10 100 12 1 1 1 10 100 12 1 1 1 10 12 1 1 100 1 10 12 1 1 10 12 1 1 10 12 1 1 10 12 1 10 10 100 1 10 12 1 1 10 100 12 1 1 1 10 12 1 1 10 12 1 10 12 1 8 1 10 12 1 10 12 1 10 12 1 1 10 12 1 8 1 10 12 1 1 10 100 1 10 10 12 1 1 8 1 10 12 1 10 12 1 10 12 1 8 1 8 1 9 12 1 1 100 1 8 1 10 12 1 10 12 1 1 8 1 10 12 1 8 1 8 1 8 1 10 100 12 1 1 10 12 1 1 10 12 1 10 12 1 1 10 12 1 1 10 12 1 1 100 1 100 1 10 12 1 10 12 10 12 1 1 10 100 12 1 1 10 12 1 100 1 10 12 10 100 12 1 1 1 10 8 1 10 12 1 10 12 1 1 100 1 10 12 1 1 100 1 100 1 8 1 8 1 10 10 12 1 1 10 100 12 1 1 1 100 1 10 12 10 12 1 1 11 100 12 1 1 10 10 12 1 11 10 12 1 8 1 100 1 10 12 1 10 12 1 1 10 12 1 11 12 1 1 100 1 1 1 1 5 0 1 1 1 1 1 1 1 1 1 1 1 1 1 1 1 1 1 1 1 1 1 1 1 1 1 1 1 1 1 1 1 1 1 1 1 1 1 1 1 1 1 1 1 1 1 1 1 1 1 1 1 1 1 1 1 1 1 1 1 1 1 1 1 1 1 1 100 1 1 1 1 1 1 1
ciInstanceKlass java/security/ProtectionDomain 1 1 141 10 7 12 1 1 1 9 7 12 1 1 1 9 12 1 1 9 12 1 1 10 7 12 1 1 7 1 9 12 1 9 12 1 1 7 1 9 12 1 1 9 12 1 10 100 12 1 1 10 100 12 1 1 1 10 12 1 1 10 12 1 8 1 100 1 8 1 10 12 1 10 11 12 1 1 10 100 12 1 1 1 10 12 1 1 8 1 11 8 1 10 12 1 8 1 8 1 8 1 10 12 1 8 1 8 1 1 1 1 1 1 1 1 100 1 1 100 1 1 1 1 1 1 1 1 1 1 1 1 1 1 1 1 1 1 1 100 1 1 1
instanceKlass jdk/internal/loader/BuiltinClassLoader
ciInstanceKlass java/security/SecureClassLoader 1 1 99 10 7 12 1 1 1 7 1 10 12 1 9 7 12 1 1 1 10 12 1 10 12 1 10 12 1 1 10 12 1 1 10 12 1 7 1 10 7 1 10 12 1 7 1 10 12 1 11 7 12 1 1 1 7 1 11 12 1 10 12 1 1 1 1 1 1 1 1 1 1 1 1 1 1 1 1 1 1 1 1 1 1 1 1 1 1 1 1 1 1 1 1 1 1 1 1 1 1
ciInstanceKlass java/net/URL 1 1 736 10 7 12 1 1 1 10 12 1 10 7 12 1 1 9 12 1 1 9 12 1 10 12 1 1 9 12 1 1 10 7 12 1 1 1 8 1 10 12 1 1 100 1 10 10 12 1 1 8 1 10 12 1 1 9 12 1 100 1 8 1 10 12 1 10 12 1 8 1 9 12 1 10 12 1 1 9 12 1 10 12 1 10 12 1 9 12 1 9 12 1 8 1 9 12 1 10 12 1 1 8 1 9 12 1 1 10 12 1 1 10 7 12 1 1 1 8 1 10 12 1 7 1 10 12 1 10 12 1 10 12 1 10 12 1 1 10 12 1 1 8 1 10 12 1 1 10 12 1 8 1 9 12 1 8 1 10 12 1 10 7 12 1 1 1 100 1 10 12 1 10 12 1 1 10 7 12 1 1 1 100 1 8 1 10 10 12 1 8 1 10 12 1 1 10 12 1 10 12 1 10 12 1 10 12 1 10 12 1 10 12 1 8 1 10 12 1 8 1 10 10 100 1 10 10 12 1 8 1 10 7 12 1 1 1 10 12 1 9 12 1 1 10 12 1 10 100 12 1 1 1 100 1 10 12 1 10 12 1 10 12 1 10 12 1 10 12 1 10 12 10 10 12 1 8 1 100 1 10 100 12 1 1 1 10 12 1 1 10 12 1 10 12 1 1 8 1 9 100 12 1 1 1 10 100 12 1 1 1 10 12 1 10 12 1 10 7 12 1 1 1 10 12 1 1 10 12 1 9 12 1 1 9 12 1 1 100 1 8 1 10 9 12 1 1 10 7 12 1 1 8 1 10 7 12 1 1 8 1 10 12 1 1 10 12 1 8 1 8 1 10 7 12 1 1 1 100 1 10 7 12 1 1 1 10 12 1 10 12 1 9 7 12 1 1 1 10 7 12 1 1 10 12 1 1 10 12 1 8 1 7 1 10 7 12 1 1 1 10 12 1 1 11 7 12 1 1 11 12 1 10 12 1 10 12 1 8 9 7 12 1 1 1 10 12 1 1 10 12 1 10 12 1 1 10 7 12 1 1 11 7 1 10 12 1 10 12 1 9 12 1 10 12 1 1 10 100 12 1 1 10 100 12 1 1 1 8 10 100 12 1 1 100 1 10 8 8 10 12 1 8 8 8 100 1 10 12 1 9 12 1 1 10 12 1 10 12 1 1 10 12 1 10 12 10 12 1 1 10 12 1 1 10 10 10 12 1 10 12 1 10 12 1 10 12 1 10 12 1 10 10 12 1 100 1 8 1 10 10 10 12 1 1 10 12 1 10 12 1 1 8 1 7 1 10 10 7 1 10 12 1 9 7 12 1 1 1 9 12 1 1 7 1 10 10 7 12 1 1 1 100 1 1 1 1 1 5 0 1 1 1 1 1 1 1 1 1 1 1 1 1 1 1 1 1 1 1 1 1 1 1 1 1 1 1 1 1 1 1 1 1 1 1 1 1 1 1 1 1 1 1 1 1 1 100 1 1 1 1 1 1 1 1 1 1 1 1 1 1 1 1 1 1 1 1 1 1 1 1 1 1 1 1 1 1 1 1 1 1 1 1 100 1 1 1 1 1 1 1 1 1 1 1 1 1 1 1 1 1 1 1 1 1 1 1 100 1 1 1 1 1 1 1 1 1 1 1 1 1 1 1 1 1 1 1
staticfield java/net/URL defaultFactory Ljava/net/URLStreamHandlerFactory; java/net/URL$DefaultFactory
staticfield java/net/URL handlers Ljava/util/Hashtable; java/util/Hashtable
staticfield java/net/URL streamHandlerLock Ljava/lang/Object; java/lang/Object
staticfield java/net/URL serialPersistentFields [Ljava/io/ObjectStreamField; 7 [Ljava/io/ObjectStreamField;
ciInstanceKlass java/util/jar/Manifest 1 1 320 10 7 12 1 1 1 7 1 10 9 7 12 1 1 1 7 1 10 9 12 1 1 9 12 1 1 10 12 1 10 12 1 1 10 12 1 1 10 12 1 1 10 12 1 1 11 7 1 11 12 1 1 10 12 1 1 10 100 12 1 1 1 100 1 100 1 10 8 1 10 12 1 1 10 12 1 1 10 12 1 10 12 1 11 100 1 10 12 1 10 12 1 1 11 12 1 1 10 12 1 11 12 1 1 11 100 12 1 1 1 11 100 12 1 1 11 12 1 1 100 1 10 12 1 8 1 11 12 1 100 1 10 12 1 1 11 12 1 10 12 1 10 12 1 10 9 100 12 1 1 1 10 12 1 1 10 100 12 1 10 12 1 10 12 1 9 100 12 1 1 1 8 1 10 12 1 8 1 8 1 7 1 10 12 1 10 12 1 10 12 1 1 100 1 8 1 10 12 1 1 8 1 10 10 12 1 1 8 1 10 12 1 1 10 100 12 1 1 1 10 12 1 10 11 12 1 1 10 12 1 1 10 100 12 1 1 1 10 12 1 1 10 12 1 10 12 1 1 11 10 12 1 11 10 12 1 100 1 1 1 1 1 1 1 1 1 1 1 1 1 1 1 1 1 1 1 1 1 1 1 1 1 1 1 1 1 1 1 1 1 1 1 100 1 1 1 1 1 1 1 1 1 1 1 1 1 1 100 1 1 1 1 1 1 1 1 1 1 1
ciInstanceKlass java/io/ByteArrayInputStream 1 1 135 10 7 12 1 1 1 9 7 12 1 1 1 9 12 1 1 9 12 1 9 12 1 10 7 12 1 1 1 10 7 12 1 1 1 10 7 12 1 1 1 10 100 12 1 1 1 10 12 1 1 10 100 12 1 1 1 100 1 100 1 100 1 3 10 100 1 10 100 12 1 1 1 9 12 1 1 100 1 10 10 7 12 1 1 1 1 1 1 1 1 1 1 1 1 1 1 1 1 1 1 1 1 1 1 1 1 1 1 1 1 1 1 1 1 1 1 1 100 1 100 1 1 1 1 1 1 1 1 1 1 1 1 1 1
staticfield java/io/ByteArrayInputStream $assertionsDisabled Z 1
instanceKlass java/nio/DoubleBuffer
instanceKlass java/nio/FloatBuffer
instanceKlass java/nio/ShortBuffer
instanceKlass java/nio/IntBuffer
instanceKlass java/nio/CharBuffer
instanceKlass java/nio/LongBuffer
instanceKlass java/nio/ByteBuffer
ciInstanceKlass java/nio/Buffer 1 1 259 100 1 10 7 12 1 1 1 9 7 12 1 1 1 9 12 1 9 12 1 1 9 12 1 9 12 1 1 10 12 1 1 10 12 1 1 10 12 100 1 100 1 10 8 1 10 12 1 1 10 12 1 8 1 8 1 10 12 1 1 10 12 1 8 1 9 12 1 1 100 1 8 1 10 12 1 8 1 8 1 9 12 10 12 1 8 1 8 1 8 1 10 12 1 8 1 8 1 8 1 100 1 10 100 1 10 100 1 10 9 12 1 1 10 7 12 1 1 1 100 1 10 12 1 1 10 12 1 10 100 12 1 1 10 7 12 1 1 1 10 7 12 1 1 1 9 12 1 1 10 7 12 1 1 1 9 12 1 1 7 1 10 10 12 1 1 7 1 10 10 7 12 1 1 1 1 1 3 1 1 1 1 1 1 1 1 1 1 1 1 1 1 100 1 1 1 1 1 1 1 100 1 1 1 1 1 1 1 1 1 1 1 1 1 1 1 1 1 1 1 1 1 1 1 1 1 1 1 1 1 1 1 1 1 1 1 1 1 1 1 1 1 1 100 1 100 1 100 1 100 1 100 1 100 1 100 1 1
staticfield java/nio/Buffer UNSAFE Ljdk/internal/misc/Unsafe; jdk/internal/misc/Unsafe
staticfield java/nio/Buffer SCOPED_MEMORY_ACCESS Ljdk/internal/misc/ScopedMemoryAccess; jdk/internal/misc/ScopedMemoryAccess
staticfield java/nio/Buffer IOOBE_FORMATTER Ljava/util/function/BiFunction; jdk/internal/util/Preconditions$4
staticfield java/nio/Buffer $assertionsDisabled Z 1
ciInstanceKlass java/lang/AssertionStatusDirectives 0 0 24 10 100 12 1 1 1 100 1 1 1 1 1 1 1 1 1 1 1 1 1 1 1 1
instanceKlass jdk/internal/misc/ThreadTracker$ThreadRef
instanceKlass com/google/firebase/rules/runtime/evaluators/EventRuleEvaluator$EventRuleMatch
instanceKlass com/google/firebase/rules/eventflow/client/path/Path
instanceKlass com/google/firebase/rules/runtime/evaluators/EventRuleEvaluator$EventRuleContext
instanceKlass com/google/firebase/rules/runtime/evaluators/EventRuleEvaluator$Flow
instanceKlass com/google/cloud/datastore/core/write/Mutation$VersionPrecondition$MaxVersion
instanceKlass com/google/cloud/datastore/core/write/Mutation$VersionPrecondition$ExactVersion
instanceKlass com/google/cloud/datastore/core/rep/Condition$UnaryPropertyCondition
instanceKlass com/google/cloud/datastore/core/rep/Condition$CompositeCondition
instanceKlass com/google/cloud/datastore/core/rep/PropertyPathWithDirection
instanceKlass com/google/cloud/datastore/core/rep/PropertyPathSegment$Index
instanceKlass com/google/cloud/datastore/core/rep/PropertyPathSegment$AllArrayElements
instanceKlass com/google/firebase/rules/runtime/tracking/PermissionTrace
instanceKlass com/google/firebase/rules/runtime/common/ExecutionContext
instanceKlass com/google/firebase/rules/runtime/common/EvaluationRestrictions
instanceKlass com/google/firebase/rules/runtime/evaluators/AuthRuleEvaluator$RuleContext
instanceKlass com/google/cloud/datastore/core/rep/Condition$PropertyValueCondition
instanceKlass com/google/cloud/datastore/core/rep/IndexValue$RequestTimestamp
instanceKlass com/google/cloud/datastore/core/number/decimal128/Decimal128$IsOther
instanceKlass com/google/cloud/datastore/core/number/decimal128/Decimal128$IsZero
instanceKlass com/google/cloud/datastore/core/number/decimal128/Decimal128$IsInfinite
instanceKlass com/google/cloud/datastore/core/number/decimal128/Decimal128$IsNaN
instanceKlass jdk/internal/classfile/impl/AbstractInstruction$SwitchCaseImpl
instanceKlass com/google/cloud/datastore/core/rep/path/PathElement
instanceKlass com/google/firebase/rules/utils/ResourceNameUtils$ProjectReference
instanceKlass com/google/firebase/rules/utils/ResourceNameUtils$ReleaseReference
instanceKlass com/google/cloud/datastore/core/rep/PartitionRef
instanceKlass com/google/cloud/datastore/core/rep/EntityRef
instanceKlass com/google/cloud/datastore/core/rep/path/Path
instanceKlass com/google/firebase/rules/lang/semantic/type/ExpressionResolverResult
instanceKlass com/google/firebase/rules/lang/semantic/type/ExpressionResolverRunner
instanceKlass com/google/firebase/rules/lang/semantic/scope/functions/CycleAndDepthGuard
instanceKlass com/google/firebase/rules/lang/semantic/scope/functions/DescriptorFunctionResolver
instanceKlass com/google/firebase/rules/lang/type/FunctionDescriptor
instanceKlass com/google/firebase/rules/lang/type/FieldDescriptor
instanceKlass com/google/firebase/rules/lang/type/PermissionDescriptor
instanceKlass com/google/firebase/rules/lang/type/ServiceDescriptor
instanceKlass com/google/firebase/rules/lang/ModuleQualifier$Module
instanceKlass com/google/firebase/rules/lang/common/FirebaseRulesLangOptions
instanceKlass com/google/cloud/datastore/core/hyperstore/ast/ExprLiteral
instanceKlass com/google/cloud/datastore/core/hyperstore/ast/ExprFunction
instanceKlass com/google/cloud/datastore/core/hyperstore/ast/ExprSubquery
instanceKlass com/google/cloud/datastore/core/hyperstore/ast/ExprVariableRef
instanceKlass com/google/cloud/datastore/core/hyperstore/ast/ExprPropertyRef
instanceKlass com/google/cloud/datastore/core/rep/PropertyPathSegment$Member
instanceKlass jdk/net/UnixDomainPrincipal
instanceKlass java/nio/DirectByteBuffer$Deallocator
instanceKlass sun/util/locale/LanguageTag
instanceKlass java/util/Formatter$FixedString
instanceKlass jdk/internal/classfile/impl/StackCounter$Target
instanceKlass jdk/internal/classfile/impl/StackMapDecoder$StackMapFrameImpl
instanceKlass jdk/internal/classfile/impl/StackMapDecoder$ObjectVerificationTypeInfoImpl
instanceKlass java/lang/reflect/Proxy$ProxyBuilder$ProxyClassContext
instanceKlass java/lang/ClassValue$Version
instanceKlass java/util/stream/Collectors$CollectorImpl
instanceKlass java/lang/invoke/StringConcatFactory$InlineHiddenClassStrategy$MethodHandlePair
instanceKlass java/lang/invoke/MethodHandles$Lookup$ClassDefiner
instanceKlass jdk/internal/classfile/impl/ClassHierarchyImpl$ClassHierarchyInfoImpl
instanceKlass java/lang/classfile/ClassHierarchyResolver$1Factory
instanceKlass jdk/internal/classfile/impl/RawBytecodeHelper$CodeRange
instanceKlass jdk/internal/classfile/impl/StackMapGenerator$Type
instanceKlass jdk/internal/classfile/impl/Util$1WithCodeMethodHandler
instanceKlass jdk/internal/classfile/impl/DirectCodeBuilder$DeferredLabel
instanceKlass java/lang/invoke/InvokerBytecodeGenerator$ClassData
instanceKlass jdk/internal/classfile/impl/AnnotationImpl
instanceKlass java/security/SecureClassLoader$CodeSourceKey
instanceKlass java/util/zip/ZipFile$EntryPos
instanceKlass sun/nio/fs/WindowsPathParser$Result
instanceKlass jdk/internal/reflect/ReflectionFactory$Config
instanceKlass jdk/internal/foreign/abi/UpcallLinker$CallRegs
instanceKlass jdk/internal/foreign/abi/VMStorage
ciInstanceKlass java/lang/Record 1 1 22 10 7 12 1 1 1 100 1 1 1 1 1 1 1 1 1 1 1 1 1 1
ciInstanceKlass java/util/concurrent/ConcurrentHashMap 1 1 1219 100 1 7 1 10 7 12 1 1 1 10 12 1 1 9 12 1 1 3 10 7 12 1 1 1 3 100 1 10 7 12 1 1 1 100 1 10 100 12 1 1 1 100 1 11 12 1 1 11 12 1 11 12 1 1 9 12 1 1 9 12 1 9 12 1 1 10 7 12 1 1 1 7 1 10 12 1 1 10 12 1 1 10 7 12 1 1 1 4 10 12 1 11 7 12 1 1 10 12 1 10 12 1 1 100 1 10 5 0 10 12 1 9 12 1 10 12 1 1 5 0 10 12 1 10 12 1 9 12 1 1 10 12 1 1 9 12 1 9 12 1 1 10 12 1 1 9 12 1 10 12 1 1 9 12 1 1 10 12 1 1 100 1 10 100 1 10 12 1 10 12 1 1 10 12 1 1 10 12 1 1 10 12 1 10 12 1 1 10 12 1 1 100 1 10 12 1 1 7 1 100 1 8 1 10 12 1 10 12 1 1 10 12 1 1 10 10 12 1 11 12 1 1 11 7 12 1 1 1 11 7 12 1 1 1 11 12 1 7 1 11 12 1 11 12 1 10 12 1 1 10 12 1 1 9 12 1 1 10 100 12 1 1 1 9 10 12 1 1 9 12 1 10 12 1 1 5 0 9 12 1 1 7 1 10 12 1 9 12 1 1 7 1 10 12 1 9 12 1 7 1 10 100 1 10 10 12 1 1 8 1 10 12 1 10 12 1 1 11 100 1 10 12 1 10 100 12 1 1 1 8 1 10 100 12 1 1 1 8 1 10 12 1 8 1 10 12 1 10 12 1 1 10 100 12 1 1 10 12 1 10 12 1 10 12 1 9 12 1 9 10 12 1 9 12 1 11 100 12 1 1 1 11 7 12 1 1 1 100 1 10 12 11 100 12 1 1 10 11 7 12 1 10 12 1 100 1 10 12 1 100 1 10 10 9 7 12 1 1 1 3 10 100 12 1 1 9 12 1 10 12 1 1 9 12 1 1 9 12 1 10 12 1 1 10 100 12 1 1 9 12 1 9 7 12 1 1 10 12 1 1 10 12 1 3 9 12 1 9 12 1 10 12 1 1 7 1 9 3 100 1 10 12 1 9 12 1 10 12 1 9 12 1 10 12 1 9 12 1 10 100 12 1 1 1 100 10 12 1 100 1 5 0 10 100 12 1 1 100 1 10 12 1 1 10 12 1 10 12 1 100 1 10 12 1 10 100 1 100 1 10 10 12 1 10 100 1 10 12 1 10 100 1 10 12 1 10 100 1 10 12 1 1 100 1 10 12 1 10 10 12 1 100 1 10 12 1 10 10 12 1 100 1 10 12 1 10 100 1 10 12 1 10 100 1 10 12 1 10 100 1 10 12 1 10 100 1 10 12 1 10 100 1 10 12 1 10 100 1 10 12 1 10 100 1 10 12 1 10 100 1 10 10 100 1 10 10 100 1 10 10 100 1 10 12 1 10 100 1 10 12 1 10 100 1 10 12 1 10 100 1 10 12 1 10 100 1 10 12 1 10 100 1 10 10 100 1 10 10 100 1 10 10 100 1 10 12 1 10 100 1 10 12 1 10 100 1 10 12 1 10 100 1 10 12 1 10 100 1 10 12 1 10 10 12 1 10 12 1 7 1 7 1 10 12 1 9 12 1 1 9 12 1 1 10 12 1 1 8 10 12 1 1 8 8 8 8 7 10 12 1 1 10 12 1 1 100 1 8 1 10 7 1 100 1 100 1 1 1 5 0 1 1 3 1 3 1 1 1 1 3 1 3 1 3 1 1 1 1 1 3 1 3 1 3 1 1 1 1 1 1 1 1 1 1 1 1 1 1 1 1 1 1 1 1 1 1 1 1 1 1 1 100 1 1 1 1 1 1 1 1 1 1 1 1 1 1 1 1 1 1 1 1 1 1 1 1 1 1 1 1 1 1 1 1 1 1 1 1 1 1 1 1 1 1 1 1 1 1 1 1 1 1 1 1 1 1 1 1 1 1 1 1 1 1 1 1 1 1 1 1 1 1 1 1 1 1 1 1 1 1 1 1 1 1 1 1 100 1 1 1 1 1 1 1 1 1 1 1 100 1 1 1 1 1 1 1 1 1 1 1 1 1 1 1 1 1 1 1 1 1 1 1 1 1 1 1 1 1 1 1 1 1 1 1 1 1 1 1 1 1 1 1 1 1 1 1 1 1 1 1 1 1 1 1 1 1 1 1 1 1 1 1 1 1 1 1 1 1 1 1 1 1 1 1 1 1 1 1 1 1 1 1 1 1 1 1 1 1 1 1 1 1 1 1 1 1 1 1 1 1 1 1 1 1 1 1 1 1 1 1 1 1 1 1 1 1 1 1 1 1 1 1 1 1 1 1 1 1 1 1 1 1 1 1 1 1 1 1 1 1 1 1 1 1 1 1 1 1 1 1 1 1 1 1 1 1 1 1 1 1 1 1 1 1 1 1 1 1 1 1 1 1 1 1 1 1 1 1 1 1 1 1 1 1 1 1 1 1 1 1 1 1 1 1 1 1 1 1 1 1 1 1 1 1 1 1 1 1 1 1 1 1 1 1 1 1 1 1 1 1 1 1 100 1 100 1 100 1 100 1 100 1 100 1 100 1 100 1 100 1 1 1 1 1 1 1 1 1 1 1 1 1 1 1 1 1 1 1 1 1 1 1 1 1 1 1 1 1 1 1 1 1 1 1 1 1 1 1 1 1 1 1 1 1 1 1 1 1 1 1 1 1 1 1 1 1 1
staticfield java/util/concurrent/ConcurrentHashMap serialPersistentFields [Ljava/io/ObjectStreamField; 3 [Ljava/io/ObjectStreamField;
staticfield java/util/concurrent/ConcurrentHashMap U Ljdk/internal/misc/Unsafe; jdk/internal/misc/Unsafe
staticfield java/util/concurrent/ConcurrentHashMap SIZECTL J 44
staticfield java/util/concurrent/ConcurrentHashMap TRANSFERINDEX J 56
staticfield java/util/concurrent/ConcurrentHashMap BASECOUNT J 48
staticfield java/util/concurrent/ConcurrentHashMap CELLSBUSY J 60
staticfield java/util/concurrent/ConcurrentHashMap CELLVALUE J 144
staticfield java/util/concurrent/ConcurrentHashMap ABASE J 16
staticfield java/util/concurrent/ConcurrentHashMap ASHIFT I 2
instanceKlass com/google/api/client/util/DataMap
instanceKlass com/google/api/client/util/ArrayMap
instanceKlass com/google/api/client/util/GenericData
instanceKlass com/google/protobuf/Internal$MapAdapter
instanceKlass java/util/Collections$SingletonMap
instanceKlass com/google/common/cache/LocalCache
instanceKlass com/google/gson/internal/LinkedTreeMap
instanceKlass com/google/common/flogger/context/Tags$LightweightTagMap
instanceKlass com/google/protobuf/SmallSortedMap
instanceKlass com/google/common/collect/Maps$IteratorBasedAbstractMap
instanceKlass java/util/TreeMap$NavigableSubMap
instanceKlass com/google/common/collect/Maps$ViewCachingAbstractMap
instanceKlass com/google/common/collect/MapMakerInternalMap
instanceKlass java/util/concurrent/ConcurrentSkipListMap
instanceKlass java/util/TreeMap
instanceKlass java/util/EnumMap
instanceKlass java/util/IdentityHashMap
instanceKlass java/util/WeakHashMap
instanceKlass java/util/Collections$EmptyMap
instanceKlass sun/util/PreHashedMap
instanceKlass java/util/HashMap
instanceKlass java/util/ImmutableCollections$AbstractImmutableMap
instanceKlass java/util/concurrent/ConcurrentHashMap
ciInstanceKlass java/util/AbstractMap 1 1 198 10 7 12 1 1 1 10 7 12 1 1 1 11 7 12 1 1 1 10 11 12 1 1 11 7 12 1 1 1 11 12 1 1 7 1 11 12 1 10 12 1 1 11 12 1 100 1 10 11 12 1 11 7 1 10 12 1 1 11 12 1 9 12 1 1 7 1 10 12 1 9 12 1 1 100 1 10 11 11 12 1 1 11 12 1 100 1 100 1 11 12 1 8 1 100 1 10 10 12 1 1 8 1 10 12 1 10 12 1 1 10 12 1 1 1 1 1 1 1 1 1 1 1 1 1 1 1 1 1 1 1 1 1 1 1 1 1 1 1 1 1 1 1 1 1 1 1 1 1 1 1 1 100 1 1 1 1 1 1 1 100 1 1 1 1 1 1 1 1 1 100 1 1 1 1 1 1 1 1 1 100 1 100 1 100 1 100 1 100 1 1 1 1 1 1 1 1
ciMethod java/util/concurrent/ConcurrentHashMap get (Ljava/lang/Object;)Ljava/lang/Object; 512 38 5415 0 640
ciInstanceKlass java/util/concurrent/ConcurrentMap 1 1 201 11 100 12 1 1 1 10 100 12 1 1 11 12 1 1 11 100 12 1 1 1 11 100 12 1 1 1 11 12 1 1 100 1 11 12 1 11 12 1 100 1 11 100 12 1 1 1 18 12 1 11 12 1 1 11 100 12 1 1 11 12 1 1 11 100 12 1 11 12 1 1 11 12 1 1 100 1 100 1 1 1 1 1 1 1 1 1 1 1 1 1 1 1 1 1 1 1 1 1 1 1 1 1 1 1 1 1 1 1 1 1 1 1 1 1 1 1 1 1 1 1 1 1 1 1 1 1 1 1 1 1 1 1 1 1 1 1 1 16 15 11 12 15 10 100 12 1 1 1 1 1 100 1 100 1 1 1 100 1 8 1 1 12 10 1 8 1 1 1 8 1 8 1 1 8 1 1 1 8 1 1 1 8 1 1 8 1 8 1 1 1 8 1 1 8 1 1 1 8 1
ciInstanceKlass java/util/Collection 1 1 115 11 7 12 1 1 1 7 1 11 7 12 1 1 1 10 100 12 1 1 1 11 12 1 1 11 100 12 1 1 1 11 12 1 1 11 100 12 1 1 1 11 12 1 1 10 100 12 1 1 1 11 12 1 10 7 12 1 1 1 100 1 100 1 1 1 1 1 1 1 1 1 1 1 1 1 1 1 1 1 1 1 1 1 1 1 1 1 1 1 1 1 1 1 1 1 1 1 1 1 1 1 1 1 1 1 1 1 1 1 1 1 1 1 1
instanceKlass jdk/internal/loader/ClassLoaders$BootClassLoader
instanceKlass jdk/internal/loader/ClassLoaders$PlatformClassLoader
instanceKlass jdk/internal/loader/ClassLoaders$AppClassLoader
ciInstanceKlass jdk/internal/loader/BuiltinClassLoader 1 1 652 9 7 12 1 1 1 10 7 12 1 1 1 10 7 12 1 1 1 9 12 1 1 9 12 1 1 7 1 10 12 1 9 12 1 10 12 1 9 12 1 10 7 12 1 1 1 10 7 12 1 1 1 10 100 12 1 1 1 11 7 12 1 1 1 100 1 100 1 10 10 12 1 1 8 1 10 12 1 10 12 7 1 10 12 1 10 12 1 1 11 100 12 1 1 1 11 7 12 1 1 1 11 12 1 1 7 1 8 1 8 1 10 9 12 1 1 10 7 12 1 1 11 12 1 1 10 12 1 1 10 12 1 1 10 12 1 1 11 7 12 1 1 1 10 7 12 1 1 100 1 10 100 12 1 1 1 10 7 12 1 1 1 10 12 1 10 12 1 100 1 8 1 10 12 1 1 10 8 1 10 12 1 1 10 12 1 1 10 12 1 1 11 7 12 1 1 11 12 1 7 1 10 11 12 1 1 11 10 12 1 1 7 1 10 12 1 10 7 12 1 10 12 1 11 12 1 1 11 7 1 11 12 1 100 1 10 12 1 1 100 1 100 1 11 12 1 1 10 12 1 10 12 10 12 1 10 7 12 1 1 1 7 1 10 10 12 1 1 10 12 1 1 10 12 1 1 10 12 1 9 12 1 1 100 1 10 10 12 1 1 10 12 1 1 10 12 1 10 12 10 12 1 1 10 12 1 1 10 12 1 1 10 12 1 10 12 1 1 10 12 1 1 10 12 1 10 12 1 1 10 12 1 7 1 10 12 10 7 12 1 1 1 10 12 1 11 12 1 7 1 10 12 1 7 1 100 1 10 12 1 10 12 1 11 12 1 1 10 12 1 1 10 12 1 1 10 12 1 1 10 12 1 1 10 12 1 10 12 1 10 12 1 10 12 1 8 1 10 12 1 1 10 7 12 1 1 10 12 1 100 1 8 1 8 1 10 10 12 1 8 1 8 1 10 7 12 1 1 1 11 7 12 1 1 1 9 7 12 1 1 1 10 7 12 1 1 1 9 12 1 9 12 1 9 12 1 9 12 1 9 12 1 9 12 1 10 7 12 1 1 1 8 1 10 12 1 7 1 10 11 12 1 1 10 12 10 12 1 10 12 1 100 1 10 12 1 10 12 1 11 11 12 1 10 7 12 1 1 10 7 12 1 1 8 1 10 7 12 1 1 10 12 1 1 1 1 1 1 1 1 1 1 1 1 1 1 1 1 1 1 1 1 1 1 1 1 1 1 1 1 1 1 1 1 1 1 1 1 1 1 1 1 1 1 1 1 1 1 1 1 1 1 1 1 1 1 1 100 1 1 1 1 1 1 1 1 1 1 1 1 1 100 1 100 1 1 1 1 1 1 1 1 1 1 1 1 1 1 1 1 1 1 1 1 1 1 1 1 1 1 1 1 1 1 1 1 1 1 1 1 1 1 1 1 1 1 1 1 1 1 1 100 1 1 1 100 1 1 1 1 1
staticfield jdk/internal/loader/BuiltinClassLoader packageToModule Ljava/util/Map; java/util/concurrent/ConcurrentHashMap
staticfield jdk/internal/loader/BuiltinClassLoader $assertionsDisabled Z 1
ciInstanceKlass jdk/internal/loader/ClassLoaders$AppClassLoader 1 1 57 8 1 10 7 12 1 1 1 10 100 12 1 1 1 10 12 1 1 10 7 12 1 1 1 100 1 10 12 1 1 1 1 1 1 1 1 1 1 1 1 1 1 1 1 1 1 1 1 1 1 1 1 100 1 1 1
ciInstanceKlass jdk/internal/loader/ClassLoaders$PlatformClassLoader 1 1 42 8 1 10 7 12 1 1 1 10 7 12 1 1 1 100 1 10 12 1 100 1 1 1 1 1 1 1 1 1 1 1 1 1 1 100 1 1 1 100 1 1
ciInstanceKlass java/lang/ArithmeticException 1 1 26 10 100 12 1 1 1 10 12 1 100 1 1 1 1 5 0 1 1 1 1 1 1 1 1 1
instanceKlass com/google/net/http/HttpTransactionException
instanceKlass com/google/firebase/firebear/client/JwtVerificationException
instanceKlass com/google/firebase/rules/exceptions/FirebaseRulesBaseException
instanceKlass com/google/firebase/rules/runtime/impl/comparison/Comparison$UnsupportedEqualityException
instanceKlass com/google/firebase/rules/runtime/common/EvaluationException
instanceKlass com/google/firebase/rules/lang/common/UrlEncoder$UrlDecodingException
instanceKlass java/util/zip/DataFormatException
instanceKlass io/netty/handler/codec/http2/Http2Exception
instanceKlass java/lang/CloneNotSupportedException
instanceKlass java/security/PrivilegedActionException
instanceKlass io/gapi/emulators/util/ResetException
instanceKlass com/google/protobuf/Descriptors$DescriptorValidationException
instanceKlass io/grpc/StatusException
instanceKlass javax/naming/NamingException
instanceKlass io/opencensus/trace/propagation/SpanContextParseException
instanceKlass java/text/ParseException
instanceKlass io/opencensus/tags/propagation/TagContextSerializationException
instanceKlass com/google/common/collect/RegularImmutableMap$BucketOverflowException
instanceKlass com/google/common/flags/FlagException
instanceKlass sun/security/pkcs11/wrapper/PKCS11Exception
instanceKlass java/security/GeneralSecurityException
instanceKlass java/util/concurrent/TimeoutException
instanceKlass java/util/concurrent/ExecutionException
instanceKlass java/net/URISyntaxException
instanceKlass com/google/protobuf/Utf8$UnpairedSurrogateException
instanceKlass java/lang/InterruptedException
instanceKlass com/google/cloud/datastore/core/exception/DatastoreException
instanceKlass java/io/IOException
instanceKlass java/lang/ReflectiveOperationException
instanceKlass java/lang/RuntimeException
ciInstanceKlass java/lang/Exception 1 1 40 10 7 12 1 1 1 10 12 1 10 12 1 10 12 1 10 12 1 100 1 1 1 1 5 0 1 1 1 1 1 1 1 1 1 1 1 1 1 1
instanceKlass com/google/cloud/datastore/emulator/impl/storage/StoredEntity$History$GarbageCollectedException
instanceKlass com/ibm/icu/util/ICUUncheckedIOException
instanceKlass kotlin/UninitializedPropertyAccessException
instanceKlass kotlin/NoWhenBranchMatchedException
instanceKlass com/google/common/cache/CacheLoader$InvalidCacheLoadException
instanceKlass java/util/MissingResourceException
instanceKlass com/google/firebase/rules/lang/semantic/type/ExpressionResolverUtil$TypeCheckInterruptedException
instanceKlass java/util/EmptyStackException
instanceKlass org/antlr/v4/runtime/RecognitionException
instanceKlass com/google/cloud/datastore/emulator/impl/util/StreamTransportClosedException
instanceKlass com/google/common/util/concurrent/UncheckedExecutionException
instanceKlass com/google/gson/JsonParseException
instanceKlass io/netty/handler/codec/CodecException
instanceKlass java/util/ConcurrentModificationException
instanceKlass com/google/common/flogger/parser/ParseException
instanceKlass sun/net/httpserver/HttpError
instanceKlass io/grpc/StatusRuntimeException
instanceKlass com/google/common/base/VerifyException
instanceKlass com/google/re2j/PatternSyntaxException
instanceKlass com/google/common/flags/MalformedFlagDescriptionException
instanceKlass com/google/io/base/IORuntimeException
instanceKlass java/lang/MatchException
instanceKlass java/security/ProviderException
instanceKlass io/netty/channel/ChannelException
instanceKlass java/util/concurrent/RejectedExecutionException
instanceKlass java/util/NoSuchElementException
instanceKlass java/nio/BufferOverflowException
instanceKlass java/nio/BufferUnderflowException
instanceKlass java/io/UncheckedIOException
instanceKlass com/google/protobuf/UninitializedMessageException
instanceKlass com/google/protobuf/RuntimeVersion$ProtobufRuntimeVersionException
instanceKlass java/lang/UnsupportedOperationException
instanceKlass java/lang/reflect/UndeclaredThrowableException
instanceKlass com/beust/jcommander/ParameterException
instanceKlass java/lang/SecurityException
instanceKlass java/lang/IllegalStateException
instanceKlass com/google/common/flogger/backend/LoggingException
instanceKlass java/lang/IllegalArgumentException
instanceKlass java/lang/IndexOutOfBoundsException
instanceKlass java/lang/ArithmeticException
instanceKlass java/lang/NullPointerException
instanceKlass java/lang/IllegalCallerException
instanceKlass java/lang/IllegalMonitorStateException
instanceKlass java/lang/ArrayStoreException
instanceKlass java/lang/ClassCastException
ciInstanceKlass java/lang/RuntimeException 1 1 40 10 7 12 1 1 1 10 12 1 10 12 1 10 12 1 10 12 1 100 1 1 1 1 5 0 1 1 1 1 1 1 1 1 1 1 1 1 1 1
ciInstanceKlass java/lang/ArrayIndexOutOfBoundsException 1 1 45 10 100 12 1 1 1 10 12 1 100 1 10 8 1 10 12 1 1 10 12 1 10 12 1 1 100 1 1 1 1 5 0 1 1 1 1 1 1 1 1 1 1 1 1
ciInstanceKlass java/lang/ArrayStoreException 1 1 26 10 100 12 1 1 1 10 12 1 100 1 1 1 1 5 0 1 1 1 1 1 1 1 1 1
ciInstanceKlass java/lang/ClassCastException 1 1 26 10 100 12 1 1 1 10 12 1 100 1 1 1 1 5 0 1 1 1 1 1 1 1 1 1
ciInstanceKlass java/lang/ClassNotFoundException 1 1 96 7 1 10 7 12 1 1 1 10 12 1 10 12 1 1 10 100 12 1 1 1 8 1 10 100 12 1 1 1 10 7 12 1 1 10 100 12 1 1 1 10 100 12 1 1 1 10 12 1 1 7 1 10 12 1 9 12 1 1 1 1 1 5 0 1 1 1 1 1 1 1 1 1 1 1 1 1 1 1 1 1 1 100 1 1 1 1 1 1 1 1 1 1 1 1
staticfield java/lang/ClassNotFoundException serialPersistentFields [Ljava/io/ObjectStreamField; 1 [Ljava/io/ObjectStreamField;
instanceKlass java/lang/NoSuchFieldException
instanceKlass java/lang/NoSuchMethodException
instanceKlass java/lang/reflect/InvocationTargetException
instanceKlass java/lang/InstantiationException
instanceKlass java/lang/IllegalAccessException
instanceKlass java/lang/ClassNotFoundException
ciInstanceKlass java/lang/ReflectiveOperationException 1 1 34 10 7 12 1 1 1 10 12 1 10 12 1 10 12 1 100 1 1 1 1 5 0 1 1 1 1 1 1 1 1 1 1 1
ciInstanceKlass java/lang/IllegalCallerException 0 0 35 10 100 12 1 1 1 10 12 1 10 12 1 10 12 1 100 1 1 1 1 5 0 1 1 1 1 1 1 1 1 1 1 1 1
ciInstanceKlass java/lang/IllegalMonitorStateException 1 1 26 10 100 12 1 1 1 10 12 1 100 1 1 1 1 5 0 1 1 1 1 1 1 1 1 1
ciInstanceKlass java/lang/BootstrapMethodError 0 0 45 10 100 12 1 1 1 10 12 1 10 12 1 10 100 12 1 1 1 10 100 12 1 1 1 1 1 1 5 0 1 1 1 1 1 1 1 1 1 1 1 100 1 1 1
instanceKlass kotlin/NotImplementedError
instanceKlass com/google/common/util/concurrent/ExecutionError
instanceKlass io/netty/util/Signal
instanceKlass java/util/ServiceConfigurationError
instanceKlass java/lang/AssertionError
instanceKlass java/lang/VirtualMachineError
instanceKlass java/lang/LinkageError
ciInstanceKlass java/lang/Error 1 1 58 10 7 12 1 1 1 9 12 1 1 10 100 12 1 1 1 10 100 12 1 1 1 10 12 1 10 12 1 10 12 1 10 12 1 100 1 1 1 1 5 0 1 1 1 1 1 1 1 1 100 1 1 1 1 1 1 1
instanceKlass java/lang/UnsatisfiedLinkError
instanceKlass java/lang/IncompatibleClassChangeError
instanceKlass java/lang/ExceptionInInitializerError
instanceKlass java/lang/BootstrapMethodError
instanceKlass java/lang/NoClassDefFoundError
ciInstanceKlass java/lang/LinkageError 1 1 31 10 7 12 1 1 1 10 12 1 10 12 1 100 1 1 1 1 5 0 1 1 1 1 1 1 1 1 1 1 1
instanceKlass kotlin/KotlinNullPointerException
ciInstanceKlass java/lang/NullPointerException 1 1 52 10 100 12 1 1 1 10 12 1 9 100 12 1 1 1 10 12 1 1 9 12 1 1 10 12 1 1 10 12 1 1 1 1 5 0 1 1 1 1 1 1 1 1 100 1 100 1 100 1 1 1
ciInstanceKlass java/lang/InternalError 1 1 34 10 100 12 1 1 1 10 12 1 10 12 1 10 12 1 100 1 1 1 1 5 0 1 1 1 1 1 1 1 1 1 1 1
instanceKlass java/lang/StackOverflowError
instanceKlass java/lang/OutOfMemoryError
instanceKlass java/lang/InternalError
ciInstanceKlass java/lang/VirtualMachineError 1 1 34 10 100 12 1 1 1 10 12 1 10 12 1 10 12 1 100 1 1 1 1 5 0 1 1 1 1 1 1 1 1 1 1 1
ciInstanceKlass java/lang/NoClassDefFoundError 1 1 26 10 7 12 1 1 1 10 12 1 100 1 1 1 1 5 0 1 1 1 1 1 1 1 1 1
instanceKlass io/netty/util/internal/OutOfDirectMemoryError
ciInstanceKlass java/lang/OutOfMemoryError 1 1 26 10 100 12 1 1 1 10 12 1 100 1 1 1 1 5 0 1 1 1 1 1 1 1 1 1
ciInstanceKlass java/lang/StackOverflowError 1 1 26 10 100 12 1 1 1 10 12 1 100 1 1 1 1 5 0 1 1 1 1 1 1 1 1 1
ciInstanceKlass java/lang/StackTraceElement 1 1 235 10 7 12 1 1 1 10 7 12 1 1 9 12 1 1 9 12 1 1 9 12 1 9 12 1 8 1 10 7 12 1 1 1 7 1 9 12 1 8 1 9 12 1 9 12 1 9 12 1 1 10 12 1 1 10 12 1 8 1 10 7 12 1 1 1 7 1 10 12 1 10 12 1 1 10 12 1 10 12 1 1 10 12 1 10 12 1 10 10 12 1 8 1 10 12 1 10 12 1 1 10 12 1 1 10 12 1 10 12 1 10 12 1 9 12 1 1 10 7 12 1 1 1 10 12 1 1 7 1 10 12 1 1 10 7 12 1 1 10 7 12 1 1 1 10 7 12 1 1 10 7 12 1 1 10 10 12 1 1 10 12 1 1 10 12 1 1 10 12 1 100 1 1 1 1 1 1 1 3 1 3 1 1 5 0 1 1 1 1 1 1 1 1 1 1 1 1 1 1 1 1 1 1 1 1 1 1 1 1 1 1 1 1 1 100 1 100 1 1 1 1 1 1 1 100 1 1 1 1 1 1 1 1 1
instanceKlass java/util/concurrent/locks/AbstractQueuedLongSynchronizer
instanceKlass java/util/concurrent/locks/AbstractQueuedSynchronizer
ciInstanceKlass java/util/concurrent/locks/AbstractOwnableSynchronizer 1 1 32 10 7 12 1 1 1 9 7 12 1 1 1 100 1 1 1 1 5 0 1 1 1 1 1 1 1 1 1 1 1 1
ciInstanceKlass jdk/internal/vm/Continuation 1 1 551 9 7 12 1 1 1 9 12 1 9 12 1 9 12 1 100 1 100 1 10 12 1 1 8 1 10 12 1 1 10 12 1 10 12 1 1 10 12 1 9 7 12 1 1 1 11 100 12 1 1 1 10 100 1 9 12 1 1 9 12 1 1 10 8 1 10 12 1 9 12 1 1 10 11 12 1 1 100 1 10 100 12 1 1 1 10 12 1 1 10 12 1 10 12 1 1 11 12 1 1 9 12 1 1 10 12 1 1 18 12 1 1 10 100 12 1 1 1 100 1 10 12 1 11 100 12 1 1 1 10 12 1 9 12 1 10 12 1 1 100 1 8 1 10 12 1 10 12 1 1 9 12 1 1 11 12 1 1 9 12 1 1 8 1 10 11 12 1 1 11 12 1 1 10 12 1 1 10 12 1 1 9 12 1 10 12 1 10 10 12 1 8 1 10 12 1 8 1 8 1 10 7 12 1 1 1 10 100 12 1 1 1 10 12 1 9 12 1 11 12 1 100 1 10 12 1 10 12 1 1 9 12 1 1 100 1 10 12 1 1 9 12 1 1 10 12 1 10 12 1 11 100 12 1 1 10 7 1 10 12 1 8 1 10 12 1 1 9 12 1 1 10 7 12 1 1 8 1 8 1 8 1 8 1 10 12 1 1 10 12 1 10 12 1 10 12 1 10 12 1 1 10 12 1 1 8 1 9 12 1 10 12 1 1 9 12 1 1 10 12 1 1 9 12 1 8 1 10 100 12 1 1 1 10 12 1 8 1 100 1 8 1 10 9 12 1 1 8 1 10 100 12 1 1 10 100 12 1 1 8 1 8 1 10 12 10 12 1 1 10 100 1 10 100 12 1 1 1 18 11 100 12 1 1 1 18 12 1 11 12 1 1 100 1 10 7 12 1 1 10 12 1 1 8 10 12 1 1 10 7 12 1 1 1 10 7 12 1 1 10 12 1 8 1 10 12 1 100 1 100 1 10 12 1 1 1 1 1 1 1 1 1 1 1 1 1 1 1 1 1 1 1 1 1 1 1 1 1 1 1 1 1 1 1 1 1 1 1 1 1 1 1 1 1 1 1 1 1 1 1 1 1 1 1 1 1 1 1 1 1 1 1 1 1 1 1 1 1 1 1 1 1 1 1 1 1 1 1 1 100 1 1 16 1 15 10 12 16 15 11 100 12 1 1 1 16 1 16 1 15 10 12 16 15 10 100 12 1 1 1 1 1 1 1 1 100 1 100 1 1
staticfield jdk/internal/vm/Continuation U Ljdk/internal/misc/Unsafe; jdk/internal/misc/Unsafe
staticfield jdk/internal/vm/Continuation MOUNTED_OFFSET J 13
staticfield jdk/internal/vm/Continuation PRESERVE_SCOPED_VALUE_CACHE Z 1
staticfield jdk/internal/vm/Continuation JLA Ljdk/internal/access/JavaLangAccess; java/lang/System$1
staticfield jdk/internal/vm/Continuation $assertionsDisabled Z 1
ciInstanceKlass jdk/internal/misc/UnsafeConstants 1 1 34 10 100 12 1 1 1 9 7 12 1 1 1 9 12 1 9 12 1 1 9 12 1 9 12 1 1 1 1 1 1 1 1 1
staticfield jdk/internal/misc/UnsafeConstants ADDRESS_SIZE0 I 8
staticfield jdk/internal/misc/UnsafeConstants PAGE_SIZE I 4096
staticfield jdk/internal/misc/UnsafeConstants BIG_ENDIAN Z 0
staticfield jdk/internal/misc/UnsafeConstants UNALIGNED_ACCESS Z 1
staticfield jdk/internal/misc/UnsafeConstants DATA_CACHE_LINE_FLUSH_SIZE I 0
ciInstanceKlass java/lang/invoke/MethodHandleImpl 1 1 1424 10 7 12 1 1 1 7 1 10 7 12 1 1 1 10 7 12 1 1 1 100 1 10 8 1 10 12 1 1 10 12 1 10 12 1 1 10 7 12 1 1 1 9 7 12 1 1 1 10 100 12 1 1 1 100 1 10 12 1 1 10 12 1 1 10 12 1 1 10 7 12 1 1 1 9 7 12 1 1 1 10 7 12 1 1 1 100 1 10 9 12 1 1 9 12 1 10 12 1 1 10 12 1 10 12 1 1 10 12 1 1 10 12 1 1 8 1 8 1 10 12 1 1 10 12 1 1 10 12 1 1 10 12 1 1 10 12 1 10 12 1 1 10 7 12 1 1 1 10 12 1 7 1 10 7 12 1 1 1 10 12 1 1 10 12 1 1 11 7 12 1 1 1 11 7 12 1 1 11 12 1 1 7 1 11 12 1 10 12 1 1 10 12 1 1 11 12 1 10 7 12 1 1 10 12 1 1 10 7 12 1 1 10 12 1 10 12 1 1 10 7 12 1 1 1 10 7 12 1 1 1 10 12 1 1 10 12 1 1 9 7 12 1 1 1 10 10 12 1 1 10 12 1 1 10 10 12 1 1 10 12 1 1 10 7 12 1 1 1 10 12 1 1 10 12 1 10 12 1 10 7 12 1 1 1 10 7 12 1 1 1 10 12 1 1 10 12 1 10 12 1 10 12 1 10 12 1 1 10 12 1 10 12 1 1 10 12 1 10 12 1 8 1 100 1 10 12 1 10 12 1 1 10 12 1 10 12 1 1 10 12 1 1 7 1 10 12 1 100 1 8 1 10 12 1 10 7 12 1 1 1 8 1 10 12 1 10 7 12 1 1 1 100 1 9 7 1 10 12 1 1 10 12 1 1 9 12 1 10 12 1 1 10 7 12 1 1 10 12 1 1 10 12 1 1 10 12 1 10 12 1 7 1 10 12 1 1 9 12 1 1 10 12 1 9 7 12 1 1 1 11 7 12 1 1 7 1 9 12 1 7 1 10 12 1 10 12 1 1 7 1 10 12 1 1 10 12 1 1 10 7 12 1 1 1 10 12 1 1 10 12 1 10 12 1 1 10 12 1 10 12 1 1 10 12 1 7 1 9 7 12 1 1 1 10 12 1 10 12 1 9 7 12 1 1 1 10 12 1 1 10 12 1 1 10 12 1 10 7 12 1 1 10 100 12 1 1 1 9 12 1 10 12 1 9 12 10 12 1 10 12 1 10 12 1 10 12 1 1 10 12 1 10 12 1 1 10 12 1 10 12 1 1 10 12 1 1 10 12 1 1 10 12 1 10 12 1 10 12 1 1 10 12 1 10 7 12 1 1 10 12 1 10 100 12 1 1 8 1 10 8 1 100 1 10 9 12 1 100 1 10 12 1 8 1 10 10 12 1 10 10 12 1 1 10 12 1 1 10 12 1 10 12 1 100 1 8 1 10 12 1 10 100 12 1 1 1 10 12 1 1 10 12 1 10 12 1 7 1 10 12 1 10 12 1 10 12 1 1 7 1 10 12 1 10 7 12 1 1 10 12 1 9 12 1 10 12 1 1 10 12 1 1 100 1 10 10 12 1 8 1 8 1 9 12 1 8 1 8 1 8 1 9 12 1 10 12 1 1 9 12 1 1 10 12 1 8 1 9 7 1 10 12 1 1 10 12 1 8 1 8 1 8 1 100 1 100 1 8 8 1 8 1 100 1 8 1 100 1 10 12 1 7 1 10 10 7 12 1 1 1 10 12 1 10 12 10 12 1 10 12 1 11 100 12 1 1 1 18 12 1 11 100 12 1 1 1 18 18 12 1 11 12 1 1 10 12 1 1 10 12 1 10 12 1 11 12 1 9 12 1 9 12 10 10 12 1 1 9 12 1 1 11 12 1 1 18 12 1 1 11 12 1 1 11 12 1 1 10 12 1 11 100 1 10 12 1 10 12 1 10 12 1 9 12 1 9 12 10 12 1 10 7 12 1 1 1 10 12 1 10 12 1 1 10 12 1 10 12 9 12 1 1 10 12 1 10 12 1 1 9 12 1 9 12 1 10 12 1 10 12 1 1 10 12 1 100 1 10 12 1 9 12 1 1 11 100 1 9 12 1 9 12 11 12 1 9 12 1 10 12 10 12 1 1 10 12 1 1 9 7 12 1 1 10 12 1 10 12 1 10 12 1 1 7 1 10 12 1 10 12 1 1 100 1 10 12 1 1 10 12 1 1 100 1 10 12 1 1 10 12 1 1 10 12 1 10 12 1 10 12 1 9 12 1 10 12 1 10 12 1 1 9 7 12 1 1 1 8 10 12 1 1 8 1 10 12 1 8 1 8 1 8 1 8 1 8 1 8 1 100 1 8 1 8 1 10 12 1 9 12 1 10 12 1 1 1 1 1 3 1 1 3 1 3 1 3 1 3 1 3 1 3 1 3 1 3 1 1 1 1 1 1 1 1 1 3 1 3 1 1 1 1 1 1 1 1 1 1 1 1 1 1 1 1 1 1 1 1 1 1 1 1 1 1 1 1 1 1 1 1 1 1 1 1 1 1 1 1 1 1 1 1 1 1 1 1 1 1 1 1 1 1 1 1 1 1 1 1 1 1 1 1 1 1 1 1 1 1 1 1 1 1 1 1 1 1 1 1 1 1 1 1 1 1 1 1 1 1 1 1 1 1 1 1 1 1 1 1 1 1 1 100 1 1 1 1 1 1 1 1 1 1 1 1 1 1 1 1 1 1 1 1 1 1 1 1 1 1 1 1 1 1 1 1 1 1 1 1 1 1 1 1 1 1 1 1 1 1 1 1 1 1 1 1 1 1 1 1 1 1 1 1 1 1 1 1 1 1 1 1 1 1 1 1 1 1 1 1 1 1 1 1 1 1 1 1 1 1 1 1 1 1 1 1 1 1 1 1 1 1 1 1 1 1 1 1 1 1 1 1 1 1 1 1 1 1 1 1 1 1 1 1 1 1 1 1 1 1 1 1 1 1 1 1 1 1 1 1 1 1 1 1 1 1 1 1 1 1 1 1 1 1 1 1 1 1 1 1 1 1 1 1 1 1 1 1 1 1 1 1 1 100 1 100 1 100 1 100 1 100 1 100 1 100 1 1 16 15 10 12 16 15 16 16 1 15 10 12 16 16 15 10 12 16 15 10 100 12 1 1 1 1 1 1 1 1 1 1 1 1 1 1 1 1 1 1 1 1 1 1 1 1
staticfield java/lang/invoke/MethodHandleImpl ARRAYS [Ljava/lang/invoke/MethodHandle; 256 [Ljava/lang/invoke/MethodHandle;
staticfield java/lang/invoke/MethodHandleImpl NFS [Ljava/lang/invoke/LambdaForm$NamedFunction; 7 [Ljava/lang/invoke/LambdaForm$NamedFunction;
staticfield java/lang/invoke/MethodHandleImpl HANDLES [Ljava/lang/invoke/MethodHandle; 9 [Ljava/lang/invoke/MethodHandle;
staticfield java/lang/invoke/MethodHandleImpl $assertionsDisabled Z 1
instanceKlass java/lang/invoke/DelegatingMethodHandle
instanceKlass java/lang/invoke/BoundMethodHandle
instanceKlass java/lang/invoke/DirectMethodHandle
ciInstanceKlass java/lang/invoke/MethodHandle 1 1 734 100 1 9 7 12 1 1 1 10 7 12 1 1 1 10 7 12 1 1 1 7 1 7 1 10 12 1 1 9 12 1 1 10 12 1 10 12 1 1 10 12 1 1 10 100 12 1 1 1 10 12 1 1 10 12 1 1 11 100 12 1 1 1 10 12 1 1 10 12 1 10 12 1 9 12 1 1 9 12 1 1 10 100 12 1 1 1 10 12 1 10 12 1 1 10 12 1 10 12 1 100 1 100 1 10 8 1 10 12 1 1 10 12 1 8 1 10 12 1 1 10 12 1 10 7 12 1 1 1 10 12 1 1 10 12 1 1 10 12 1 1 10 7 12 1 1 1 10 12 1 1 10 12 1 1 10 12 1 10 12 1 1 10 100 12 1 1 10 7 12 1 1 10 12 1 10 12 1 10 12 1 1 10 12 1 1 10 12 1 1 10 12 1 1 10 7 12 1 1 1 10 7 12 1 1 1 10 12 1 1 10 12 1 1 10 12 1 1 8 1 10 7 12 1 1 1 8 1 10 12 1 10 12 1 1 10 12 1 1 10 12 1 8 1 10 12 1 1 8 1 10 12 1 8 1 10 100 12 1 1 1 9 12 1 1 100 1 10 9 100 12 1 1 1 9 100 1 8 1 10 12 1 1 10 12 1 10 12 1 1 10 12 1 10 12 1 1 10 12 1 10 12 1 1 10 12 1 10 12 1 1 10 12 1 1 8 1 10 12 1 1 8 1 10 12 1 10 12 1 1 10 12 1 10 12 1 10 12 1 1 9 100 12 1 1 1 10 12 1 1 11 12 1 10 12 1 10 12 1 1 10 100 12 1 1 100 1 11 12 1 10 100 1 11 12 1 100 1 10 12 1 11 12 1 9 100 12 1 1 1 11 12 1 1 11 100 12 1 1 1 10 12 1 1 9 12 1 11 12 1 9 12 1 9 12 1 9 12 1 11 12 1 1 9 12 1 9 12 1 9 12 1 9 12 1 9 12 1 9 12 1 9 12 1 8 1 10 12 1 10 12 1 8 1 10 12 1 10 12 1 10 12 1 1 10 10 10 7 12 1 1 10 12 1 1 100 1 100 1 8 1 8 1 10 10 12 1 1 10 12 1 10 12 1 100 1 10 100 12 1 1 1 10 9 7 12 1 1 1 10 12 1 1 10 12 1 1 8 1 8 1 10 100 12 1 1 9 12 1 9 12 1 1 9 12 1 1 10 12 1 7 1 10 12 1 10 12 1 1 9 12 1 1 9 12 1 1 10 7 12 1 1 1 11 7 12 1 1 9 12 1 10 12 1 1 9 12 1 10 12 1 8 10 12 1 1 8 1 1 1 1 1 1 1 1 100 1 1 1 1 1 1 1 1 1 1 1 1 1 1 1 1 1 1 1 1 1 1 1 1 1 1 1 1 1 1 1 1 100 1 1 1 1 1 1 1 1 1 1 1 1 1 1 1 1 1 1 1 1 1 1 1 1 1 1 1 1 1 1 1 1 1 1 1 1 1 1 1 1 1 1 1 1 1 1 1 1 1 1 1 1 1 1 1 1 1 1 1 1 1 1 1 1 1 1 1 1 1 1 1 1 1 1 1 1 1 1 1 1 1 1 1 1 1 1 100 1 1 100 1 100 1 100 1 1 100 1 1 100 1 1 1 1
staticfield java/lang/invoke/MethodHandle FORM_OFFSET J 20
staticfield java/lang/invoke/MethodHandle UPDATE_OFFSET J 13
staticfield java/lang/invoke/MethodHandle $assertionsDisabled Z 1
ciInstanceKlass java/lang/invoke/MethodType 1 1 724 7 1 10 7 12 1 1 1 9 12 1 1 9 12 1 1 9 12 1 1 10 7 12 1 1 1 9 7 12 1 1 8 1 10 100 12 1 1 1 9 7 1 9 7 1 10 12 1 1 100 1 10 8 1 10 12 1 1 10 12 1 10 12 1 1 100 1 8 1 10 12 1 100 1 10 10 12 1 10 12 1 1 10 12 1 1 11 7 12 1 1 1 9 12 1 11 12 1 1 7 10 12 1 1 10 12 1 1 7 1 7 1 10 7 12 1 1 1 10 12 1 10 12 1 9 12 1 1 10 7 12 1 1 10 12 1 1 10 7 12 1 1 1 10 7 12 1 1 1 10 12 1 9 12 1 1 10 12 1 1 10 12 1 1 10 12 1 1 10 12 1 1 10 12 1 1 10 12 1 10 12 1 10 12 1 1 10 12 1 8 1 8 1 10 12 1 1 9 12 1 1 100 1 10 10 12 1 1 10 12 1 10 12 1 1 10 12 1 1 10 12 1 10 12 1 10 12 1 8 1 10 12 1 1 10 100 12 1 1 1 10 12 1 10 12 1 1 10 12 1 10 12 1 10 12 1 1 10 12 1 10 12 1 9 12 1 10 12 1 10 10 12 1 1 10 12 1 9 12 1 1 10 12 1 1 11 12 1 1 10 12 1 1 10 12 1 10 12 1 100 1 8 1 8 1 8 1 10 12 1 10 12 1 10 12 1 1 10 10 12 1 11 12 1 1 11 12 1 10 100 12 1 1 1 9 12 1 10 12 1 10 12 1 1 10 12 1 1 10 12 1 10 12 1 10 7 12 1 1 1 10 12 1 1 10 12 1 10 12 1 10 12 1 10 9 12 1 1 7 1 10 12 1 10 100 12 1 1 1 10 12 1 1 10 100 12 1 1 1 10 12 1 1 8 1 10 7 12 1 1 1 11 12 1 1 9 12 1 1 10 12 1 1 10 12 1 10 12 1 1 10 12 1 1 10 100 12 1 1 10 12 1 10 12 100 1 11 100 12 1 1 10 12 1 11 12 1 10 100 12 1 1 10 12 1 1 10 12 1 1 9 12 1 1 9 100 12 1 1 1 10 100 12 1 1 1 9 12 1 10 100 12 1 1 10 12 1 100 10 12 1 10 12 1 1 10 12 1 7 1 10 10 12 1 1 7 1 7 1 9 12 1 1 100 1 100 1 100 1 1 1 5 0 1 1 1 1 1 1 1 3 1 3 1 3 1 1 1 1 1 1 1 1 1 1 1 1 1 1 1 1 1 1 1 1 1 1 1 1 1 1 1 1 1 1 1 1 1 1 1 1 1 1 1 1 1 1 1 1 1 1 1 1 1 1 1 1 1 1 1 1 1 1 1 1 1 1 1 1 1 1 1 1 1 1 1 1 1 1 1 1 1 1 1 1 1 1 1 1 1 1 1 1 1 1 1 1 1 1 1 1 1 1 1 1 1 1 1 1 1 1 1 1 1 1 1 1 1 1 1 1 1 1 1 1 1 1 1 1 1 1 1 1 100 1 100 1 1 1 1 1 1 1 1 1 1 1 1 1 100 1 1 1 1 100 1 1 1 100 1 1 1 1 1 1 1 1 1 1 1 1 1 1 1 1 1 1 100 1 1 100 1 1
staticfield java/lang/invoke/MethodType internTable Ljdk/internal/util/ReferencedKeySet; jdk/internal/util/ReferencedKeySet
staticfield java/lang/invoke/MethodType NO_PTYPES [Ljava/lang/Class; 0 [Ljava/lang/Class;
staticfield java/lang/invoke/MethodType objectOnlyTypes [Ljava/lang/invoke/MethodType; 20 [Ljava/lang/invoke/MethodType;
staticfield java/lang/invoke/MethodType METHOD_HANDLE_ARRAY [Ljava/lang/Class; 1 [Ljava/lang/Class;
staticfield java/lang/invoke/MethodType serialPersistentFields [Ljava/io/ObjectStreamField; 0 [Ljava/io/ObjectStreamField;
staticfield java/lang/invoke/MethodType $assertionsDisabled Z 1
ciInstanceKlass java/lang/invoke/TypeDescriptor$OfMethod 1 0 43 100 1 100 1 100 1 1 1 1 1 1 1 1 1 1 1 1 1 1 1 1 1 1 1 1 1 1 1 1 1 1 1 1 1 1 1 1 1 1 100 1 1
instanceKlass sun/net/www/protocol/http/HttpURLConnection$TunnelState
instanceKlass com/google/api/client/util/GenericData$Flags
instanceKlass io/grpc/internal/SimpleDisconnectError
instanceKlass com/google/common/cache/ShimAsyncCache$RecordCompletion
instanceKlass com/google/common/cache/RemovalCause
instanceKlass com/google/common/cache/ShimAsyncCache$LoadWhen
instanceKlass com/google/cloud/datastore/core/rep/Condition$UnaryPropertyCondition$Op
instanceKlass com/google/datastore/v1/ReadOptions$ConsistencyTypeCase
instanceKlass com/google/cloud/datastore/core/rep/TransactionOptions$Mode
instanceKlass com/google/net/util/error/Codes$Code
instanceKlass com/google/cloud/datastore/core/exception/DatastoreException$RetryOptions
instanceKlass com/google/cloud/datastore/core/rep/ReadResult$MissingEntityReason
instanceKlass com/google/cloud/eventflow/eventfilters/filtering/util/matchercombinator/Matcher$MatchingState
instanceKlass com/google/cloud/datastore/core/rep/EntityChange$ChangeType
instanceKlass com/google/firebase/rules/runtime/impl/types/value/Value$Kind
instanceKlass com/google/cloud/datastore/core/auth/rules/LookupsToAuthorize$AccessType
instanceKlass com/google/cloud/datastore/emulator/impl/firestore/FirestoreEmulatorHelper$IdAllocationStyle
instanceKlass com/google/cloud/datastore/core/rep/IdAllocationPolicy
instanceKlass com/google/cloud/datastore/core/firestorev1/comparison/ComparisonMode
instanceKlass com/google/cloud/datastore/core/rep/validator/ValidationConstraint$Operation
instanceKlass com/google/cloud/datastore/core/rep/validator/ValidationConstraint$Context
instanceKlass com/google/firestore/v1/GetDocumentRequest$ConsistencySelectorCase
instanceKlass com/google/firestore/v1/ListDocumentsRequest$ConsistencySelectorCase
instanceKlass com/google/firestore/v1/TransactionOptions$ReadOnly$ConsistencySelectorCase
instanceKlass com/google/firestore/v1/TransactionOptions$ConcurrencyMode
instanceKlass com/google/firestore/v1/TransactionOptions$ModeCase
instanceKlass com/google/firestore/v1/Precondition$ConditionTypeCase
instanceKlass com/google/firestore/v1/DocumentTransform$FieldTransform$ServerValue
instanceKlass com/google/firestore/v1/DocumentTransform$FieldTransform$TransformTypeCase
instanceKlass com/google/common/collect/SortedLists$KeyAbsentBehavior
instanceKlass com/google/common/collect/SortedLists$KeyPresentBehavior
instanceKlass com/google/firestore/v1/Write$OperationCase
instanceKlass com/google/protobuf/util/Timestamps$TimestampComparator
instanceKlass com/google/cloud/datastore/core/rep/AncestorScope
instanceKlass com/google/cloud/datastore/core/rep/IndexDef$Density
instanceKlass com/google/cloud/datastore/core/rep/IndexDef$PropertyDef$Mode
instanceKlass com/google/common/collect/BoundType
instanceKlass com/google/cloud/datastore/core/rep/QueryRequest$Type
instanceKlass com/google/cloud/datastore/core/rep/Condition$CompositeCondition$Op
instanceKlass com/google/firestore/v1/StructuredQuery$UnaryFilter$OperandTypeCase
instanceKlass com/google/firestore/v1/StructuredQuery$CompositeFilter$Operator
instanceKlass com/google/firestore/v1/StructuredQuery$FindNearest$DistanceMeasure
instanceKlass com/google/firestore/v1/StructuredQuery$Direction
instanceKlass com/google/firestore/v1/StructuredQuery$Filter$FilterTypeCase
instanceKlass com/google/net/webchannel/server/v8/ResponseFlushEvent$FlushStatus
instanceKlass java/time/DayOfWeek
instanceKlass com/google/firestore/v1/Value$ValueTypeCase
instanceKlass com/google/cloud/datastore/core/rep/Cursor$Category
instanceKlass com/google/cloud/datastore/core/auth/rules/RulesStats$RuleEvaluationOutcome
instanceKlass com/google/cloud/datastore/core/write/Mutation$ExistencePrecondition
instanceKlass com/google/cloud/datastore/core/write/Mutation$Operation
instanceKlass com/google/cloud/datastore/core/write/Mutation$Op
instanceKlass com/google/cloud/datastore/core/auth/rules/RequestAuthorizationResponse
instanceKlass com/google/common/util/concurrent/AggregateFuture$ReleaseResourcesReason
instanceKlass com/google/firebase/rules/runtime/v1/ExpressionMapDiffValue$KeyStatus
instanceKlass com/google/protobuf/Value$KindCase
instanceKlass com/google/protobuf/util/JsonFormat$ShouldPrintDefaults
instanceKlass com/google/cloud/datastore/emulator/firestore/websocket/EmulatorRequest$Outcome
instanceKlass com/google/cloud/datastore/core/auth/rules/Constants$ActionIds
instanceKlass com/google/cloud/datastore/core/auth/rules/Constants$Variables
instanceKlass com/google/cloud/datastore/core/auth/rules/Constants$RuntimeFunctionNames
instanceKlass com/google/firebase/rules/runtime/v1/ExpressionPathSegmentValue$KindCase
instanceKlass com/google/protobuf/NullValue
instanceKlass com/google/cloud/datastore/core/auth/rules/Constants$RequestFields
instanceKlass com/google/cloud/datastore/core/rep/Condition$PropertyValueCondition$Op
instanceKlass com/google/cloud/datastore/core/auth/rules/RulesStats$Label
instanceKlass com/google/cloud/datastore/core/auth/rules/RulesStats$Summing
instanceKlass com/google/cloud/datastore/core/auth/rules/RulesStats$KeyedMulti
instanceKlass com/google/cloud/datastore/core/auth/rules/RulesStats$Multi
instanceKlass com/google/cloud/datastore/core/auth/rules/RulesStats$Phase
instanceKlass com/google/cloud/datastore/emulator/impl/context/EmulatorAuthorization$Kind
instanceKlass com/google/firestore/v1/ListenResponse$ResponseTypeCase
instanceKlass com/google/firestore/v1/TargetChange$TargetChangeType
instanceKlass com/google/firestore/v1/Target$PipelineQueryTarget$PipelineTypeCase
instanceKlass com/google/firestore/v1/Target$QueryTarget$QueryTypeCase
instanceKlass com/google/firestore/v1/Target$TargetTypeCase
instanceKlass com/google/firestore/v1/Target$ResumeTypeCase
instanceKlass com/google/firestore/v1/ListenRequest$TargetChangeCase
instanceKlass com/google/cloud/datastore/emulator/impl/context/EmulatorAuthorization$AdminRole
instanceKlass com/google/cloud/datastore/core/rep/ProjectRef$Type
instanceKlass com/google/cloud/datastore/core/rep/DatabaseRefV2$Kind
instanceKlass com/google/net/webchannel/server/common/Event$Source
instanceKlass com/google/net/webchannel/server/common/ChannelInternalState$Status
instanceKlass com/google/common/net/UriEncoder$QueryParameterEscapePolicy
instanceKlass com/google/net/http/jdkserver/StreamProcessor$State
instanceKlass com/google/net/http/ConnectionInfo$TransportType
instanceKlass java/time/format/TextStyle
instanceKlass java/time/format/DateTimeFormatterBuilder$SettingsParser
instanceKlass java/time/format/ResolverStyle
instanceKlass java/time/format/SignStyle
instanceKlass java/time/temporal/JulianFields$Field
instanceKlass java/time/temporal/IsoFields$Unit
instanceKlass java/time/temporal/IsoFields$Field
instanceKlass sun/net/httpserver/HttpConnection$State
instanceKlass com/google/gson/ReflectionAccessFilter$FilterResult
instanceKlass com/google/gson/LongSerializationPolicy
instanceKlass com/google/gson/ToNumberPolicy
instanceKlass com/google/gson/FieldNamingPolicy
instanceKlass io/grpc/internal/ClientStreamListener$RpcProgress
instanceKlass io/opencensus/trace/Status$CanonicalCode
instanceKlass com/google/protobuf/MapField$StorageMode
instanceKlass com/google/protos/cloud/eventflow/ingress/v1/Ingress$EventFilter$MatchType
instanceKlass com/google/cloud/datastore/emulator/impl/context/FirestoreEmulatorRequestContext$ConsistencyType
instanceKlass com/google/cloud/datastore/core/rep/IndexValue$ArrayExpansionContext
instanceKlass com/google/cloud/datastore/core/rep/IndexValue$Type
instanceKlass com/google/cloud/datastore/core/rep/IndexValue$Truncation
instanceKlass com/google/cloud/datastore/core/rep/Query$Semantics
instanceKlass com/google/cloud/datastore/emulator/impl/transactions/CollectionLockType
instanceKlass com/google/cloud/datastore/emulator/impl/transactions/EntityLockType
instanceKlass java/lang/invoke/MethodHandles$Lookup$ClassOption
instanceKlass com/google/cloud/datastore/emulator/impl/transactions/EmulatorTransactionManager$EmulatorTransactionState
instanceKlass com/google/storage/onestore/v3/OnestoreEntity$Property$Meaning
instanceKlass com/google/cloud/datastore/logs/ProblemCode
instanceKlass com/google/cloud/datastore/pipelines/EntitySetSpec$NamespaceType
instanceKlass com/google/cloud/datastore/pipelines/EntitySetSpec$KindType
instanceKlass com/google/cloud/datastore/core/rep/values/Value$DatastoreIndexing
instanceKlass com/google/cloud/datastore/core/rep/values/Meaning
instanceKlass com/sun/management/VMOption$Origin
instanceKlass com/google/cloud/datastore/core/common/memory/SizeOf$PrimitiveType
instanceKlass com/google/firebase/rules/runtime/v1/Literal$KindCase
instanceKlass com/google/firebase/rules/lang/semantic/type/FunctionResolverResult$ResolutionStatus
instanceKlass com/google/firebase/rules/lang/semantic/type/ExpressionResolverTypesResult$ResolutionStatus
instanceKlass com/google/common/cache/LocalCache$EntryFactory
instanceKlass com/google/common/cache/CacheBuilder$NullListener
instanceKlass com/google/common/cache/CacheBuilder$OneWeigher
instanceKlass com/google/common/cache/LocalCache$Strength
instanceKlass com/google/firebase/rules/v1/Issue$Severity
instanceKlass com/google/firebase/rules/lang/semantic/scope/Scope$Level
instanceKlass com/google/firebase/rules/lang/common/FunctionTemplate$BuiltInRangeFunction
instanceKlass com/google/firebase/rules/lang/common/FunctionTemplate$BuiltInIndexFunction
instanceKlass com/google/firebase/rules/lang/common/FunctionTemplate$BuiltInTypeConversionFunction
instanceKlass com/google/common/collect/Iterators$EmptyModifiableIterator
instanceKlass com/google/protobuf/DescriptorProtos$SymbolVisibility
instanceKlass com/google/firebase/rules/runtime/v1/Path$PathSegment$KindCase
instanceKlass com/google/firebase/rules/runtime/v1/Expression$ExpressionCase
instanceKlass com/google/firebase/rules/lang/semantic/type/ExpressionResolverUtil$ExpressionResolverModifier
instanceKlass com/google/common/collect/AbstractIterator$State
instanceKlass com/google/firebase/rules/runtime/v1/ExpressionValue$KindCase
instanceKlass com/google/firebase/rules/lang/type/ExpectedExpressionKind
instanceKlass com/google/firebase/rules/lang/type/Method$StandardMethods
instanceKlass com/google/firebase/rules/lang/CompileResult$ParserStrategy
instanceKlass com/google/firebase/rules/lang/ModuleQualifier$ImportResult
instanceKlass com/google/firebase/rules/runtime/v1/RulesetAst$Version
instanceKlass com/google/re2j/MatcherInput$Encoding
instanceKlass com/google/firebase/rules/lang/type/TypeName
instanceKlass com/google/firebase/rules/runtime/v1/Literal$NullValue
instanceKlass com/google/firebase/rules/lang/common/FunctionTemplate$BuiltInBooleanOperator
instanceKlass com/google/firebase/rules/lang/common/FunctionTemplate$BuiltInMathOperator
instanceKlass com/google/firebase/rules/lang/common/FunctionTemplate$BuiltInUnaryOperator
instanceKlass org/antlr/v4/runtime/atn/PredictionMode
instanceKlass org/antlr/v4/runtime/atn/LexerActionType
instanceKlass org/antlr/v4/runtime/atn/ATNType
instanceKlass org/antlr/v4/runtime/CodePointBuffer$Type
instanceKlass com/google/firebase/rules/lang/common/FirebaseRulesLangOptions$TypeCheckAlgorithm
instanceKlass com/google/cloud/datastore/emulator/impl/transactions/Resource$Type
instanceKlass com/google/apphosting/datastore/DatastoreV3Pb$Error$ErrorCode
instanceKlass com/google/cloud/datastore/core/rep/DatabaseRef$Directory
instanceKlass com/google/cloud/datastore/emulator/firestore/FirestoreEmulatorMetadataKeys
instanceKlass com/google/common/util/concurrent/AbstractFutureState$VarHandleAtomicHelperMaker
instanceKlass io/netty/handler/codec/http2/HpackDecoder$HeaderType
instanceKlass io/netty/handler/codec/http2/HpackUtil$IndexType
instanceKlass io/opencensus/trace/MessageEvent$Type
instanceKlass io/grpc/internal/MessageDeframer$State
instanceKlass io/grpc/InternalKnownTransport
instanceKlass io/grpc/internal/KeepAliveManager$State
instanceKlass io/netty/handler/codec/http2/Http2FrameLogger$Direction
instanceKlass io/grpc/SecurityLevel
instanceKlass io/netty/util/internal/logging/InternalLogLevel
instanceKlass io/netty/handler/logging/LogLevel
instanceKlass io/netty/handler/codec/http2/Http2Stream$State
instanceKlass io/netty/handler/codec/http2/Http2Exception$ShutdownHint
instanceKlass io/netty/handler/codec/http2/Http2Error
instanceKlass io/netty/handler/codec/http2/Http2Headers$PseudoHeaderName
instanceKlass com/google/common/util/concurrent/DirectExecutor
instanceKlass java/net/Proxy$Type
instanceKlass io/grpc/ChannelLogger$ChannelLogLevel
instanceKlass io/opencensus/trace/Span$Options
instanceKlass io/opencensus/tags/TagMetadata$TagTtl
instanceKlass com/google/firestore/emulator/v1/EventarcTrigger$Document$MatchType
instanceKlass com/google/gson/stream/JsonToken
instanceKlass com/google/gson/Strictness
instanceKlass com/google/common/base/CaseFormat
instanceKlass io/netty/buffer/PoolArena$SizeClass
instanceKlass io/netty/handler/codec/http/HttpStatusClass
instanceKlass io/netty/handler/codec/http/HttpObjectDecoder$State
instanceKlass com/google/common/base/StandardSystemProperty
instanceKlass java/time/temporal/ChronoField
instanceKlass sun/util/logging/PlatformLogger$Level
instanceKlass com/google/common/flogger/backend/FormatType
instanceKlass com/google/common/flogger/backend/FormatChar
instanceKlass com/google/protobuf/ProtobufToStringOutput$OutputMode
instanceKlass com/google/common/flogger/context/Tags$Type
instanceKlass io/netty/channel/DefaultChannelPipeline$AddStrategy
instanceKlass java/lang/System$Logger$Level
instanceKlass com/google/firestore/admin/v1/Database$DatabaseEdition
instanceKlass com/google/firestore/v1beta1/ListCollectionIdsRequest$ConsistencySelectorCase
instanceKlass com/google/firestore/v1beta1/PartitionQueryRequest$QueryTypeCase
instanceKlass com/google/firestore/v1beta1/PartitionQueryRequest$ConsistencySelectorCase
instanceKlass com/google/firestore/v1beta1/RunAggregationQueryRequest$QueryTypeCase
instanceKlass com/google/firestore/v1beta1/RunAggregationQueryRequest$ConsistencySelectorCase
instanceKlass com/google/firestore/v1beta1/ExecutePipelineRequest$PipelineTypeCase
instanceKlass com/google/firestore/v1beta1/ExecutePipelineRequest$ConsistencySelectorCase
instanceKlass com/google/firestore/v1beta1/RunQueryRequest$QueryTypeCase
instanceKlass com/google/firestore/v1beta1/RunQueryRequest$ConsistencySelectorCase
instanceKlass com/google/firestore/v1beta1/BatchGetDocumentsRequest$ConsistencySelectorCase
instanceKlass com/google/firestore/v1beta1/GetOrListDocumentsRequest$ConsistencySelectorCase
instanceKlass com/google/firestore/v1/ListCollectionIdsRequest$ConsistencySelectorCase
instanceKlass com/google/firestore/v1/PartitionQueryRequest$QueryTypeCase
instanceKlass com/google/firestore/v1/PartitionQueryRequest$ConsistencySelectorCase
instanceKlass com/google/firestore/v1/RunAggregationQueryRequest$QueryTypeCase
instanceKlass com/google/firestore/v1/RunAggregationQueryRequest$ConsistencySelectorCase
instanceKlass com/google/firestore/v1/ExecutePipelineRequest$PipelineTypeCase
instanceKlass com/google/firestore/v1/ExecutePipelineRequest$ConsistencySelectorCase
instanceKlass com/google/firestore/v1/RunQueryRequest$QueryTypeCase
instanceKlass com/google/firestore/v1/RunQueryRequest$ConsistencySelectorCase
instanceKlass com/google/firestore/v1/BatchGetDocumentsRequest$ConsistencySelectorCase
instanceKlass com/google/firestore/v1/GetOrListDocumentsRequest$ConsistencySelectorCase
instanceKlass com/google/datastore/v1/CommitRequest$TransactionSelectorCase
instanceKlass com/google/datastore/v1/CommitRequest$Mode
instanceKlass com/google/datastore/v1/RunAggregationQueryRequest$QueryTypeCase
instanceKlass com/google/datastore/v1/RunQueryRequest$QueryTypeCase
instanceKlass io/gapi/gax/protobuf/PathTemplate$SegmentKind
instanceKlass com/google/common/base/AbstractIterator$State
instanceKlass io/gapi/emulators/protobuf/HttpConfig$HttpKind
instanceKlass com/google/api/HttpRule$PatternCase
instanceKlass io/grpc/stub/ClientCalls$StubType
instanceKlass com/google/protobuf/WireFormat$Utf8Validation
instanceKlass com/google/net/proto2/contrib/annotatedfingerprint/FingerprintingAnnotations$RepeatedFieldRule
instanceKlass com/google/net/proto2/contrib/annotatedfingerprint/FingerprintingAnnotations$FieldRule
instanceKlass com/google/api/FieldBehavior
instanceKlass com/google/protos/datapol/SemanticAnnotations$DataFormat
instanceKlass com/google/protos/datapol/SemanticAnnotations$SemanticType
instanceKlass com/google/protobuf/DescriptorProtos$MethodOptions$TokenUnit
instanceKlass com/google/protobuf/DescriptorProtos$MethodOptions$SecurityLevel
instanceKlass com/google/protobuf/DescriptorProtos$FieldOptions$CType
instanceKlass com/google/protobuf/Proto1FeaturesProto$Proto1Features$NestInFileClassFeature$NestInFileClass
instanceKlass com/google/protobuf/JavaMutableFeaturesProto$JavaMutableFeatures$NestInFileClassFeature$NestInFileClass
instanceKlass com/google/protobuf/JavaFeaturesProto$JavaFeatures$NestInFileClassFeature$NestInFileClass
instanceKlass com/google/protobuf/JavaFeaturesProto$JavaFeatures$Utf8Validation
instanceKlass com/google/protobuf/DescriptorProtos$FeatureSet$VisibilityFeature$DefaultSymbolVisibility
instanceKlass com/google/protobuf/DescriptorProtos$FeatureSet$EnforceNamingStyle
instanceKlass com/google/protobuf/DescriptorProtos$FeatureSet$JsonFormat
instanceKlass com/google/protobuf/DescriptorProtos$FeatureSet$MessageEncoding
instanceKlass com/google/protobuf/DescriptorProtos$FeatureSet$Utf8Validation
instanceKlass com/google/protobuf/DescriptorProtos$FeatureSet$RepeatedFieldEncoding
instanceKlass com/google/protobuf/DescriptorProtos$FeatureSet$EnumType
instanceKlass com/google/protobuf/DescriptorProtos$FeatureSet$FieldPresence
instanceKlass com/google/protobuf/TextFormat$Parser$SingularOverwritePolicy
instanceKlass com/google/protobuf/Descriptors$FileDescriptorTables$SearchFilter
instanceKlass com/google/protobuf/Descriptors$FieldDescriptor$JavaType
instanceKlass com/google/protobuf/Descriptors$FieldDescriptor$Type
instanceKlass com/google/protobuf/WireFormat$JavaType
instanceKlass com/google/protobuf/WireFormat$FieldType
instanceKlass com/google/protobuf/DescriptorProtos$FileOptions$OptimizeMode
instanceKlass com/google/protobuf/DescriptorProtos$FieldOptions$OptionTargetType
instanceKlass com/google/protobuf/DescriptorProtos$Edition
instanceKlass com/google/protobuf/DescriptorProtos$FieldOptions$OptionRetention
instanceKlass com/google/protobuf/DescriptorProtos$FieldDescriptorProto$Type
instanceKlass com/google/protobuf/DescriptorProtos$FieldDescriptorProto$Label
instanceKlass io/grpc/internal/DnsNameResolver$JdkAddressResolver
instanceKlass io/grpc/grpclb/GrpclbState$Mode
instanceKlass io/grpc/InternalChannelz$ChannelTrace$Event$Severity
instanceKlass io/grpc/internal/ManagedChannelImpl$ResolutionState
instanceKlass io/grpc/ConnectivityState
instanceKlass java/lang/invoke/MethodHandleImpl$ArrayAccess
instanceKlass io/grpc/TlsServerCredentials$Feature
instanceKlass io/grpc/TlsChannelCredentials$Feature
instanceKlass java/util/Comparators$NaturalOrderComparator
instanceKlass io/grpc/netty/NegotiationType
instanceKlass io/netty/channel/socket/InternetProtocolFamily
instanceKlass io/grpc/netty/Utils$EventLoopGroupType
instanceKlass io/grpc/Status$Code
instanceKlass io/grpc/MethodDescriptor$MethodType
instanceKlass com/google/cloud/datastore/core/catalog/function/proto/FunctionKind
instanceKlass com/google/cloud/datastore/core/catalog/function/proto/FunctionSignature$RequestValidation$Mode
instanceKlass com/google/cloud/datastore/core/catalog/function/proto/SupportedSystems$ExecutionMode
instanceKlass com/google/cloud/datastore/core/rep/QueryEnhancementMode
instanceKlass com/google/cloud/datastore/core/rep/Direction
instanceKlass com/google/cloud/datastore/core/hyperstore/ast/ReplaceWith$Mode
instanceKlass com/google/cloud/datastore/core/hyperstore/ast/FindNearest$DistanceMeasure
instanceKlass com/google/firestore/v1/StructuredQuery$UnaryFilter$Operator
instanceKlass java/math/RoundingMode
instanceKlass com/google/firestore/v1/StructuredQuery$FieldFilter$Operator
instanceKlass com/google/re2j/Regexp$Op
instanceKlass com/google/cloud/datastore/core/rep/SpecialPropertyDescriptor
instanceKlass com/google/cloud/datastore/core/rep/ReservedName
instanceKlass com/google/common/collect/MapMakerInternalMap$Strength
instanceKlass com/google/common/flags/Flags$ParseState
instanceKlass com/google/io/protocol/ProtocolMessage$PrintFlag
instanceKlass com/google/cloud/datastore/internal/InternalHeader$ApiVersion
instanceKlass java/net/StandardProtocolFamily
instanceKlass java/security/DrbgParameters$Capability
instanceKlass sun/security/util/KnownOIDs
instanceKlass java/security/Security$SecPropLoader$LoadingMode
instanceKlass java/time/temporal/ChronoUnit
instanceKlass com/google/storage/onestore/v3/proto2api/OnestoreEntity$Property$Meaning
instanceKlass jdk/internal/util/OperatingSystem
instanceKlass java/util/Locale$Category
instanceKlass java/lang/StackStreamFactory$WalkerState
instanceKlass java/lang/StackWalker$ExtendedOption
instanceKlass java/lang/StackWalker$Option
instanceKlass sun/misc/Unsafe$MemoryAccessOption
instanceKlass com/google/common/hash/Hashing$ChecksumType
instanceKlass com/google/common/hash/Hashing$Crc32CSupplier
instanceKlass com/google/cloud/datastore/util/leveldb/LevelDBLogRecordUtil$RecordType
instanceKlass com/google/common/base/Functions$IdentityFunction
instanceKlass com/google/common/time/SystemTimeSource
instanceKlass com/google/protobuf/ByteString$LazyStringExperimentMode
instanceKlass com/google/protobuf/CodedInputStream$VarintExperiment
instanceKlass com/google/protobuf/Extension$ExtensionType
instanceKlass com/google/protobuf/ExtensionRegistryLite$LazyExtensionMode
instanceKlass sun/util/locale/provider/LocaleProviderAdapter$Type
instanceKlass com/google/protobuf/RuntimeVersion$RuntimeDomain
instanceKlass java/lang/classfile/attribute/StackMapFrameInfo$SimpleVerificationTypeInfo
instanceKlass java/lang/reflect/ProxyGenerator$PrimitiveTypeInfo
instanceKlass java/lang/classfile/ClassFile$StackMapsOption
instanceKlass java/lang/reflect/AccessFlag$Location
instanceKlass java/lang/reflect/AccessFlag
instanceKlass java/lang/module/ModuleDescriptor$Modifier
instanceKlass java/lang/annotation/RetentionPolicy
instanceKlass java/util/stream/Collector$Characteristics
instanceKlass com/google/cloud/datastore/core/rep/Query$DatabaseEdition
instanceKlass io/netty/util/ResourceLeakDetector$Level
instanceKlass jdk/internal/logger/BootstrapLogger$LoggingBackend
instanceKlass java/util/stream/MatchOps$MatchKind
instanceKlass java/util/stream/StreamShape
instanceKlass java/util/stream/StreamOpFlag$Type
instanceKlass java/util/stream/StreamOpFlag
instanceKlass java/lang/classfile/Opcode$Kind
instanceKlass java/lang/classfile/Opcode
instanceKlass com/google/common/flogger/backend/google/SimpleCustomFormatter$Flag
instanceKlass com/google/common/flogger/StackSize
instanceKlass java/util/regex/Pattern$Qtype
instanceKlass java/lang/invoke/VarHandle$AccessType
instanceKlass java/lang/invoke/VarHandle$AccessMode
instanceKlass java/lang/invoke/MethodHandleImpl$Intrinsic
instanceKlass java/lang/classfile/AttributeMapper$AttributeStability
instanceKlass jdk/internal/classfile/impl/AbstractPoolEntry$Utf8EntryImpl$State
instanceKlass java/lang/classfile/TypeKind
instanceKlass java/lang/invoke/LambdaForm$BasicType
instanceKlass java/lang/invoke/LambdaForm$Kind
instanceKlass java/lang/constant/DirectMethodHandleDesc$Kind
instanceKlass sun/invoke/util/Wrapper
instanceKlass com/google/cloud/datastore/emulator/impl/ProductMode
instanceKlass java/util/concurrent/TimeUnit
instanceKlass java/nio/file/LinkOption
instanceKlass sun/nio/fs/WindowsPathType
instanceKlass java/nio/file/StandardOpenOption
instanceKlass jdk/internal/vm/Continuation$Pinned
instanceKlass java/io/File$PathStatus
instanceKlass jdk/internal/module/ModuleBootstrap$IllegalNativeAccess
instanceKlass java/lang/reflect/ClassFileFormatVersion
instanceKlass java/lang/Thread$State
instanceKlass java/lang/module/ModuleDescriptor$Requires$Modifier
ciInstanceKlass java/lang/Enum 1 1 204 9 7 12 1 1 1 9 12 1 1 10 7 12 1 1 1 9 12 1 10 7 12 1 1 1 100 1 10 10 12 1 1 10 12 1 100 1 10 10 7 12 1 1 10 12 1 1 18 12 1 1 10 100 12 1 1 1 10 12 1 1 11 7 12 1 1 1 100 1 8 1 10 12 1 7 1 7 1 10 8 1 10 12 1 1 10 12 1 1 8 1 10 12 1 10 100 1 8 1 10 10 12 1 1 10 100 12 1 1 1 100 1 100 1 100 1 1 1 1 1 1 1 1 1 1 1 1 1 1 1 1 1 1 1 1 1 1 1 1 1 1 1 1 1 1 1 1 1 1 1 1 1 1 1 1 1 1 1 1 1 1 1 3 1 1 1 1 100 1 100 1 1 100 1 1 1 1 1 1 1 1 1 1 1 16 15 10 12 16 15 10 100 12 1 1 1 1 1 100 1 100 1 1
ciInstanceKlass java/lang/invoke/LambdaForm 1 1 1030 7 1 100 1 10 7 12 1 1 1 9 12 1 1 9 12 1 9 12 1 9 12 1 1 9 12 1 1 9 12 1 1 9 12 1 1 9 12 1 1 9 12 1 10 7 12 1 1 9 12 1 10 12 1 1 100 1 10 10 12 1 1 10 12 1 10 12 1 10 12 1 1 10 12 1 9 12 1 9 12 1 10 12 1 1 9 7 12 1 1 1 9 7 12 1 1 9 12 1 1 10 12 1 9 12 1 10 100 12 1 1 1 10 12 1 1 100 1 10 12 1 1 9 7 12 1 1 1 10 100 12 1 1 1 10 12 1 10 12 1 1 7 1 10 12 1 10 12 1 10 12 1 1 10 12 1 1 10 12 1 10 12 1 10 12 1 10 12 1 10 12 1 1 8 1 10 12 1 10 12 1 10 10 12 1 8 1 8 1 9 12 1 9 12 1 1 10 12 1 1 9 12 1 1 10 7 12 1 1 1 10 12 1 1 10 12 1 10 12 1 1 10 12 1 7 1 10 12 1 10 100 12 1 1 1 9 12 1 10 12 1 8 1 8 1 8 1 8 1 8 1 8 1 8 1 8 1 10 12 1 9 12 1 7 1 10 12 1 1 9 12 1 1 10 12 1 1 10 12 1 1 10 12 10 12 1 10 12 1 1 10 12 1 1 10 12 1 1 10 10 12 1 1 10 12 1 1 7 1 8 1 10 12 1 1 10 12 1 10 12 1 1 10 8 1 10 12 1 1 8 1 8 1 8 1 10 12 1 10 12 1 10 12 1 1 10 100 12 1 1 1 10 7 12 1 1 1 10 12 1 1 9 12 1 1 8 1 10 100 12 1 1 1 10 7 12 1 1 10 12 1 10 12 1 1 10 12 1 1 9 12 1 8 10 12 1 1 100 1 10 12 1 1 10 12 1 9 7 12 1 1 9 100 12 1 1 1 8 1 10 100 12 1 1 10 12 1 1 100 1 100 1 10 10 12 1 1 10 12 1 1 8 1 8 1 100 1 8 1 10 12 10 12 1 10 12 1 10 12 1 10 12 1 1 9 100 12 1 1 10 12 1 8 1 8 1 10 12 1 10 12 1 1 8 1 8 1 8 1 100 1 8 1 100 1 8 1 100 1 8 1 10 12 1 8 1 9 10 100 12 1 1 1 10 12 1 9 12 1 1 10 12 1 10 10 12 1 10 12 1 10 12 1 10 12 1 1 10 12 1 10 12 1 1 10 12 1 1 10 12 1 1 10 12 1 1 8 1 100 10 12 1 10 12 1 9 12 1 1 10 7 12 1 1 8 1 8 1 100 1 8 1 8 1 8 1 8 1 8 1 8 1 8 1 8 1 10 12 1 1 10 12 1 1 10 12 1 10 12 1 10 12 1 10 12 1 8 1 8 1 8 1 10 12 1 8 1 10 12 1 8 1 8 1 8 1 8 1 8 1 10 12 1 10 12 1 10 12 1 1 10 7 12 1 1 1 10 12 1 10 12 1 10 12 1 10 12 1 10 12 1 9 12 1 1 8 1 10 12 1 1 9 12 1 9 12 1 1 10 12 1 1 9 12 1 1 9 12 1 10 12 1 1 9 12 1 1 7 1 10 7 12 1 1 1 9 7 12 1 1 1 10 7 12 1 1 1 10 12 1 1 10 12 1 1 10 12 1 9 12 1 10 12 1 9 12 1 10 12 1 10 12 1 8 1 10 12 1 9 12 1 1 7 1 10 7 12 1 1 1 100 1 10 12 1 9 12 1 10 12 1 10 12 1 10 12 1 1 10 12 1 9 7 12 1 1 10 12 1 1 10 12 1 10 12 1 9 12 1 9 9 12 1 7 9 12 1 1 10 12 1 1 9 12 1 10 12 1 10 7 1 9 1 1 1 1 3 1 3 1 1 3 1 3 1 1 1 1 1 1 1 1 1 1 1 1 1 1 1 1 1 1 1 1 1 1 1 1 1 1 1 1 1 1 1 1 1 1 1 1 1 1 1 1 1 1 1 1 1 100 1 1 1 1 1 1 1 1 1 1 1 1 1 1 1 1 1 1 1 1 1 1 1 1 1 1 1 1 1 1 1 1 1 1 1 1 1 1 1 1 1 1 1 1 1 1 1 1 1 1 1 1 1 1 1 1 1 1 1 1 1 1 1 1 1 1 1 100 1 1 1 1 1 1 1 1 1 1 1 1 1 1 1 1 1 1 1 1 1 1 1 1 1 1 1 1 1 1 1 1 1 1 1 1 100 1 1 1 1 1 1 1 1 1 1 1 1 1 1 100 1 1 1 100 1 1 100 1 1 1 1 1 1 1 1 1 1 1 1
staticfield java/lang/invoke/LambdaForm DEFAULT_CUSTOMIZED Ljava/lang/invoke/MethodHandle; 
staticfield java/lang/invoke/LambdaForm DEFAULT_KIND Ljava/lang/invoke/LambdaForm$Kind; java/lang/invoke/LambdaForm$Kind
staticfield java/lang/invoke/LambdaForm COMPILE_THRESHOLD I 0
staticfield java/lang/invoke/LambdaForm INTERNED_ARGUMENTS [[Ljava/lang/invoke/LambdaForm$Name; 5 [[Ljava/lang/invoke/LambdaForm$Name;
staticfield java/lang/invoke/LambdaForm IMPL_NAMES Ljava/lang/invoke/MemberName$Factory; java/lang/invoke/MemberName$Factory
staticfield java/lang/invoke/LambdaForm LF_identity [Ljava/lang/invoke/LambdaForm; 6 [Ljava/lang/invoke/LambdaForm;
staticfield java/lang/invoke/LambdaForm NF_identity [Ljava/lang/invoke/LambdaForm$NamedFunction; 6 [Ljava/lang/invoke/LambdaForm$NamedFunction;
staticfield java/lang/invoke/LambdaForm LF_constant [Ljava/lang/invoke/LambdaForm; 5 [Ljava/lang/invoke/LambdaForm;
staticfield java/lang/invoke/LambdaForm createIdentityFormLock Ljava/lang/Object; java/lang/Object
staticfield java/lang/invoke/LambdaForm DEBUG_NAME_COUNTERS Ljava/util/HashMap; 
staticfield java/lang/invoke/LambdaForm DEBUG_NAMES Ljava/util/HashMap; 
staticfield java/lang/invoke/LambdaForm TRACE_INTERPRETER Z 0
staticfield java/lang/invoke/LambdaForm $assertionsDisabled Z 1
instanceKlass jdk/internal/reflect/DirectMethodHandleAccessor
ciInstanceKlass jdk/internal/reflect/MethodAccessorImpl 1 1 38 10 7 12 1 1 1 10 100 12 1 1 1 100 1 1 1 1 1 1 1 100 1 100 1 1 1 1 1 1 1 1 1 1 1 1 1 1
ciInstanceKlass jdk/internal/reflect/MethodAccessor 1 0 17 100 1 100 1 1 1 1 100 1 100 1 1 1 1 1 1
ciInstanceKlass java/util/Objects 1 1 184 10 7 12 1 1 1 100 1 8 1 10 12 1 10 12 1 1 10 7 12 1 1 1 10 12 1 1 10 12 1 10 100 12 1 1 1 10 12 1 1 10 7 12 1 1 1 7 1 10 10 12 1 1 10 7 12 1 1 10 12 1 1 8 1 10 7 12 1 1 1 10 7 12 1 1 1 10 11 100 12 1 1 1 100 1 10 10 12 1 8 1 10 12 1 8 1 100 1 11 12 1 1 8 1 10 7 12 1 1 1 10 12 1 1 10 12 1 10 12 1 10 12 1 10 12 1 1 1 1 1 1 1 1 1 1 1 1 1 1 1 1 1 1 1 1 1 1 1 1 1 1 1 1 1 1 1 1 1 1 1 1 1 1 1 1 1 1 1 1 1 1 1 1 1 1 1 1 1 1 1 1 1 1
ciInstanceKlass jdk/internal/reflect/CallerSensitive 0 0 17 100 1 100 1 100 1 1 1 1 1 1 1 1 1 1 1
ciInstanceKlass jdk/internal/reflect/DirectConstructorHandleAccessor$NativeAccessor 1 1 44 10 7 12 1 1 1 9 7 12 1 1 1 10 12 1 1 1 1 1 1 1 1 1 1 1 1 1 1 1 1 1 100 1 100 1 1 1 1 1 100 1 1 1
ciInstanceKlass jdk/internal/reflect/ConstructorAccessor 1 0 16 100 1 100 1 1 1 1 100 1 100 1 100 1 1 1
instanceKlass jdk/internal/reflect/DirectConstructorHandleAccessor
instanceKlass jdk/internal/reflect/DirectConstructorHandleAccessor$NativeAccessor
ciInstanceKlass jdk/internal/reflect/ConstructorAccessorImpl 1 1 27 10 7 12 1 1 1 100 1 100 1 1 1 1 1 1 1 1 1 100 1 100 1 100 1 1 1
ciInstanceKlass jdk/internal/reflect/ConstantPool 1 1 142 10 100 12 1 1 1 9 7 12 1 1 1 10 12 1 1 10 12 1 1 10 12 1 10 12 1 1 10 12 1 1 10 12 1 10 12 1 1 10 12 1 10 12 1 1 10 12 1 10 12 1 10 12 1 10 12 1 1 10 12 1 1 10 12 1 1 10 12 1 1 10 12 1 10 12 1 1 10 100 12 1 1 1 8 11 7 12 1 1 1 10 7 12 1 1 1 1 1 1 1 1 1 1 1 1 1 1 1 1 1 1 1 1 1 1 1 1 1 1 1 1 1 1 1 1 1 1 1 1 1 1 1 1 1 1 1 1 1 1 1 1
instanceKlass java/lang/invoke/VolatileCallSite
instanceKlass java/lang/invoke/MutableCallSite
instanceKlass java/lang/invoke/ConstantCallSite
ciInstanceKlass java/lang/invoke/CallSite 1 1 297 10 7 12 1 1 1 10 7 12 1 1 1 9 12 1 1 10 7 12 1 1 1 10 12 1 100 1 10 12 1 1 10 12 1 1 9 100 12 1 1 1 10 100 12 1 1 10 12 1 1 100 1 100 1 10 10 100 12 1 1 1 10 12 1 1 8 1 10 12 1 10 12 1 1 10 12 1 10 12 1 1 10 12 1 1 10 10 7 12 1 1 10 12 1 1 9 12 1 9 7 12 1 1 1 8 1 10 7 12 1 1 1 10 12 1 1 100 1 10 12 1 1 9 12 1 8 1 100 1 10 12 1 10 12 1 100 1 8 1 10 10 12 1 10 12 1 1 100 1 10 12 1 1 10 12 1 10 12 1 10 12 1 1 10 12 1 1 9 12 1 1 8 10 12 1 1 9 12 1 1 100 1 10 10 12 1 10 100 12 1 1 1 10 12 1 1 10 12 1 1 10 12 1 10 7 12 1 1 1 100 1 8 1 10 10 12 10 12 1 1 100 1 100 1 100 1 8 1 10 12 1 10 7 12 1 1 1 1 1 1 1 1 1 1 1 1 1 1 1 1 1 1 1 1 1 1 1 1 1 1 1 1 1 1 1 1 1 1 1 1 1 1 1 1 1 1 1 1 1 1 1 1 1 1 1 1 1 1 1 1 100 1 100 1 1 1
staticfield java/lang/invoke/CallSite $assertionsDisabled Z 1
ciInstanceKlass java/lang/invoke/ConstantCallSite 1 1 65 10 7 12 1 1 1 9 7 12 1 1 1 9 12 1 1 10 7 12 1 1 1 10 12 1 100 1 10 12 9 12 1 1 100 1 10 10 12 1 1 10 12 1 1 1 1 1 1 1 1 1 1 1 1 1 100 1 1 1 1 1 1 1 1
staticfield java/lang/invoke/ConstantCallSite UNSAFE Ljdk/internal/misc/Unsafe; jdk/internal/misc/Unsafe
instanceKlass java/lang/invoke/DirectMethodHandle$StaticAccessor
instanceKlass java/lang/invoke/DirectMethodHandle$Interface
instanceKlass java/lang/invoke/DirectMethodHandle$Accessor
instanceKlass java/lang/invoke/DirectMethodHandle$Constructor
ciInstanceKlass java/lang/invoke/DirectMethodHandle 1 1 929 7 1 100 1 7 1 7 1 10 7 12 1 1 1 10 7 12 1 1 1 100 1 10 12 1 10 12 1 1 10 7 12 1 1 10 12 1 1 10 12 1 10 12 1 7 1 10 12 1 1 10 12 1 1 10 12 1 10 12 1 1 10 7 12 1 1 1 10 12 1 9 7 12 1 1 1 100 1 10 9 12 1 1 9 12 1 10 12 1 10 12 1 10 12 1 1 10 12 1 10 12 1 10 12 1 10 7 12 1 1 1 10 12 1 10 12 1 1 8 1 10 12 1 1 100 1 10 12 1 7 1 10 10 12 1 10 12 1 10 12 1 10 7 12 1 1 1 10 12 1 1 7 1 10 12 1 10 12 1 7 1 10 12 1 10 12 1 1 10 12 1 1 10 12 8 10 7 12 1 1 1 10 12 1 10 12 1 10 12 1 1 10 12 1 9 7 12 1 1 1 7 1 10 12 1 10 7 12 1 1 1 10 12 1 10 12 1 1 9 12 1 1 7 1 10 8 1 10 12 1 1 10 12 1 1 8 1 10 12 1 10 12 1 10 10 12 1 10 12 1 10 12 1 10 12 1 10 12 1 1 10 12 1 10 12 1 10 12 1 1 10 10 7 12 1 1 1 10 12 1 10 12 1 1 10 12 1 10 12 1 1 8 1 9 7 12 1 1 1 8 1 9 12 1 9 12 1 8 1 9 12 1 9 12 1 8 1 9 12 1 9 12 1 8 1 10 12 1 10 12 1 1 10 7 12 1 1 1 10 12 1 10 12 1 1 9 12 1 1 7 1 10 12 1 1 100 1 10 7 12 1 1 1 10 12 1 1 10 12 1 1 7 1 10 12 1 1 10 12 1 10 12 1 1 7 1 10 12 1 1 10 12 1 10 12 1 10 12 1 1 10 12 1 9 12 1 1 10 7 1 9 12 1 10 12 1 7 1 7 1 7 1 10 7 12 1 1 1 9 12 1 1 10 7 12 1 1 1 10 7 12 1 1 10 12 10 12 1 7 1 10 12 1 10 12 1 1 8 1 9 12 1 9 12 1 10 12 1 1 9 12 1 1 10 7 12 1 1 1 9 12 1 1 9 12 1 1 10 12 1 10 12 1 10 12 1 10 12 1 1 10 12 1 9 12 1 9 12 1 10 12 1 10 12 1 10 12 1 10 12 1 1 10 12 1 1 9 12 1 1 10 12 1 1 9 7 12 1 1 1 9 12 1 9 12 1 9 12 1 9 12 1 9 12 1 9 12 1 9 12 1 9 12 1 9 12 1 9 12 1 9 12 1 9 12 1 9 12 1 9 12 1 9 12 1 9 12 1 9 12 1 9 12 1 9 12 1 9 12 1 9 12 1 9 12 1 9 12 1 9 12 1 100 1 10 12 1 8 1 8 1 8 1 8 1 8 1 8 1 8 1 8 1 8 1 10 12 1 10 12 1 8 1 8 1 8 1 9 12 1 1 9 12 1 1 10 12 1 10 12 1 1 10 12 1 1 9 7 1 10 12 1 10 12 10 12 1 10 12 1 10 12 1 10 8 1 8 1 8 1 8 1 10 12 1 1 9 12 1 1 10 12 1 10 100 12 1 1 1 8 9 12 1 1 10 12 1 1 8 1 8 8 9 12 1 8 1 8 8 8 8 8 1 8 10 12 1 7 1 10 12 1 8 1 8 1 10 12 1 10 12 1 10 12 1 9 12 1 10 12 1 1 7 1 1 1 1 3 1 3 1 3 1 3 1 3 1 3 1 3 1 3 1 1 1 1 1 1 1 1 1 1 3 1 3 1 3 1 1 3 1 3 1 1 1 1 1 1 1 1 1 1 1 1 1 1 1 1 1 1 1 1 1 1 1 1 1 1 1 1 1 1 1 1 1 1 1 1 1 1 1 1 1 1 1 1 1 1 1 1 1 1 1 1 1 1 1 1 1 1 1 1 1 1 100 1 1 1 1 1 1 1 1 1 100 1 1 1 1 1 1 1 1 1 1 1 1 1 1 1 1 1 1 1 1 1 1 1 1 1 1 1 1 1 1 1 1 1 1 1 1 1 1 1 1 1 1 1 1 1 1 1 1 1 1 1 1 1
staticfield java/lang/invoke/DirectMethodHandle IMPL_NAMES Ljava/lang/invoke/MemberName$Factory; java/lang/invoke/MemberName$Factory
staticfield java/lang/invoke/DirectMethodHandle FT_UNCHECKED_REF I 8
staticfield java/lang/invoke/DirectMethodHandle FT_CHECKED_REF I 9
staticfield java/lang/invoke/DirectMethodHandle ACCESSOR_FORMS [Ljava/lang/invoke/LambdaForm; 120 [Ljava/lang/invoke/LambdaForm;
staticfield java/lang/invoke/DirectMethodHandle ALL_WRAPPERS [Lsun/invoke/util/Wrapper; 10 [Lsun/invoke/util/Wrapper;
staticfield java/lang/invoke/DirectMethodHandle NFS [Ljava/lang/invoke/LambdaForm$NamedFunction; 12 [Ljava/lang/invoke/LambdaForm$NamedFunction;
staticfield java/lang/invoke/DirectMethodHandle OBJ_OBJ_TYPE Ljava/lang/invoke/MethodType; java/lang/invoke/MethodType
staticfield java/lang/invoke/DirectMethodHandle LONG_OBJ_TYPE Ljava/lang/invoke/MethodType; java/lang/invoke/MethodType
staticfield java/lang/invoke/DirectMethodHandle $assertionsDisabled Z 1
ciInstanceKlass java/lang/invoke/MutableCallSite 1 1 61 10 7 12 1 1 1 10 12 1 9 7 12 1 1 1 10 12 1 10 12 1 1 9 100 12 1 1 1 10 100 12 1 1 1 10 100 12 1 1 1 1 1 1 1 1 1 1 1 1 1 1 1 1 1 1 1 1 100 1 1
ciInstanceKlass java/lang/invoke/VolatileCallSite 0 0 37 10 100 12 1 1 1 10 12 1 10 100 12 1 1 1 10 12 1 10 12 1 1 1 1 1 1 1 1 1 1 1 1 1 1 1 1
instanceKlass java/lang/invoke/VarHandleByteArrayAsDoubles$ByteArrayViewVarHandle
instanceKlass java/lang/invoke/VarHandleByteArrayAsFloats$ByteArrayViewVarHandle
instanceKlass java/lang/invoke/VarHandleByteArrayAsChars$ByteArrayViewVarHandle
instanceKlass java/lang/invoke/VarHandleByteArrayAsShorts$ByteArrayViewVarHandle
instanceKlass java/lang/invoke/VarHandleLongs$FieldInstanceReadOnly
instanceKlass java/lang/invoke/VarHandleReferences$Array
instanceKlass java/lang/invoke/VarHandleByteArrayAsLongs$ByteArrayViewVarHandle
instanceKlass java/lang/invoke/VarHandleByteArrayAsInts$ByteArrayViewVarHandle
instanceKlass java/lang/invoke/VarHandleBooleans$FieldInstanceReadOnly
instanceKlass java/lang/invoke/VarHandleReferences$FieldInstanceReadOnly
instanceKlass java/lang/invoke/VarHandleInts$FieldInstanceReadOnly
ciInstanceKlass java/lang/invoke/VarHandle 1 1 474 10 7 12 1 1 1 10 7 12 1 1 9 12 1 1 9 12 1 1 10 12 1 1 8 1 10 12 1 1 10 7 12 1 1 1 10 12 1 1 10 100 12 1 1 1 9 100 12 1 1 1 10 12 1 1 10 7 12 1 1 1 10 12 1 1 9 12 1 10 12 1 9 12 1 1 10 7 12 1 1 10 12 1 9 7 12 1 1 1 9 12 1 1 10 12 1 1 100 1 100 1 10 8 1 10 12 1 1 10 12 1 8 1 10 12 1 10 12 1 9 12 1 1 9 12 1 10 12 1 10 12 1 1 10 12 1 10 10 100 12 1 1 1 10 12 1 1 10 12 1 1 10 100 12 1 1 1 10 100 12 1 1 1 10 100 12 1 1 1 9 12 1 1 9 10 12 1 10 12 1 1 10 12 1 1 10 12 1 10 100 12 1 1 1 9 12 1 1 10 12 1 1 9 12 1 10 12 1 10 12 1 10 100 12 1 1 100 1 10 9 7 12 1 1 1 9 12 1 1 10 7 12 1 1 1 10 12 1 10 12 1 10 12 1 10 12 1 10 12 1 10 12 1 1 8 10 12 1 1 7 1 10 12 1 1 100 1 1 1 1 1 1 1 1 1 1 1 1 1 1 1 1 1 1 1 1 1 1 1 1 1 1 1 1 1 1 1 1 1 1 1 1 1 1 1 1 1 1 1 1 1 1 1 1 1 1 1 1 1 1 1 1 1 1 1 1 1 1 1 1 1 100 1 1 1 1 1 1 1 1 100 1 1 1 1 1 1 1 1 1 1 1 1 100 1 100 1 1 100 1 100 1 100 1 100 1 100 1 100 1 100 1 100 1 100 1 100 1 100 1 100 1 100 1 100 1 100 1 100 1 100 1 100 1 100 1 100 1 100 1 100 1 100 1 100 1 100 1 100 1 100 1 100 1 100 1 100 1 100 1 100 1 100 1 100 1 100 1 100 1 1 1 1 1 1 100 1 1 1 100 1 1 100 1 100 1 100 1 100 1 100 1 100 1 1 1 1 100 1 100 1 100 1 100 1 100 1 100 1 100 1 100 1
staticfield java/lang/invoke/VarHandle VFORM_OFFSET J 16
staticfield java/lang/invoke/VarHandle $assertionsDisabled Z 1
ciInstanceKlass java/lang/invoke/MemberName 1 1 730 7 1 7 1 100 1 9 12 1 1 10 7 12 1 1 1 9 12 1 1 10 12 1 1 10 12 1 1 10 12 1 1 10 12 1 10 12 1 1 10 7 12 1 1 1 10 12 1 9 7 12 1 1 10 12 1 100 1 100 1 10 12 1 8 1 10 12 1 1 10 12 1 10 12 1 1 10 12 1 9 12 1 1 8 1 10 100 12 1 1 1 7 1 10 10 12 1 1 7 1 7 1 10 12 1 9 12 1 1 100 1 8 1 10 12 1 10 12 1 10 12 1 10 12 1 10 12 1 1 10 12 1 10 12 1 10 12 1 1 8 1 8 1 10 12 1 8 1 9 12 1 1 3 10 12 1 10 12 1 10 12 1 10 10 7 12 1 1 1 10 12 1 10 12 1 10 12 1 10 12 1 7 1 8 10 12 1 1 10 12 1 1 8 1 9 100 1 8 9 100 1 10 12 1 1 10 12 1 10 12 1 8 1 10 12 1 1 10 12 1 10 12 1 10 12 1 10 12 1 1 100 1 10 12 1 1 10 12 1 8 1 10 12 1 10 12 1 8 1 10 12 1 1 10 12 1 1 7 1 10 12 1 1 10 12 8 1 8 1 100 1 10 12 1 10 100 12 1 1 1 100 1 10 12 10 12 1 10 12 1 10 12 1 10 12 1 10 10 12 1 10 12 1 10 12 1 3 10 12 1 3 10 12 1 3 3 3 3 3 3 10 12 1 3 9 12 1 10 12 1 1 3 10 12 1 10 10 7 12 1 1 1 10 12 1 1 10 7 12 1 1 10 10 12 1 10 12 1 1 10 12 1 10 10 12 1 1 10 12 1 10 12 1 10 12 1 100 1 10 10 10 12 100 1 10 10 10 12 1 1 10 12 1 1 10 10 12 1 8 10 7 1 10 12 1 10 7 1 10 12 1 10 12 1 10 12 1 10 10 12 1 10 12 1 1 10 12 1 1 10 12 1 10 12 1 10 12 1 100 1 10 12 1 1 100 1 8 1 10 7 1 10 12 1 10 12 10 12 1 1 10 12 1 10 12 1 8 1 8 1 8 1 8 1 10 12 1 10 12 1 10 7 12 1 1 1 8 1 8 1 10 12 1 8 1 10 10 10 12 1 10 12 1 8 1 8 1 10 10 12 1 8 1 10 100 12 1 1 1 8 1 100 1 10 12 1 10 12 1 1 10 12 1 8 1 8 1 8 1 8 1 100 1 10 8 1 8 1 8 1 8 1 10 12 1 100 1 100 1 100 1 10 100 1 10 100 1 10 100 12 1 1 1 9 7 12 1 1 1 100 1 100 1 1 1 1 1 1 1 3 1 3 1 3 1 3 1 3 1 3 1 1 1 1 1 1 1 1 3 1 3 1 1 1 1 1 1 1 1 1 1 1 1 1 1 1 1 1 1 1 1 1 1 1 1 100 1 1 1 1 1 1 1 1 1 1 1 1 1 1 1 1 1 1 1 1 1 1 1 1 1 1 1 1 1 1 1 1 1 1 1 1 1 1 1 1 1 1 1 1 1 1 1 1 1 1 1 1 1 1 1 1 1 1 1 1 1 1 1 1 1 1 1 1 1 1 1 1 1 1 1 1 100 1 1 1 1 1 1 1 1 1 1 1 1 1 1 1 1
staticfield java/lang/invoke/MemberName $assertionsDisabled Z 1
ciInstanceKlass java/lang/invoke/ResolvedMethodName 1 1 25 10 100 12 1 1 1 9 7 12 1 1 1 1 1 1 1 1 1 1 1 1 1 1 1
ciInstanceKlass java/lang/invoke/MethodHandleNatives 1 1 689 100 1 10 7 12 1 1 1 9 7 12 1 1 1 10 12 1 1 100 1 10 10 12 1 1 10 12 1 10 12 1 8 1 8 1 8 1 8 1 8 1 8 1 8 1 8 1 8 1 8 1 10 12 1 1 7 1 10 7 12 1 1 1 10 100 12 1 1 1 7 1 10 10 12 1 1 8 1 10 12 1 8 1 10 12 1 1 8 1 10 12 1 1 9 100 12 1 1 1 8 1 10 100 12 1 1 1 100 1 10 12 100 1 100 1 8 1 7 1 10 10 12 1 7 1 9 7 12 1 1 10 12 1 1 10 12 1 10 7 12 1 1 1 10 12 1 1 9 12 1 8 1 10 12 1 1 10 12 1 8 1 10 12 1 1 7 1 10 12 1 10 7 12 1 1 1 10 12 1 10 12 1 1 10 12 1 1 8 1 10 12 1 1 8 1 10 12 1 8 1 8 1 8 1 100 1 10 12 1 8 1 10 100 12 1 1 1 10 12 1 1 10 100 12 1 1 10 10 12 1 1 10 12 1 10 100 12 1 1 1 100 1 8 1 10 100 12 1 1 1 7 1 8 1 10 12 1 8 1 8 1 8 1 8 1 8 1 10 12 1 1 10 12 1 1 10 12 1 10 12 1 1 10 12 1 1 7 1 10 12 1 100 1 100 1 10 12 1 10 12 1 8 1 8 1 10 10 12 1 1 10 12 1 1 8 1 10 100 12 1 1 8 1 8 1 10 12 1 1 10 7 12 1 1 1 100 1 10 12 1 1 7 1 9 12 1 1 10 7 12 1 1 1 10 10 12 1 9 12 1 10 12 1 9 12 1 9 12 1 10 12 1 1 10 12 1 10 12 1 1 7 1 7 1 10 12 1 1 10 12 1 10 12 1 1 10 7 12 1 1 1 10 12 1 8 1 10 12 1 10 12 1 10 12 1 1 10 12 1 10 7 12 1 1 1 10 12 1 1 100 1 8 1 10 9 7 12 1 1 1 10 12 1 1 10 12 1 1 100 1 10 12 1 1 10 12 1 1 100 1 100 1 10 10 100 1 100 1 10 100 1 10 10 12 1 1 10 100 1 10 12 1 10 12 1 1 10 12 1 1 10 12 1 1 10 12 1 10 12 1 1 10 8 1 10 12 1 10 12 1 10 12 1 10 12 1 10 12 1 1 10 12 1 10 12 1 10 12 1 10 10 7 12 1 1 10 12 1 1 1 1 1 1 1 1 1 1 1 1 1 100 1 1 1 1 1 1 1 1 1 1 1 1 1 1 1 1 1 1 1 1 1 1 1 1 1 1 1 1 1 1 1 1 1 1 1 1 1 1 1 1 1 1 1 1 1 1 1 1 1 1 1 1 1 1 1 1 1 1 1 1 1 1 1 100 1 1 1 1 1 1 1 1 1 1 1 1 1 1 1 1 1 1 1 1 1 1 1 1 1 1 1 1 1 1 1 1 1 1 1 100 1 1 1 1 1 1 1 1 1 1 1 1 1 1 1 1 1 1 1 1 1 1 1 1 1 1 1 1 1 1 1 1 1 1 100 1 1
staticfield java/lang/invoke/MethodHandleNatives $assertionsDisabled Z 1
ciInstanceKlass jdk/internal/foreign/abi/NativeEntryPoint 0 0 223 10 100 12 1 1 1 9 100 12 1 1 1 9 12 1 1 100 1 8 1 10 12 1 10 12 1 1 100 1 10 100 12 1 1 1 10 12 1 9 12 1 1 18 12 1 1 10 100 12 1 1 1 9 100 12 1 1 1 8 1 10 12 1 1 8 1 8 1 8 1 8 1 10 100 12 1 1 1 100 1 10 10 12 1 1 8 1 10 12 1 8 1 10 12 1 10 12 1 1 10 12 1 1 100 1 8 1 10 12 1 10 12 1 1 100 1 8 1 10 10 12 1 9 12 1 1 18 12 1 1 10 100 12 1 1 1 10 12 1 1 10 12 1 10 100 12 1 1 1 10 1 1 1 1 1 1 1 1 1 1 1 1 1 1 1 1 1 1 1 1 1 1 1 1 1 1 1 1 1 1 1 1 1 1 1 1 1 1 1 1 1 1 1 1 16 1 15 10 12 16 1 16 15 10 12 15 10 100 12 1 1 1 1 1 100 1 1 100 1 100 1 1
ciInstanceKlass jdk/internal/foreign/abi/ABIDescriptor 0 0 55 10 100 12 1 1 1 9 100 12 1 1 1 9 12 1 1 9 12 1 9 12 1 9 12 1 1 9 12 1 9 12 1 1 9 12 1 9 12 1 9 12 1 9 12 1 1 1 1 1 1 1 1 1 1
ciInstanceKlass jdk/internal/foreign/abi/VMStorage 0 0 111 10 100 12 1 1 1 9 100 12 1 1 1 9 12 1 1 9 12 1 1 9 12 1 1 100 1 10 8 1 10 12 1 1 10 12 1 10 12 1 1 10 12 1 100 1 10 100 12 1 1 1 10 100 12 1 1 10 100 12 1 1 10 100 12 1 1 1 18 12 1 1 1 1 1 1 1 1 1 1 1 1 1 1 1 1 1 1 1 1 1 1 8 1 15 15 15 15 15 10 100 12 1 1 1 1 100 1 100 1 1
ciInstanceKlass jdk/internal/foreign/abi/UpcallLinker$CallRegs 0 0 66 10 100 12 1 1 1 9 100 12 1 1 1 9 12 1 18 12 1 1 18 12 1 1 18 12 1 1 1 1 1 1 1 1 1 1 1 1 1 1 1 1 1 1 100 1 1 1 8 1 15 15 15 10 100 12 1 1 1 1 1 100 1 100 1 1
instanceKlass java/lang/StackFrameInfo
ciInstanceKlass java/lang/ClassFrameInfo 1 1 126 10 7 12 1 1 1 9 7 12 1 1 1 7 1 3 9 12 1 1 9 12 1 1 100 1 9 12 1 1 3 11 100 12 1 1 1 11 12 1 10 12 1 1 10 12 1 1 10 12 1 100 1 10 10 12 1 1 8 1 8 1 10 12 100 1 10 10 12 1 1 8 1 10 12 1 8 1 10 12 8 1 10 12 1 10 7 12 1 1 1 100 1 1 1 1 1 1 1 1 1 1 1 1 1 1 1 1 1 1 1 1 1 1 1 1 1 1 1 100 1 1 1 1 1 1
staticfield java/lang/ClassFrameInfo JLIA Ljdk/internal/access/JavaLangInvokeAccess; java/lang/invoke/MethodHandleImpl$1
ciInstanceKlass java/lang/StackWalker$StackFrame 1 1 41 100 1 10 12 1 1 100 1 100 1 1 1 1 1 1 1 1 1 1 1 1 1 1 1 1 1 1 1 1 1 1 1 1 1 1 1 100 1 1 1
ciInstanceKlass java/lang/StackWalker 1 1 236 9 7 12 1 1 1 10 7 12 1 1 1 7 1 10 7 12 1 1 1 10 12 1 1 11 7 12 1 1 1 10 12 1 1 10 12 1 1 100 1 8 1 10 12 1 10 12 1 10 12 1 10 7 12 1 1 9 12 1 1 9 12 1 1 9 12 1 1 9 12 1 1 10 12 1 1 9 12 1 1 9 12 1 1 9 12 1 1 9 12 1 1 10 12 1 1 10 7 12 1 1 1 10 7 12 1 1 1 18 12 1 1 100 1 8 1 10 8 1 10 12 1 1 10 100 12 1 1 1 10 12 1 1 10 12 1 11 12 1 1 9 7 12 1 1 11 100 12 1 1 1 10 12 1 1 1 1 1 1 1 1 1 1 1 1 1 1 1 1 1 1 1 1 1 1 1 1 1 1 1 1 1 1 1 1 1 1 1 1 1 1 1 1 1 1 1 1 1 1 1 1 1 1 1 1 1 1 1 100 1 1 16 15 10 12 16 1 15 10 100 12 1 1 1 1 1 1 1 1 1 100 1 100 1 1
staticfield java/lang/StackWalker DEFAULT_EMPTY_OPTION Ljava/util/EnumSet; java/util/RegularEnumSet
staticfield java/lang/StackWalker DEFAULT_WALKER Ljava/lang/StackWalker; java/lang/StackWalker
instanceKlass java/lang/LiveStackFrameInfo
ciInstanceKlass java/lang/StackFrameInfo 1 1 150 10 7 12 1 1 1 9 7 12 1 1 1 9 12 1 1 11 7 12 1 1 1 10 12 1 1 10 7 12 1 1 1 9 12 1 1 10 12 1 1 9 12 1 1 100 1 10 12 10 12 1 9 12 1 100 1 100 1 10 12 1 1 11 12 1 1 10 12 1 10 12 1 10 12 1 1 9 12 1 1 10 12 1 1 10 100 12 1 1 10 12 1 1 9 12 1 10 100 12 1 1 1 9 12 1 1 10 100 1 10 12 1 9 12 1 1 10 12 1 1 10 12 1 1 1 1 1 1 1 1 1 1 1 1 1 1 1 1 100 1 100 1 1 1 1 1 1 1 1
staticfield java/lang/StackFrameInfo $assertionsDisabled Z 1
ciInstanceKlass java/lang/LiveStackFrameInfo 0 0 97 10 100 12 1 1 1 9 100 12 1 1 1 9 12 1 9 12 1 9 12 1 9 12 1 1 100 1 10 12 1 1 10 12 1 8 1 10 12 1 1 8 1 8 1 8 1 10 100 1 10 12 1 100 1 10 12 1 100 1 100 1 1 1 3 1 3 1 1 1 1 1 1 1 1 1 1 1 1 1 1 1 1 1 1 1 1 1 1 1 1 1 1 1 100 1 1
ciInstanceKlass java/lang/LiveStackFrame 0 0 112 100 1 10 100 12 1 1 1 11 100 12 1 1 1 11 12 1 9 100 12 1 1 1 10 100 12 1 1 1 10 100 12 1 1 1 11 12 1 10 12 1 100 1 100 1 1 1 1 1 1 1 1 1 1 1 1 1 1 1 1 1 1 1 1 1 1 1 1 1 100 1 1 1 1 1 1 1 100 1 8 1 1 12 10 1 1 1 8 1 1 1 8 1 1 1 8 1 1 1 8 1 1 8 1 1 1 8 1 1 8 1
instanceKlass java/lang/StackStreamFactory$StackFrameTraverser
ciInstanceKlass java/lang/StackStreamFactory$AbstractStackWalker 1 1 364 7 1 100 1 3 10 7 12 1 1 1 10 7 12 1 1 10 7 12 1 1 1 9 12 1 1 9 12 1 1 9 12 1 1 9 12 1 9 12 1 10 7 12 1 1 1 10 12 1 1 10 100 12 1 1 9 12 1 1 9 12 1 1 10 12 1 1 9 12 1 1 10 7 12 1 1 1 10 12 1 1 9 12 1 1 9 100 12 1 1 1 100 1 10 8 1 10 12 1 1 10 12 1 8 1 10 12 1 1 10 100 12 1 1 1 100 1 8 1 10 12 1 8 1 10 12 10 7 12 1 1 9 12 1 1 8 1 5 0 8 1 8 1 9 12 1 1 10 12 1 1 18 12 1 1 10 100 12 1 1 1 10 12 1 1 10 12 1 10 12 1 9 7 12 1 1 1 10 12 1 1 9 12 1 10 12 1 10 12 1 10 12 1 10 12 1 10 12 1 10 12 1 1 8 1 10 12 1 10 12 1 10 12 1 10 12 1 1 8 1 10 12 1 1 10 12 1 1 10 12 1 1 10 12 1 10 12 1 10 12 1 9 12 1 8 1 10 12 1 8 1 10 12 1 10 12 1 1 10 12 1 10 12 1 10 12 1 1 10 12 1 10 12 1 10 12 1 10 12 1 10 12 1 10 12 1 1 10 12 1 10 12 1 10 12 1 10 12 1 8 1 1 1 1 1 1 1 1 1 1 1 1 1 100 1 1 1 1 1 1 100 1 1 1 1 100 1 1 1 1 1 1 1 1 1 1 1 1 1 1 1 1 1 1 16 15 15 10 100 12 1 1 1 1 1 1 1 1 100 1 100 1 1
ciInstanceKlass jdk/internal/module/Modules 1 1 481 10 100 12 1 1 1 9 7 12 1 1 1 11 7 12 1 1 1 11 12 1 1 11 12 1 1 11 12 1 1 11 12 1 11 12 1 11 12 1 11 12 1 11 12 1 11 12 1 1 10 100 12 1 1 1 10 12 1 1 10 100 12 1 1 10 100 12 1 1 1 10 100 12 1 1 10 12 1 1 11 12 1 9 12 1 1 11 100 12 1 1 1 10 12 1 1 10 10 12 1 10 100 1 9 12 1 1 10 100 12 1 1 10 12 1 1 10 100 12 1 1 1 100 1 11 100 12 1 1 1 10 100 12 1 1 1 11 100 12 1 1 10 12 1 1 10 100 12 1 1 10 100 12 1 1 1 10 12 1 1 10 12 1 1 11 12 1 1 18 12 1 1 11 100 12 1 1 10 100 12 1 1 1 11 100 12 1 1 1 100 1 11 12 1 1 11 100 12 1 1 1 11 12 1 1 10 12 1 1 10 100 12 1 1 18 12 1 1 11 12 1 1 18 12 1 1 11 12 1 1 10 12 1 18 18 10 12 1 1 9 12 1 1 11 100 12 1 1 1 100 1 10 11 12 1 11 12 1 1 10 100 1 10 12 1 1 10 100 12 1 1 10 12 1 1 11 12 10 12 1 1 100 1 10 18 12 1 10 12 1 1 100 1 8 1 10 12 1 10 100 12 1 1 18 12 1 11 11 12 10 12 1 10 10 100 1 18 12 1 10 10 10 7 12 1 1 10 7 12 1 1 1 10 12 1 1 1 1 1 1 1 1 1 1 1 1 1 1 1 1 1 1 1 1 1 1 1 1 1 1 1 1 1 1 1 1 1 1 1 1 1 1 1 1 1 1 1 1 1 1 1 1 1 1 1 1 1 1 1 1 1 1 1 1 1 1 1 1 100 1 1 1 1 1 1 1 1 1 1 1 1 1 1 1 1 1 1 1 1 1 1 1 16 15 10 12 1 16 1 16 1 15 10 12 1 16 1 16 1 15 10 12 16 1 15 10 16 1 15 10 12 16 1 16 15 10 12 16 15 10 12 16 15 10 12 15 10 100 12 1 1 1 1 1 1 100 1 100 1 1
staticfield jdk/internal/module/Modules JLA Ljdk/internal/access/JavaLangAccess; java/lang/System$1
staticfield jdk/internal/module/Modules JLMA Ljdk/internal/access/JavaLangModuleAccess; java/lang/module/ModuleDescriptor$1
staticfield jdk/internal/module/Modules $assertionsDisabled Z 1
ciInstanceKlass jdk/internal/loader/ClassLoaders 1 1 185 10 100 12 1 1 1 10 7 12 1 1 1 10 12 1 1 10 7 12 1 1 1 9 7 12 1 1 1 9 12 1 1 9 12 1 1 7 1 11 100 12 1 1 1 100 1 11 12 1 1 11 12 1 1 10 100 12 1 1 1 10 100 12 1 1 1 100 1 100 1 10 7 12 1 1 1 9 12 1 1 8 1 10 7 12 1 1 1 10 12 1 1 7 1 10 12 1 10 12 1 1 7 1 10 12 1 1 10 12 1 1 10 12 1 7 1 10 12 10 12 1 8 1 10 7 12 1 1 8 1 8 1 10 12 1 7 1 10 10 12 1 10 12 1 1 1 1 1 1 1 1 1 1 1 1 1 1 1 1 1 1 1 1 100 1 1 1 1 1 1 1 1 1 1 1 1 1 1 1 1 1 1 1 1
staticfield jdk/internal/loader/ClassLoaders JLA Ljdk/internal/access/JavaLangAccess; java/lang/System$1
staticfield jdk/internal/loader/ClassLoaders BOOT_LOADER Ljdk/internal/loader/ClassLoaders$BootClassLoader; jdk/internal/loader/ClassLoaders$BootClassLoader
staticfield jdk/internal/loader/ClassLoaders PLATFORM_LOADER Ljdk/internal/loader/ClassLoaders$PlatformClassLoader; jdk/internal/loader/ClassLoaders$PlatformClassLoader
staticfield jdk/internal/loader/ClassLoaders APP_LOADER Ljdk/internal/loader/ClassLoaders$AppClassLoader; jdk/internal/loader/ClassLoaders$AppClassLoader
instanceKlass org/jgrapht/util/ArrayUnenforcedSet
instanceKlass io/netty/util/internal/RecyclableArrayList
instanceKlass com/google/re2j/Parser$Stack
ciInstanceKlass java/util/ArrayList 1 1 514 10 7 12 1 1 1 7 1 9 7 12 1 1 1 9 12 1 100 1 100 1 10 8 1 10 12 1 1 10 12 1 10 12 1 1 10 12 1 9 12 1 11 7 12 1 1 1 9 12 1 1 11 12 1 1 100 10 7 12 1 1 1 9 12 1 10 12 1 10 12 1 1 10 7 12 1 1 1 10 7 12 1 1 1 10 12 1 1 10 12 1 1 10 12 1 1 10 12 1 10 12 1 1 100 1 100 1 10 12 1 10 10 7 12 1 1 1 10 7 12 1 1 10 12 1 100 1 10 10 12 10 12 1 1 10 12 1 1 10 12 1 10 12 10 12 1 1 7 1 10 12 1 1 10 12 1 1 10 12 1 100 1 10 11 12 1 1 11 7 12 1 1 1 11 12 1 10 12 1 10 12 1 10 12 1 1 100 1 10 12 1 1 10 10 12 1 1 10 12 1 8 1 8 1 8 1 8 1 10 12 1 1 10 12 1 1 11 12 1 100 1 10 100 12 1 1 10 12 1 10 12 1 1 10 100 12 1 1 10 12 1 10 100 12 1 1 1 11 100 12 1 1 1 10 12 1 100 1 8 1 10 7 1 10 12 1 7 1 10 12 1 10 12 1 1 7 1 10 12 1 10 12 1 1 11 100 12 1 1 7 1 10 12 1 10 12 1 1 11 100 12 1 1 10 12 1 1 10 12 1 1 10 12 1 1 10 12 1 1 11 100 12 1 1 10 12 1 1 10 12 1 1 100 1 100 1 100 1 1 1 1 5 0 1 3 1 1 1 1 1 1 1 1 1 1 1 1 1 1 1 1 1 1 1 1 1 1 1 1 1 1 1 1 1 1 1 1 1 1 1 1 1 1 1 1 1 1 1 1 1 1 1 1 1 1 1 1 1 1 1 1 1 1 1 1 1 1 1 1 1 1 1 1 1 1 1 1 1 1 1 1 1 1 1 1 1 1 1 1 1 1 1 1 1 1 1 1 1 1 1 1 1 1 1 1 1 1 1 1 100 1 1 1 1 100 1 1 1 1 1 1 1 1 1 1 1 1 1 1 1 1 1 1 1 1 1 1 1 1 1 1 1 1 1 100 1 1 1 1 1 1 1 1 1 1 1 1 1 1 1 1 1 1 1 100 1 100 1 1 1 1 1 1
staticfield java/util/ArrayList EMPTY_ELEMENTDATA [Ljava/lang/Object; 0 [Ljava/lang/Object;
staticfield java/util/ArrayList DEFAULTCAPACITY_EMPTY_ELEMENTDATA [Ljava/lang/Object; 0 [Ljava/lang/Object;
ciInstanceKlass java/util/List 1 1 251 10 100 12 1 1 1 11 7 12 1 1 1 11 100 12 1 1 1 11 12 1 1 11 100 12 1 1 11 12 1 1 11 12 1 1 10 100 12 1 1 1 7 1 7 1 10 12 1 1 100 1 10 100 12 1 1 1 11 12 1 1 11 12 1 11 12 1 100 1 10 12 1 11 12 1 1 11 12 1 1 11 12 1 10 100 12 1 1 1 9 7 12 1 1 1 7 1 10 12 10 12 1 7 1 10 12 1 1 10 12 1 10 12 1 1 11 12 1 1 100 1 1 1 1 1 1 1 1 1 1 1 1 1 1 1 1 1 1 1 1 1 1 1 1 1 1 1 1 1 1 1 1 1 1 1 1 1 1 1 1 1 1 1 1 100 1 100 1 1 1 1 1 1 1 1 1 1 1 1 1 1 1 1 1 1 1 1 1 1 1 1 1 1 1 1 1 1 1 1 1 1 1 1 1 1 1 1 1 1 1 1 1 1 1 1 1 1 1 1 1 1 1 1 1 1 1 1 1 1 1 1 1 1 1 1 1 1 1 1 1 1 1 1 100 1 1 100 1 1 1
ciInstanceKlass java/util/SequencedCollection 1 1 104 100 1 10 12 1 1 11 100 12 1 1 1 11 100 12 1 1 1 11 12 1 1 11 12 1 100 1 100 1 1 1 1 1 1 1 1 1 1 1 1 1 1 1 1 1 1 1 1 1 1 1 1 1 1 1 1 1 100 1 8 1 12 10 1 1 8 1 1 1 8 1 1 8 1 1 1 8 1 1 8 1 1 1 8 1 1 8 1 8 1 1 8 1 1 1 8 1 1 8 1 1 8 1
ciInstanceKlass java/lang/Iterable 1 1 62 10 7 12 1 1 1 11 7 12 1 1 1 11 7 12 1 1 1 11 12 1 1 11 7 12 1 1 1 10 100 12 1 1 1 100 1 1 1 1 1 1 1 1 1 1 1 1 1 1 1 1 1 1 1 1 1 1 1 1 1 1
ciMethod java/util/List iterator ()Ljava/util/Iterator; 0 0 1 0 -1
ciInstanceKlass java/util/RandomAccess 1 0 7 100 1 100 1 1 1
instanceKlass com/google/common/collect/Collections2$FilteredCollection
instanceKlass com/google/common/collect/AbstractMapBasedMultimap$WrappedCollection
instanceKlass com/google/common/collect/AbstractMultiset
instanceKlass java/util/TreeMap$Values
instanceKlass java/util/AbstractQueue
instanceKlass com/google/common/collect/ImmutableCollection
instanceKlass java/util/LinkedHashMap$LinkedValues
instanceKlass java/util/IdentityHashMap$Values
instanceKlass java/util/HashMap$Values
instanceKlass java/util/ArrayDeque
instanceKlass java/util/AbstractSet
instanceKlass java/util/ImmutableCollections$AbstractImmutableCollection
instanceKlass java/util/AbstractList
ciInstanceKlass java/util/AbstractCollection 1 1 160 10 7 12 1 1 1 10 7 12 1 1 1 10 12 1 1 11 7 12 1 1 1 11 12 1 1 10 12 1 1 10 100 12 1 1 1 10 12 1 1 10 12 1 1 10 7 12 1 1 10 7 12 1 1 1 7 1 10 100 12 1 1 1 10 100 12 1 1 1 100 1 10 11 12 1 11 7 1 10 12 1 10 12 1 10 100 12 1 1 1 11 8 1 7 1 10 10 12 1 1 8 1 10 12 1 10 12 1 1 1 1 1 1 1 1 1 1 1 1 1 1 1 1 1 1 1 1 1 1 1 1 1 1 1 1 1 1 1 1 1 1 1 1 1 1 1 1 1 1 1 1 1 1 1 1 1 1 1 1
instanceKlass com/google/firebase/rules/runtime/utils/ListView
instanceKlass java/util/Collections$CopiesList
instanceKlass com/google/protobuf/RepeatedFieldBuilder$BuilderExternalList
instanceKlass com/google/common/primitives/Ints$IntArrayAsList
instanceKlass com/google/common/collect/Lists$ReverseList
instanceKlass com/google/common/collect/Lists$TransformingRandomAccessList
instanceKlass com/google/common/collect/Lists$Partition
instanceKlass io/netty/handler/codec/HeadersUtils$1
instanceKlass io/netty/handler/codec/CodecOutputList
instanceKlass java/util/AbstractSequentialList
instanceKlass java/util/Vector
instanceKlass com/google/protobuf/Internal$IntListAdapter
instanceKlass sun/security/jca/ProviderList$2
instanceKlass com/google/protobuf/AbstractProtobufList
instanceKlass java/util/ArrayList$SubList
instanceKlass java/util/Collections$SingletonList
instanceKlass java/util/Arrays$ArrayList
instanceKlass java/util/Collections$EmptyList
instanceKlass java/util/ArrayList
ciInstanceKlass java/util/AbstractList 1 1 218 10 7 12 1 1 1 9 7 12 1 1 1 10 12 1 1 10 12 1 1 100 1 10 10 12 1 1 11 100 12 1 1 1 11 12 1 1 11 12 1 10 100 12 1 1 1 10 12 1 11 12 1 11 12 1 11 12 1 10 12 1 1 10 12 1 1 11 100 12 1 1 1 11 100 1 11 7 1 10 12 1 7 1 10 12 1 10 12 1 1 100 1 100 1 10 12 1 100 1 10 100 1 100 1 10 8 1 10 12 1 1 10 12 1 10 12 1 1 10 12 1 8 1 100 1 8 1 8 1 8 1 10 100 1 11 10 10 12 1 11 12 1 10 12 1 1 8 1 8 1 1 1 1 1 1 1 1 1 1 1 1 1 1 1 1 1 1 1 1 1 1 1 1 1 1 1 1 1 1 1 1 1 1 1 1 1 1 1 1 1 1 1 1 1 1 1 1 1 1 1 1 1 1 1 1 1 1 100 1 100 1 1 1 1 1 1 1
ciInstanceKlass java/util/Locale 1 1 1140 9 7 12 1 1 1 7 1 10 12 1 1 9 12 1 1 11 7 12 1 1 1 10 7 12 1 1 9 12 1 1 9 12 1 1 100 1 10 10 12 1 1 8 1 10 12 1 1 10 12 1 1 10 12 1 10 12 1 10 12 1 11 12 1 1 10 7 12 1 1 1 100 1 10 9 12 1 1 10 7 12 1 1 9 7 12 1 1 1 9 12 1 10 12 1 1 9 12 1 1 9 12 1 100 1 8 1 10 12 1 9 12 1 10 12 1 10 12 1 1 9 7 12 1 1 1 9 12 1 9 12 1 9 12 1 9 12 1 10 12 1 1 10 7 12 1 1 100 1 9 12 1 9 12 1 9 12 1 9 12 1 9 12 1 9 12 1 9 12 1 9 12 1 9 12 1 9 12 1 10 12 1 1 10 7 12 1 1 1 10 12 1 1 7 1 10 10 12 1 1 10 100 1 10 12 1 1 10 12 1 1 8 1 10 12 1 8 1 10 12 1 1 8 1 10 100 12 1 1 1 10 12 1 1 9 12 1 1 100 1 8 1 10 12 1 1 7 1 10 100 12 1 1 1 10 100 12 1 1 1 9 12 1 8 1 10 12 1 10 12 1 1 10 12 1 1 10 12 1 10 12 1 10 12 1 10 12 1 1 10 12 1 1 100 1 7 1 10 8 1 10 12 1 1 10 12 1 10 12 1 10 10 100 12 1 1 1 10 12 1 1 10 100 12 1 1 1 10 12 1 10 12 1 10 12 1 8 1 10 12 1 10 12 1 10 12 10 12 1 10 8 1 9 12 1 10 7 12 1 1 1 10 12 1 10 12 1 10 12 1 8 1 10 12 1 10 12 1 10 12 1 10 12 1 1 11 7 12 1 1 1 11 7 12 1 1 11 12 1 1 10 12 1 10 12 1 10 12 1 10 8 1 10 12 1 7 1 10 12 1 10 12 1 1 10 12 1 1 10 12 1 1 10 12 1 1 100 1 8 1 8 1 10 8 1 10 8 1 8 1 10 12 1 1 10 12 1 10 12 1 1 10 12 1 1 10 12 1 10 12 1 100 1 10 12 1 1 8 1 9 100 12 1 1 1 10 7 12 1 1 10 12 1 1 10 12 1 10 100 12 1 1 1 10 12 1 1 10 12 1 1 8 1 10 100 12 1 1 10 12 1 1 10 12 1 8 1 100 1 10 10 12 1 1 10 100 12 1 1 1 10 12 1 1 11 100 12 1 1 18 12 1 1 11 100 12 1 1 1 18 12 1 1 11 12 1 1 18 12 1 10 12 1 10 12 1 10 12 1 1 11 12 1 1 100 100 1 10 10 12 1 1 8 1 10 12 1 100 1 100 1 10 12 1 9 12 1 1 10 12 1 10 10 12 1 10 100 1 8 1 10 12 1 10 12 1 10 12 1 10 10 8 1 8 1 8 1 9 12 1 10 12 1 10 12 1 8 1 10 12 1 10 12 1 10 100 12 1 1 18 12 1 10 12 1 8 1 10 12 1 8 1 10 12 1 1 10 12 1 18 12 1 11 12 1 1 10 12 1 10 100 12 1 1 1 8 10 100 12 1 1 8 8 1 8 1 8 8 1 10 12 1 10 12 1 10 100 12 1 1 1 10 100 12 1 1 100 1 10 12 1 10 10 12 1 10 12 1 10 8 1 10 12 1 1 8 1 8 1 9 12 1 8 1 8 1 9 12 1 10 100 12 1 1 1 9 100 12 1 1 1 10 10 12 1 10 10 12 1 1 10 12 1 1 100 1 10 12 1 1 10 12 1 1 10 7 12 1 1 7 1 10 10 12 1 1 9 12 1 9 12 1 9 12 1 9 12 1 9 12 1 9 12 1 9 12 1 9 12 1 9 12 1 9 12 1 9 12 1 9 12 1 9 12 1 9 12 1 9 12 1 9 12 1 9 12 1 9 12 1 9 12 1 9 12 1 9 12 1 10 12 7 1 10 12 1 9 12 1 1 9 12 1 1 100 1 100 1 1 1 1 1 1 3 1 3 1 1 5 0 1 3 1 3 1 3 1 3 1 3 1 3 1 1 1 1 1 1 1 1 1 1 1 1 1 1 1 1 1 1 1 1 1 1 1 1 1 1 1 1 1 1 1 1 1 1 1 1 1 1 1 1 1 1 1 1 1 1 1 1 1 1 1 1 1 1 1 1 1 1 1 1 1 1 1 1 1 1 1 1 1 100 1 1 1 1 1 1 1 1 1 1 1 1 1 1 1 1 1 1 1 1 1 1 1 1 1 1 1 1 1 1 1 1 1 1 1 1 1 1 1 100 1 1 1 1 1 1 1 1 1 1 1 1 1 1 1 1 1 1 100 1 1 1 1 1 1 1 1 100 1 1 100 1 1 1 1 1 1 1 1 1 1 1 1 1 1 1 1 1 1 1 1 1 1 1 1 1 1 1 1 1 1 100 1 100 1 100 1 100 1 100 1 1 16 15 10 12 16 16 15 16 15 10 12 15 10 12 16 15 10 12 16 15 10 100 12 1 1 1 1 1 1 1 1 1 100 1 1 1 1 1 1 1 100 1 100 1 1
staticfield java/util/Locale ENGLISH Ljava/util/Locale; java/util/Locale
staticfield java/util/Locale FRENCH Ljava/util/Locale; java/util/Locale
staticfield java/util/Locale GERMAN Ljava/util/Locale; java/util/Locale
staticfield java/util/Locale ITALIAN Ljava/util/Locale; java/util/Locale
staticfield java/util/Locale JAPANESE Ljava/util/Locale; java/util/Locale
staticfield java/util/Locale KOREAN Ljava/util/Locale; java/util/Locale
staticfield java/util/Locale CHINESE Ljava/util/Locale; java/util/Locale
staticfield java/util/Locale SIMPLIFIED_CHINESE Ljava/util/Locale; java/util/Locale
staticfield java/util/Locale TRADITIONAL_CHINESE Ljava/util/Locale; java/util/Locale
staticfield java/util/Locale FRANCE Ljava/util/Locale; java/util/Locale
staticfield java/util/Locale GERMANY Ljava/util/Locale; java/util/Locale
staticfield java/util/Locale ITALY Ljava/util/Locale; java/util/Locale
staticfield java/util/Locale JAPAN Ljava/util/Locale; java/util/Locale
staticfield java/util/Locale KOREA Ljava/util/Locale; java/util/Locale
staticfield java/util/Locale UK Ljava/util/Locale; java/util/Locale
staticfield java/util/Locale US Ljava/util/Locale; java/util/Locale
staticfield java/util/Locale CANADA Ljava/util/Locale; java/util/Locale
staticfield java/util/Locale CANADA_FRENCH Ljava/util/Locale; java/util/Locale
staticfield java/util/Locale ROOT Ljava/util/Locale; java/util/Locale
staticfield java/util/Locale CONSTANT_LOCALES Ljava/util/Map; java/util/HashMap
staticfield java/util/Locale CHINA Ljava/util/Locale; java/util/Locale
staticfield java/util/Locale PRC Ljava/util/Locale; java/util/Locale
staticfield java/util/Locale TAIWAN Ljava/util/Locale; java/util/Locale
staticfield java/util/Locale serialPersistentFields [Ljava/io/ObjectStreamField; 6 [Ljava/io/ObjectStreamField;
staticfield java/util/Locale $assertionsDisabled Z 1
ciMethod java/util/Locale equals (Ljava/lang/Object;)Z 1024 0 6672 0 3504
ciMethod java/util/Locale hashCode ()I 1024 0 7794 0 168
ciMethod java/util/Locale getDefault (Ljava/util/Locale$Category;)Ljava/util/Locale; 2 0 4986 0 0
ciMethod java/util/Locale getLanguage ()Ljava/lang/String; 406 0 1664 0 0
ciMethod java/util/Locale getDisplayLocale ()Ljava/util/Locale; 0 0 1 0 -1
ciMethod java/util/Locale getFormatLocale ()Ljava/util/Locale; 2 0 1 0 -1
ciInstanceKlass java/util/Formatter 1 1 358 9 7 12 1 1 1 10 7 12 1 1 1 10 7 12 1 1 1 10 12 1 1 10 12 1 10 12 1 1 10 12 1 10 12 1 10 12 1 8 1 10 100 12 1 1 1 10 100 12 1 1 1 100 1 100 1 100 1 10 12 1 1 7 1 10 12 1 10 7 1 9 12 1 1 9 12 1 1 100 1 100 1 100 1 10 12 1 10 12 1 10 12 1 10 12 1 9 7 12 1 1 1 10 12 1 1 10 12 1 1 10 10 12 1 10 12 1 10 12 1 100 1 10 10 12 1 8 1 10 12 1 10 12 1 7 1 10 12 1 10 12 1 10 12 1 11 12 1 1 100 1 11 12 1 100 1 9 12 1 1 100 1 11 12 1 100 1 10 10 12 1 1 10 12 1 1 11 7 12 1 1 1 11 7 12 1 1 1 11 12 1 1 7 1 11 12 1 1 11 12 1 1 100 1 11 10 7 1 10 10 7 12 1 1 10 12 1 1 7 1 10 12 1 10 12 1 100 1 8 1 10 10 12 1 1 10 7 12 1 1 1 7 1 10 12 1 7 1 10 12 1 10 12 1 1 10 12 10 12 1 1 1 1 1 1 1 1 1 1 1 1 1 1 100 1 1 1 1 1 1 1 100 1 1 1 1 1 1 1 1 1 1 1 1 1 1 1 1 1 1 100 1 1 1 1 1 1 1 1 1 1 1 1 1 1 1 1 100 1 1 1 1 1 1 1 1 1 1 1 1 1 1 1 1 1 1 1 1 100 1 100 1 100 1 100 1 1 1 1 1 1 1 1 1 1 1 1
ciMethod java/util/Formatter getGroupingSeparator (Ljava/util/Locale;)C 0 0 1 0 -1
ciMethod java/util/Formatter getDecimalSeparator (Ljava/util/Locale;)C 0 0 1 0 -1
ciMethod java/util/Formatter getMinusSign (Ljava/util/Locale;)C 0 0 1 0 -1
ciMethod java/util/Formatter getZero (Ljava/util/Locale;)C 770 0 2194 0 -1
ciInstanceKlass java/lang/annotation/Annotation 1 0 17 100 1 100 1 1 1 1 1 1 1 1 1 1 1 1 1
instanceKlass sun/util/resources/OpenListResourceBundle
instanceKlass sun/util/resources/ParallelListResourceBundle
instanceKlass java/util/PropertyResourceBundle
instanceKlass java/util/ListResourceBundle
instanceKlass java/util/ResourceBundle$2
instanceKlass sun/util/resources/Bundles$1
ciInstanceKlass java/util/ResourceBundle 1 1 795 9 7 12 1 1 1 10 7 12 1 1 1 9 12 1 1 9 12 1 1 10 12 1 1 7 1 7 1 10 12 1 100 1 7 1 10 8 1 10 12 1 1 10 12 1 1 10 7 12 1 1 1 8 1 10 12 1 10 12 1 10 7 12 1 1 1 10 12 1 1 10 7 12 1 1 9 12 1 1 9 12 1 100 1 10 10 7 12 1 1 10 7 12 1 1 1 10 12 1 1 10 12 1 1 10 12 1 1 10 12 1 10 12 1 1 100 1 10 10 12 1 10 12 1 1 10 12 1 1 9 7 12 1 1 1 10 7 12 1 1 1 100 1 8 1 10 12 1 10 12 1 1 10 12 1 10 12 1 10 12 1 10 100 1 10 100 12 1 1 1 7 1 10 12 1 9 12 1 1 11 7 12 1 1 7 1 10 12 1 10 12 1 1 10 12 1 100 1 10 12 1 1 10 12 1 1 100 1 8 1 10 10 12 1 1 8 1 10 12 1 1 9 12 1 10 12 1 1 11 7 12 1 1 1 11 12 1 10 12 1 1 10 12 1 1 10 12 1 1 10 7 12 1 1 1 11 12 1 9 12 1 1 10 7 12 1 1 1 100 1 11 12 1 1 11 12 1 10 12 1 1 10 12 1 1 9 12 1 10 12 1 11 12 1 8 1 10 7 12 1 1 1 10 12 1 1 10 12 1 1 10 12 1 10 12 1 1 10 12 1 1 10 10 12 1 10 12 1 10 12 1 1 10 12 1 1 10 12 1 1 10 12 1 1 10 12 1 1 8 1 10 12 1 10 12 1 11 12 1 1 11 7 12 1 1 11 12 1 10 12 1 8 1 10 8 1 10 7 12 1 1 1 10 12 1 100 1 8 1 10 100 1 100 1 10 12 1 1 10 100 12 1 1 1 100 1 10 12 1 1 10 12 1 10 12 1 1 8 1 8 1 10 12 1 1 100 1 10 12 1 7 1 10 9 12 1 10 11 9 7 12 1 1 11 12 1 1 8 1 9 12 1 8 1 10 12 1 8 1 10 12 1 10 12 1 1 10 100 12 1 1 1 9 12 1 1 9 12 1 1 8 1 8 1 8 1 10 12 1 10 10 12 1 9 12 1 10 12 1 1 10 12 1 1 5 0 10 12 1 10 12 1 11 12 1 1 10 12 1 11 12 1 10 12 1 1 5 0 8 1 10 12 1 11 12 1 1 18 12 1 1 11 7 12 1 1 1 18 12 1 10 12 1 11 12 1 100 1 10 11 12 1 1 9 12 1 10 12 1 1 11 100 12 1 1 11 12 1 11 12 1 100 1 8 1 10 9 12 1 9 12 1 1 10 100 12 1 1 1 10 12 10 12 1 7 1 10 10 7 12 1 1 1 7 1 10 7 1 10 12 1 10 8 1 10 12 1 1 1 1 1 3 1 1 1 1 1 1 1 1 1 1 1 1 1 1 1 1 1 1 1 1 1 1 1 1 1 1 1 1 1 1 1 1 1 1 1 1 1 1 1 1 1 1 1 1 1 1 1 1 1 1 1 1 1 1 1 1 1 1 1 1 1 1 1 1 1 1 1 1 1 1 1 100 1 1 1 1 1 1 1 1 1 1 1 1 1 1 1 1 1 1 1 1 1 1 1 1 1 1 1 1 1 1 1 1 1 1 1 1 1 1 1 1 1 1 1 1 1 1 1 1 1 1 1 1 1 1 100 1 100 1 1 16 15 10 12 16 1 15 10 12 15 10 100 12 1 1 1 1 1 1 1 1 1 1 1 1 1 100 1 100 1 1
staticfield java/util/ResourceBundle NONEXISTENT_BUNDLE Ljava/util/ResourceBundle; java/util/ResourceBundle$2
staticfield java/util/ResourceBundle cacheList Ljava/util/concurrent/ConcurrentMap; java/util/concurrent/ConcurrentHashMap
staticfield java/util/ResourceBundle referenceQueue Ljava/lang/ref/ReferenceQueue; java/lang/ref/ReferenceQueue
staticfield java/util/ResourceBundle TRACE_ON Z 0
staticfield java/util/ResourceBundle $assertionsDisabled Z 1
ciMethod java/util/ResourceBundle containsKey (Ljava/lang/String;)Z 494 858 247 0 -1
ciMethod java/util/ResourceBundle getStringArray (Ljava/lang/String;)[Ljava/lang/String; 56 0 34 0 -1
ciMethod java/util/ResourceBundle getString (Ljava/lang/String;)Ljava/lang/String; 18 0 12 0 -1
ciInstanceKlass java/lang/classfile/Attribute 1 0 97 100 1 100 1 100 1 1 1 1 1 1 1 1 1 1 1 100 1 100 1 100 1 100 1 100 1 100 1 100 1 100 1 100 1 100 1 100 1 100 1 100 1 100 1 100 1 100 1 100 1 100 1 100 1 100 1 100 1 100 1 100 1 100 1 100 1 100 1 100 1 100 1 100 1 100 1 100 1 100 1 100 1 100 1 100 1 100 1 100 1 100 1 100 1 100 1
ciInstanceKlass jdk/internal/util/DecimalDigits 1 1 118 10 100 12 1 1 1 5 0 5 0 10 7 12 1 1 1 10 12 1 100 1 5 0 5 0 10 12 1 10 12 1 10 12 1 1 9 12 1 1 9 12 1 1 100 1 10 9 12 1 1 9 7 12 1 1 1 10 12 1 1 10 12 1 1 10 7 12 1 1 1 10 12 1 1 1 1 1 1 1 1 1 1 1 1 1 1 1 1 1 1 1 1 1 1 1 1 1 1 1 1 1 1 1 1 1 1 1 1 1 1 1 1 1 1 100 1 1
staticfield jdk/internal/util/DecimalDigits UNSAFE Ljdk/internal/misc/Unsafe; jdk/internal/misc/Unsafe
staticfield jdk/internal/util/DecimalDigits DIGITS [S 128
staticfield jdk/internal/util/DecimalDigits $assertionsDisabled Z 1
ciMethod jdk/internal/util/DecimalDigits stringSize (J)I 514 1054 5398 0 424
ciMethod jdk/internal/util/DecimalDigits uncheckedGetCharsLatin1 (JI[B)I 768 882 7556 0 496
ciMethod jdk/internal/util/DecimalDigits uncheckedGetCharsUTF16 (JI[B)I 108 64 90 0 -1
ciMethod jdk/internal/util/DecimalDigits uncheckedPutPairLatin1 ([BII)V 526 0 6418 0 0
ciMethod jdk/internal/util/DecimalDigits uncheckedPutCharLatin1 ([BII)V 518 0 7448 0 112
instanceKlass java/util/concurrent/ConcurrentHashMap$ForwardingNode
instanceKlass java/util/concurrent/ConcurrentHashMap$ReservationNode
ciInstanceKlass java/util/concurrent/ConcurrentHashMap$Node 1 1 97 10 7 12 1 1 1 9 7 12 1 1 1 9 12 1 1 9 12 1 10 12 1 9 12 1 1 10 12 1 1 10 100 12 1 1 1 100 1 10 100 1 11 12 1 1 11 12 1 10 12 1 1 1 1 1 1 1 1 1 1 1 1 1 1 1 1 1 1 1 1 1 1 1 1 1 1 1 1 1 1 1 1 1 1 1 1 1 1 1 100 1 1 1 100 1 1
ciMethod java/util/concurrent/ConcurrentHashMap$Node find (ILjava/lang/Object;)Ljava/util/concurrent/ConcurrentHashMap$Node; 0 0 1 0 -1
ciInstanceKlass java/util/concurrent/ConcurrentHashMap$ForwardingNode 1 1 71 100 1 10 7 12 1 1 1 9 7 12 1 1 1 10 12 1 1 9 12 1 1 9 12 1 1 10 100 12 1 1 1 10 12 1 1 9 12 1 1 1 1 1 1 1 1 1 1 1 1 1 1 1 1 1 1 1 1 1 1 1 100 1 1 1 1 1 1 1 1
ciInstanceKlass java/util/Locale$Category 1 1 94 7 1 9 12 1 1 9 12 1 9 12 1 1 10 100 12 1 1 10 7 12 1 1 1 10 12 1 1 9 12 1 1 9 12 1 9 12 1 9 12 1 9 12 1 8 8 1 8 1 8 1 8 1 8 1 10 12 1 8 8 1 8 1 8 1 8 1 8 1 10 12 1 1 1 1 1 1 1 1 1 1 1 1 1 1 1 1 1 1 100 1 1 1
staticfield java/util/Locale$Category DISPLAY Ljava/util/Locale$Category; java/util/Locale$Category
staticfield java/util/Locale$Category FORMAT Ljava/util/Locale$Category; java/util/Locale$Category
staticfield java/util/Locale$Category $VALUES [Ljava/util/Locale$Category; 2 [Ljava/util/Locale$Category;
ciInstanceKlass jdk/internal/util/StrongReferenceKey 1 1 82 10 7 12 1 1 1 9 7 12 1 1 1 7 1 11 12 1 1 10 10 7 12 1 1 1 10 12 1 1 100 1 10 10 12 1 1 10 100 12 1 1 1 10 12 1 1 8 1 10 100 12 1 1 1 10 12 1 10 12 1 1 1 1 1 1 1 1 1 1 1 1 1 1 1 1 1 1 1 1 1 1
ciInstanceKlass java/time/Instant 1 1 588 100 1 10 7 12 1 1 1 8 1 10 7 12 1 1 1 10 12 1 10 7 12 1 1 1 5 0 10 7 12 1 1 1 10 12 1 10 12 1 10 12 1 10 12 1 3 8 1 9 7 12 1 1 1 11 7 12 1 1 1 9 12 1 11 12 1 1 10 12 1 1 100 1 100 1 10 12 1 1 8 1 10 12 1 1 10 12 1 8 1 11 12 1 1 10 100 12 1 1 1 10 12 1 10 12 1 9 7 12 1 1 1 18 12 1 1 10 12 1 1 9 12 1 1 5 0 5 0 8 1 10 12 1 10 12 1 10 7 1 9 12 1 1 9 12 1 1 9 12 1 9 12 1 11 100 12 1 1 1 7 1 11 7 12 1 1 1 9 12 1 1 11 12 1 11 100 12 1 1 1 9 7 12 1 1 1 10 12 1 1 100 1 8 1 10 10 11 12 1 1 10 100 12 1 1 1 11 100 12 1 1 1 10 12 1 1 11 12 1 9 12 1 11 12 1 1 10 7 12 1 1 1 5 0 8 1 10 12 1 5 0 8 1 10 12 1 1 11 7 12 1 1 9 12 1 10 5 0 5 0 10 12 1 10 12 1 10 12 1 10 12 1 3 3 8 1 11 12 11 12 1 7 1 5 0 5 0 10 12 1 10 7 12 1 1 10 12 1 10 12 1 10 12 1 10 12 1 10 12 1 10 12 1 11 100 12 1 1 11 12 1 1 10 12 1 1 10 12 1 1 10 12 1 10 12 1 10 12 1 5 0 5 0 5 0 11 12 1 1 8 1 10 12 1 10 12 1 1 10 12 3 10 100 12 1 1 1 10 100 12 1 1 10 12 1 1 10 12 1 1 10 12 1 1 10 12 1 1 100 1 10 12 1 100 1 8 1 10 11 100 12 1 1 1 11 12 1 1 11 100 12 1 1 11 12 1 10 12 1 10 12 1 10 12 10 12 1 10 12 1 9 12 1 5 0 9 12 1 100 1 100 1 1 1 1 1 5 0 1 1 1 1 1 1 1 1 1 1 1 1 1 1 1 1 1 1 1 1 1 1 1 1 1 1 1 1 1 1 1 1 1 1 1 1 1 1 1 1 1 1 1 1 1 1 1 1 1 1 1 1 1 1 1 1 1 1 1 1 1 1 1 1 1 1 1 1 1 1 1 1 1 1 1 1 1 1 1 1 1 1 1 1 1 1 1 1 1 1 1 1 1 1 1 1 1 1 1 1 1 1 1 1 100 1 1 1 1 1 1 1 1 1 1 1 1 1 1 1 1 1 1 16 15 16 15 10 100 12 1 1 1 1 100 1 100 1 1
staticfield java/time/Instant EPOCH Ljava/time/Instant; java/time/Instant
staticfield java/time/Instant MIN Ljava/time/Instant; java/time/Instant
staticfield java/time/Instant MAX Ljava/time/Instant; java/time/Instant
ciInstanceKlass java/time/temporal/Temporal 1 1 69 11 100 12 1 1 1 11 100 12 1 1 11 12 1 100 1 5 0 5 0 11 100 12 1 1 1 100 1 100 1 1 1 1 1 1 1 1 1 1 1 1 1 1 1 1 1 1 1 1 1 1 1 1 1 1 1 100 1 8 1 1 12 10 1 1 1 8 1
ciInstanceKlass java/time/temporal/TemporalAccessor 1 1 125 100 1 11 100 12 1 1 1 11 100 12 1 1 1 100 1 100 1 10 12 1 1 8 1 10 12 1 1 10 12 1 10 12 1 1 10 12 1 8 1 10 100 12 1 1 1 11 12 1 1 11 12 1 10 100 12 1 1 1 8 1 8 1 11 12 1 1 10 12 1 1 100 1 8 1 8 1 8 1 10 12 1 10 10 100 12 1 1 1 10 12 1 10 12 1 11 100 12 1 1 1 100 1 1 1 1 1 1 1 1 1 1 1 1 1 1 1 1 1 1 1 1 1 1
ciMethod java/time/temporal/TemporalAccessor get (Ljava/time/temporal/TemporalField;)I 0 0 1 0 -1
ciMethod java/time/temporal/TemporalAccessor query (Ljava/time/temporal/TemporalQuery;)Ljava/lang/Object; 0 0 1 0 -1
ciMethod java/time/Instant from (Ljava/time/temporal/TemporalAccessor;)Ljava/time/Instant; 516 0 5378 0 -1
ciInstanceKlass java/time/ZoneOffset 1 1 406 100 1 8 1 10 100 12 1 1 1 9 7 12 1 1 1 11 7 12 1 1 1 10 100 12 1 1 1 7 1 10 12 1 1 10 12 1 1 10 12 1 1 8 1 10 12 1 10 12 1 1 10 12 1 1 100 1 8 1 10 12 1 8 1 10 12 1 1 11 100 1 8 1 10 12 1 8 1 10 12 1 1 10 12 1 1 10 12 1 1 8 1 10 100 12 1 1 1 11 100 12 1 1 1 8 1 8 1 11 12 1 1 10 100 12 1 1 8 1 10 12 1 8 1 8 1 8 1 8 1 8 1 8 1 8 1 10 7 12 1 1 1 8 1 3 3 9 12 1 1 10 7 12 1 1 1 10 12 1 10 12 1 1 10 12 1 11 12 1 1 10 7 1 9 12 1 10 12 1 1 9 12 1 1 8 1 8 1 8 1 8 1 8 1 8 1 9 12 1 1 10 7 12 1 1 1 100 1 9 12 1 1 11 100 12 1 1 1 11 12 1 1 100 1 8 1 10 10 10 12 1 1 10 100 12 1 1 1 11 12 1 1 10 12 1 11 100 12 1 1 1 100 1 10 12 1 100 1 8 1 10 11 100 12 1 1 10 12 1 1 11 12 1 11 100 12 1 1 1 11 12 1 10 12 1 1 10 7 1 4 10 12 1 9 12 1 1 9 12 1 9 12 1 100 1 100 1 100 1 1 1 3 1 1 1 1 1 1 5 0 1 1 1 1 1 1 1 1 1 1 1 1 1 1 1 1 1 1 1 1 1 1 1 1 1 1 1 1 1 1 1 1 1 1 1 1 1 1 1 1 1 1 1 1 1 1 1 1 1 1 1 1 1 1 1 1 1 1 1 1 1 1 1 1 1 1 1 1 1 1 100 1 1 1 1 1 1 1 1 1 1 1 1 1 1
staticfield java/time/ZoneOffset QUARTER_CACHE Ljava/util/concurrent/atomic/AtomicReferenceArray; java/util/concurrent/atomic/AtomicReferenceArray
staticfield java/time/ZoneOffset ID_CACHE Ljava/util/concurrent/ConcurrentMap; java/util/concurrent/ConcurrentHashMap
staticfield java/time/ZoneOffset UTC Ljava/time/ZoneOffset; java/time/ZoneOffset
staticfield java/time/ZoneOffset MIN Ljava/time/ZoneOffset; java/time/ZoneOffset
staticfield java/time/ZoneOffset MAX Ljava/time/ZoneOffset; java/time/ZoneOffset
instanceKlass java/time/ZoneOffset
instanceKlass java/time/ZoneRegion
ciInstanceKlass java/time/ZoneId 1 1 440 10 7 12 1 1 1 10 12 1 1 100 1 10 100 12 1 1 1 10 12 1 1 8 1 10 7 12 1 1 1 8 1 11 7 12 1 1 1 7 1 10 12 1 1 10 7 12 1 1 1 10 12 1 8 1 8 1 10 12 1 1 8 1 10 12 1 1 8 1 8 1 100 1 100 1 10 12 1 8 1 10 12 1 1 10 12 1 1 10 12 1 10 7 12 1 1 1 10 12 1 10 12 1 1 7 1 10 12 1 1 10 12 1 10 12 1 8 1 10 12 1 1 8 1 10 12 1 10 12 1 1 10 12 1 1 10 12 1 1 9 12 1 10 12 1 1 10 12 1 1 10 12 1 100 1 8 1 10 12 1 10 100 12 1 1 1 11 100 12 1 1 1 8 1 10 12 1 8 1 11 12 1 1 10 100 12 1 1 10 10 7 1 100 1 10 10 12 1 1 10 12 1 1 10 12 1 1 10 100 12 1 1 1 100 1 10 12 1 10 10 100 12 1 1 9 100 12 1 1 1 10 12 1 1 100 1 10 10 12 1 100 1 8 1 10 100 1 10 12 1 7 1 8 1 8 1 11 12 1 1 8 1 8 1 8 1 8 1 8 1 8 1 8 1 8 1 8 1 8 1 8 1 8 1 8 1 8 1 8 1 8 1 8 1 8 1 8 1 8 1 8 1 8 1 8 1 8 1 8 1 8 1 8 1 8 1 8 1 8 1 8 1 8 1 8 1 8 1 8 1 8 1 8 1 8 1 8 1 8 1 8 1 8 1 8 1 8 1 8 1 8 1 8 1 8 1 8 1 8 1 8 1 8 1 8 1 11 12 1 1 9 12 1 1 100 1 1 1 1 1 1 5 0 1 1 1 1 1 1 1 1 1 1 1 1 1 1 1 1 1 1 1 1 1 1 1 1 1 1 1 1 1 1 1 1 1 1 1 1 1 1 1 1 1 1 1 1 1 100 1 1 1 1 1 1 1 1 1 1
staticfield java/time/ZoneId SHORT_IDS Ljava/util/Map; java/util/ImmutableCollections$MapN
ciMethod java/time/ZoneId getId ()Ljava/lang/String; 0 0 1 0 -1
ciMethod java/time/ZoneId getRules ()Ljava/time/zone/ZoneRules; 0 0 1 0 -1
ciMethod java/time/ZoneOffset getTotalSeconds ()I 256 0 128 0 -1
ciInstanceKlass java/time/LocalDateTime 1 1 782 7 1 10 100 12 1 1 1 10 7 12 1 1 1 10 12 1 1 8 1 10 7 12 1 1 1 10 12 1 1 10 12 1 1 10 100 12 1 1 1 10 100 12 1 1 1 10 100 12 1 1 1 10 12 1 1 10 12 1 1 10 7 12 1 1 1 10 12 1 10 12 1 1 10 12 1 10 12 1 10 12 1 8 1 8 1 8 8 1 8 1 9 7 12 1 1 1 10 12 1 1 10 7 12 1 1 3 10 7 12 1 1 1 10 12 1 1 10 12 1 1 5 0 10 12 1 1 100 1 10 12 1 1 100 1 10 10 12 1 1 10 12 1 100 1 100 1 10 12 1 8 1 10 12 1 1 10 12 1 8 1 11 100 12 1 1 1 10 100 12 1 1 1 10 12 1 10 12 1 9 100 12 1 1 1 10 12 1 1 8 1 18 12 1 1 10 12 1 10 7 1 9 12 1 9 12 1 10 12 1 1 10 12 1 11 100 12 1 1 1 11 100 12 1 1 1 10 12 1 1 10 11 12 1 1 10 12 1 1 10 11 10 12 1 1 10 11 12 1 1 10 12 1 10 12 1 10 12 1 1 10 12 1 10 12 1 10 12 1 1 10 12 1 10 12 1 10 12 1 10 10 12 1 1 11 100 12 1 1 1 10 12 1 10 12 1 11 12 1 10 12 1 1 10 12 1 10 12 1 10 12 1 10 12 1 1 10 12 1 10 12 1 10 12 1 10 12 1 1 100 1 10 12 1 1 8 1 11 100 12 1 1 100 1 9 100 12 1 1 1 10 12 1 10 12 1 1 5 0 10 12 1 5 0 5 0 5 0 10 12 1 10 12 1 10 12 1 5 0 5 0 10 12 1 11 100 12 1 10 12 1 10 12 1 10 12 1 10 12 10 12 1 1 10 12 1 8 1 11 12 1 100 1 5 0 5 0 10 12 1 10 12 10 12 10 12 5 0 5 0 5 0 5 0 5 0 5 0 10 12 1 10 12 1 10 12 10 100 12 1 1 11 12 1 1 11 10 12 1 11 10 12 1 1 10 12 1 1 10 12 1 10 12 5 0 10 12 1 10 12 1 1 10 12 1 1 10 12 1 10 12 10 12 10 11 12 1 1 10 12 1 1 10 12 1 10 12 1 10 12 1 1 11 12 1 1 10 12 1 1 10 12 1 10 12 1 1 10 12 1 11 12 1 11 12 11 12 1 10 12 1 1 10 10 12 1 10 10 12 1 10 100 12 1 1 1 100 1 10 12 1 100 1 8 1 10 12 1 10 12 1 1 10 10 12 1 1 10 12 1 10 12 10 12 10 12 1 10 12 10 12 1 10 12 1 10 12 1 1 10 9 12 1 9 12 9 12 1 9 12 1 9 12 9 12 100 1 100 1 1 1 1 5 0 1 1 1 1 1 1 1 1 1 1 1 1 1 1 1 1 1 1 1 1 1 1 1 1 1 1 1 1 1 1 1 1 1 1 1 1 1 1 1 1 1 1 1 1 1 1 1 1 100 1 1 1 1 1 1 1 1 1 1 1 1 1 1 1 1 1 1 1 1 1 1 1 1 1 1 1 1 1 1 1 1 1 1 1 1 1 1 1 1 1 1 1 1 1 1 1 1 1 1 1 1 1 1 1 1 1 1 1 1 1 1 1 1 1 1 100 1 1 1 1 1 1 1 1 1 1 1 1 1 1 1 1 1 1 1 1 1 1 1 1 16 1 15 16 15 10 100 12 1 1 1 1 100 1 100 1 1
staticfield java/time/LocalDateTime MIN Ljava/time/LocalDateTime; java/time/LocalDateTime
staticfield java/time/LocalDateTime MAX Ljava/time/LocalDateTime; java/time/LocalDateTime
ciMethod java/time/LocalDateTime get (Ljava/time/temporal/TemporalField;)I 512 0 5376 0 -1
instanceKlass java/text/DecimalFormat
ciInstanceKlass java/text/NumberFormat 1 1 457 10 7 12 1 1 1 9 7 12 1 1 1 9 12 1 1 9 12 1 9 12 1 9 12 1 9 12 1 9 12 1 1 9 12 1 9 12 1 9 12 1 9 12 1 18 12 1 1 100 1 10 12 1 1 10 12 1 1 100 1 10 100 1 10 100 1 10 100 1 10 100 1 10 100 1 10 12 1 1 10 100 1 10 12 1 1 10 12 1 100 1 8 1 10 12 1 10 12 1 10 12 1 10 12 1 1 10 12 1 1 8 1 10 100 12 1 1 1 10 100 12 1 1 1 10 100 12 1 1 1 10 100 12 1 1 1 9 100 12 1 1 1 11 100 12 1 1 100 1 10 10 11 100 1 8 1 10 100 1 10 12 1 9 12 1 100 1 100 1 10 8 1 10 12 1 1 8 1 10 9 12 1 10 12 1 8 1 9 100 12 1 1 1 10 100 12 1 1 1 10 12 1 1 9 100 12 1 1 1 10 100 12 1 1 1 10 12 1 10 8 1 10 12 1 8 1 10 12 1 8 1 10 12 1 8 1 10 12 1 1 8 1 9 12 1 8 1 7 1 10 100 12 1 1 1 10 12 1 1 10 12 1 1 10 7 12 1 1 1 10 10 7 12 1 1 1 10 12 1 10 12 1 1 10 12 1 1 10 12 1 10 10 10 10 10 100 12 1 1 100 1 8 1 10 10 100 12 1 1 1 1 3 1 3 1 1 1 3 1 3 1 3 1 3 1 1 1 5 0 1 1 1 1 1 1 1 1 1 1 1 1 1 1 1 1 1 1 1 1 1 1 1 1 1 1 1 1 100 1 1 1 1 1 1 1 1 1 1 1 1 1 1 1 1 1 1 1 1 1 1 1 1 1 1 1 1 1 1 1 1 1 1 1 1 1 1 1 1 1 1 1 1 1 1 1 1 1 1 1 1 1 1 1 1 1 1 1 1 1 1 1 1 1 1 1 1 1 100 1 100 1 1 1 1 1 1 1 100 1 1 15 10 100 12 1 1 1 1 1 1 1 100 1 100 1 1
ciMethod java/text/NumberFormat isGroupingUsed ()Z 0 0 1 0 -1
ciMethod java/text/NumberFormat getNumberInstance (Ljava/util/Locale;)Ljava/text/NumberFormat; 0 0 1 0 -1
instanceKlass sun/util/locale/provider/JRELocaleProviderAdapter
ciInstanceKlass sun/util/locale/provider/LocaleProviderAdapter 1 1 456 10 7 12 1 1 1 10 7 12 1 1 1 9 7 12 1 1 1 11 7 12 1 1 1 10 12 1 1 10 7 12 1 1 1 10 12 1 1 10 7 12 1 1 1 11 12 1 1 100 1 100 1 100 1 100 1 100 1 100 1 100 1 100 1 10 8 1 10 12 1 1 10 12 1 8 1 10 12 1 10 12 1 100 1 8 1 10 12 1 9 12 1 1 10 12 1 1 10 12 1 1 11 7 12 1 1 1 11 7 12 1 1 1 11 12 1 1 9 12 1 9 12 1 10 9 12 1 1 9 12 1 1 11 7 1 7 1 10 11 10 12 1 1 9 100 12 1 1 10 12 1 1 8 1 10 12 1 1 7 1 10 12 1 1 10 12 1 1 10 7 12 1 1 1 10 12 1 1 9 12 1 1 100 1 10 11 7 12 1 1 1 18 12 1 1 11 7 12 1 1 1 11 12 1 18 12 1 11 12 1 1 7 1 10 7 12 1 1 8 1 10 8 1 8 1 9 100 12 1 1 1 9 12 1 9 12 1 10 12 1 1 10 12 1 8 1 10 7 12 1 1 1 7 1 10 10 12 1 8 1 10 12 1 1 10 12 1 9 12 1 10 12 1 1 8 1 8 8 1 10 12 1 1 10 12 1 10 12 1 100 1 8 1 8 1 10 10 7 12 1 1 1 10 12 1 10 12 1 1 9 100 12 1 1 1 11 100 12 1 1 1 9 12 1 1 1 1 1 1 1 1 1 1 1 1 1 1 1 1 100 1 1 1 1 1 1 1 1 1 1 1 1 1 1 1 1 1 1 1 1 1 1 1 1 1 1 1 1 1 1 1 1 1 1 1 1 1 1 1 1 1 1 1 1 1 1 1 1 1 1 1 1 1 1 1 1 1 1 1 1 1 1 1 1 1 1 1 1 1 1 1 1 1 1 1 1 1 1 1 1 100 1 1 1 1 16 15 10 12 16 16 1 15 10 12 16 15 10 7 12 1 1 1 1 1 100 1 1 1 1 100 1 100 1 1
staticfield sun/util/locale/provider/LocaleProviderAdapter adapterPreference Ljava/util/List; java/util/Collections$UnmodifiableRandomAccessList
staticfield sun/util/locale/provider/LocaleProviderAdapter adapterInstances Ljava/util/Map; java/util/concurrent/ConcurrentHashMap
staticfield sun/util/locale/provider/LocaleProviderAdapter adapterCache Ljava/util/concurrent/ConcurrentMap; java/util/concurrent/ConcurrentHashMap
staticfield sun/util/locale/provider/LocaleProviderAdapter $assertionsDisabled Z 1
ciMethod sun/util/locale/provider/LocaleProviderAdapter getDateFormatSymbolsProvider ()Ljava/text/spi/DateFormatSymbolsProvider; 0 0 1 0 -1
ciMethod sun/util/locale/provider/LocaleProviderAdapter getLocaleResources (Ljava/util/Locale;)Lsun/util/locale/provider/LocaleResources; 0 0 1 0 -1
ciMethod sun/util/locale/provider/LocaleProviderAdapter getAdapter (Ljava/lang/Class;Ljava/util/Locale;)Lsun/util/locale/provider/LocaleProviderAdapter; 516 0 2872 0 0
ciMethod sun/util/locale/provider/LocaleProviderAdapter forJRE ()Lsun/util/locale/provider/LocaleProviderAdapter; 0 0 1 0 -1
ciMethod sun/util/locale/provider/LocaleProviderAdapter getResourceBundleBased ()Lsun/util/locale/provider/LocaleProviderAdapter; 0 0 1 0 -1
ciMethod sun/util/locale/provider/LocaleProviderAdapter forType (Lsun/util/locale/provider/LocaleProviderAdapter$Type;)Lsun/util/locale/provider/LocaleProviderAdapter; 760 0 381 0 -1
ciMethod sun/util/locale/provider/LocaleProviderAdapter findAdapter (Ljava/lang/Class;Ljava/util/Locale;)Lsun/util/locale/provider/LocaleProviderAdapter; 14 0 7 0 -1
ciInstanceKlass java/text/DateFormatSymbols 1 1 448 10 7 12 1 1 1 9 7 12 1 1 1 9 12 1 9 12 1 9 12 1 9 12 1 9 12 1 9 12 1 1 9 12 1 1 9 12 1 1 9 12 1 1 9 100 12 1 1 1 10 100 12 1 1 1 10 12 1 1 7 1 10 100 12 1 1 1 10 12 1 1 10 12 1 1 10 12 1 100 1 8 1 10 12 1 10 7 12 1 1 1 10 12 1 1 10 10 12 1 1 10 7 12 1 1 1 7 9 12 1 1 10 12 1 1 100 1 8 1 10 100 12 1 1 1 10 7 12 1 1 1 10 10 12 1 1 10 12 1 1 10 12 1 1 100 1 100 1 10 12 1 10 12 1 1 10 12 1 1 10 12 1 10 100 12 1 1 10 12 1 1 10 12 1 1 10 12 1 10 12 1 9 12 1 1 11 7 12 1 1 1 7 1 10 12 11 12 1 10 12 1 10 7 12 1 1 1 7 1 10 12 1 11 12 1 1 10 7 12 1 1 1 8 1 10 7 12 1 1 1 10 12 1 1 8 1 8 1 8 1 8 1 8 1 8 1 10 12 1 1 8 1 10 12 1 1 8 1 10 12 1 11 12 1 1 11 12 1 1 8 1 9 12 1 10 12 1 10 12 1 1 10 12 1 10 100 12 1 1 10 100 12 1 1 8 1 10 100 12 1 1 7 1 10 12 1 100 1 100 1 1 1 8 1 1 3 1 3 1 3 1 3 1 3 1 3 1 3 1 3 1 3 1 3 1 3 1 3 1 3 1 3 1 3 1 3 1 3 1 3 1 3 1 3 1 3 1 3 1 3 1 1 5 0 1 1 1 1 1 1 1 1 1 1 1 1 1 1 1 1 1 1 1 1 1 1 1 1 1 1 1 1 1 1 1 1 1 1 1 1 1 1 1 1 1 1 1 1 100 1 1 1 1 1 1 1 1 1 1 1 1 1 1 1 1 1 1 1 1 1 1 1 1 1 1 1 1 1 1 1 100 1 1 1 1 1 1
staticfield java/text/DateFormatSymbols cachedInstances Ljava/util/concurrent/ConcurrentMap; java/util/concurrent/ConcurrentHashMap
ciMethod java/text/DateFormatSymbols getMonths ()[Ljava/lang/String; 0 0 1 0 -1
ciMethod java/text/DateFormatSymbols getShortMonths ()[Ljava/lang/String; 196 0 5988 0 0
ciMethod java/text/DateFormatSymbols getWeekdays ()[Ljava/lang/String; 0 0 1 0 -1
ciMethod java/text/DateFormatSymbols getShortWeekdays ()[Ljava/lang/String; 0 0 1 0 -1
ciMethod java/text/DateFormatSymbols getAmPmStrings ()[Ljava/lang/String; 0 0 1 0 -1
ciMethod java/text/DateFormatSymbols <init> (Z)V 4 0 2 0 -1
ciMethod java/text/DateFormatSymbols <init> (Ljava/util/Locale;)V 512 0 2000 0 0
ciMethod java/text/DateFormatSymbols getInstance (Ljava/util/Locale;)Ljava/text/DateFormatSymbols; 222 0 1998 0 0
ciMethod java/text/DateFormatSymbols initializeData (Ljava/util/Locale;)V 512 0 5409 0 -1
ciMethod java/text/DateFormatSymbols getProviderInstance (Ljava/util/Locale;)Ljava/text/DateFormatSymbols; 222 0 2001 0 0
ciMethod java/text/DateFormatSymbols copyMembers (Ljava/text/DateFormatSymbols;Ljava/text/DateFormatSymbols;)V 768 0 5408 0 -1
ciMethod java/text/DateFormatSymbols toOneBasedArray ([Ljava/lang/String;)[Ljava/lang/String; 8 56 4 0 -1
instanceKlass sun/util/locale/provider/DateFormatSymbolsProviderImpl
ciInstanceKlass java/text/spi/DateFormatSymbolsProvider 1 1 18 10 7 12 1 1 1 100 1 1 1 1 1 1 1 1 1 1
ciMethod java/text/spi/DateFormatSymbolsProvider getInstance (Ljava/util/Locale;)Ljava/text/DateFormatSymbols; 0 0 1 0 -1
ciInstanceKlass sun/util/locale/provider/CalendarDataUtility 1 1 222 100 1 10 7 12 1 1 1 10 7 12 1 1 1 8 1 10 12 1 1 9 12 1 1 10 7 12 1 1 1 10 12 1 1 8 1 10 12 1 1 8 1 8 1 8 1 8 1 8 1 8 1 7 1 10 7 12 1 1 1 9 7 12 1 1 1 10 7 12 1 1 1 10 7 12 1 1 1 8 1 10 12 1 1 7 1 10 12 1 8 1 7 1 9 7 12 1 1 10 12 1 10 12 1 10 12 1 9 7 12 1 1 7 1 8 1 10 12 1 10 12 1 10 12 1 1 10 12 1 1 8 1 9 12 1 1 10 7 12 1 1 1 10 12 1 1 10 12 1 10 12 1 1 10 12 1 1 8 1 8 1 8 1 8 1 10 12 1 1 10 1 1 1 1 1 1 1 1 1 1 1 1 1 1 1 1 1 1 1 1 1 1 1 1 1 1 1 1 1 1 1 1 1 1 1 1 1 1 1 1 1 1 1 1 1 100 1 1 1 1 1
staticfield sun/util/locale/provider/CalendarDataUtility OVERRIDE_BUILDER Ljava/util/Locale$Builder; java/util/Locale$Builder
ciMethod sun/util/locale/provider/CalendarDataUtility findRegionOverride (Ljava/util/Locale;)Ljava/util/Locale; 56 0 424 0 -1
ciInstanceKlass sun/util/locale/provider/ResourceBundleBasedAdapter 1 0 13 100 1 100 1 1 1 1 1 1 1 1 1
ciMethod sun/util/locale/provider/ResourceBundleBasedAdapter getLocaleData ()Lsun/util/resources/LocaleData; 0 0 1 0 -1
ciInstanceKlass sun/util/resources/LocaleData 1 1 194 10 7 12 1 1 1 9 7 12 1 1 1 7 1 10 10 7 12 1 1 1 10 12 1 1 8 1 10 12 1 10 12 1 1 8 1 7 1 8 1 8 1 7 1 10 12 1 8 1 8 1 8 1 8 1 10 7 12 1 1 1 8 1 10 12 1 1 10 12 1 1 10 12 1 1 10 12 1 1 10 12 1 1 10 12 1 9 7 12 1 1 1 10 7 12 1 1 1 9 7 12 1 1 100 1 9 7 12 1 1 1 10 12 1 1 9 12 1 1 7 1 10 9 12 1 1 1 1 1 8 1 1 1 1 1 1 1 1 1 1 1 1 1 1 1 1 1 1 1 1 1 1 1 1 1 1 1 1 1 1 1 100 1 1 1 1 100 1 1 1 1 1 100 1 100 1 100 1 1 100 1 1 1 100 1 1 1 100 1 1 1 1 1
staticfield sun/util/resources/LocaleData defaultControl Ljava/util/ResourceBundle$Control; java/util/ResourceBundle$Control
staticfield sun/util/resources/LocaleData CANDIDATES_MAP Ljava/util/Map; java/util/concurrent/ConcurrentHashMap
ciMethod sun/util/resources/LocaleData getDateFormatData (Ljava/util/Locale;)Ljava/util/ResourceBundle; 856 0 428 0 -1
ciInstanceKlass java/text/DecimalFormat 1 1 1400 100 1 10 7 12 1 1 1 7 1 10 9 7 12 1 1 1 8 1 9 12 1 1 9 12 1 8 1 9 12 1 9 12 1 9 12 1 1 9 12 1 1 9 12 1 1 9 12 1 9 12 1 9 12 1 1 9 12 1 10 12 1 1 9 12 1 10 12 1 9 12 1 10 12 1 9 12 1 10 12 1 9 12 1 9 7 12 1 1 1 9 12 1 9 12 1 9 12 1 9 12 1 9 100 12 1 1 1 10 100 12 1 1 1 100 1 10 100 12 1 1 1 100 1 10 12 1 1 10 12 1 1 10 100 12 1 1 1 10 7 12 1 1 1 10 12 1 1 10 12 1 1 18 12 1 1 100 1 10 12 1 1 10 12 1 1 10 100 1 10 100 1 10 100 1 10 100 1 10 100 1 10 12 1 10 100 1 10 100 12 1 1 1 10 12 1 11 100 12 1 1 1 10 12 1 100 1 10 12 1 1 10 12 1 100 1 8 1 10 12 1 10 12 1 10 12 1 9 100 12 1 1 1 10 7 12 1 1 1 10 12 1 10 12 1 1 11 12 1 1 10 12 1 1 10 12 1 10 12 1 1 10 12 1 1 9 12 1 10 100 12 1 1 1 100 1 10 10 12 1 1 10 12 1 11 12 1 10 12 1 1 9 100 12 1 1 1 11 100 12 1 1 1 10 12 1 1 9 12 1 10 12 1 10 12 1 10 12 1 10 12 1 10 12 1 9 12 1 10 12 1 1 10 12 1 1 10 12 1 5 0 10 12 1 1 10 12 1 10 12 1 10 12 1 10 12 1 1 10 12 1 1 10 12 1 10 12 1 10 10 10 10 3 10 12 1 10 12 1 1 10 12 1 10 10 12 10 12 1 100 1 10 10 12 1 18 10 100 1 10 100 1 8 1 10 11 12 1 10 12 1 1 10 12 1 1 10 12 1 1 9 12 1 1 100 1 10 10 12 1 1 9 12 1 10 12 1 10 12 1 9 12 1 1 9 12 1 6 0 6 0 9 12 1 1 10 7 12 1 1 9 12 1 9 12 1 10 10 7 12 1 1 1 9 12 1 1 10 12 1 1 9 12 1 9 12 1 9 12 1 9 12 1 9 12 1 9 12 1 10 12 1 10 12 1 6 0 6 0 6 0 6 0 6 0 6 0 10 12 1 1 9 100 12 1 1 9 12 1 9 12 1 9 12 1 9 12 1 10 12 1 1 10 12 1 10 100 12 1 1 1 6 0 10 12 1 1 10 12 1 1 10 12 1 10 12 1 1 10 12 1 1 10 12 1 10 12 1 10 12 1 1 6 0 6 0 10 12 1 1 10 12 1 10 100 12 1 1 1 18 12 1 8 1 100 1 10 12 1 1 10 7 12 1 1 10 12 1 10 12 1 10 12 1 1 10 12 1 9 12 1 9 12 1 11 12 1 9 12 1 9 12 1 11 12 1 9 12 1 10 12 1 9 12 1 10 12 1 9 12 1 10 12 1 9 12 1 9 12 1 9 12 1 10 12 1 1 10 12 1 10 12 1 9 100 12 1 1 10 12 1 1 6 0 10 12 1 10 12 1 1 6 0 6 0 10 12 1 10 12 1 10 12 1 100 1 10 12 1 10 12 1 10 12 1 1 10 12 1 10 12 1 10 12 1 9 12 1 1 9 12 1 1 10 12 9 12 1 10 12 1 1 9 100 12 1 1 9 12 1 10 12 1 1 10 100 12 1 1 1 10 12 1 10 12 1 10 12 1 1 10 12 1 10 5 0 10 12 1 1 10 12 1 1 3 10 12 1 1 8 1 10 12 1 100 1 10 12 1 8 1 10 12 1 9 12 1 9 12 1 1 10 12 1 1 9 12 1 9 12 1 9 12 1 8 1 9 12 1 9 12 1 9 12 1 9 12 1 10 12 1 7 1 10 8 1 10 12 1 10 12 1 10 10 10 10 12 1 1 10 10 10 12 1 10 8 1 10 12 1 1 10 12 1 10 12 1 10 12 1 10 12 1 10 12 1 10 12 1 10 12 1 10 12 1 10 12 1 10 12 1 10 12 1 9 12 1 9 12 1 9 12 1 100 1 10 10 12 1 10 12 1 10 12 1 1 100 10 12 1 1 10 12 1 10 12 1 1 10 12 1 10 12 1 10 12 1 10 12 1 10 12 1 8 1 10 12 1 10 12 1 1 10 12 1 8 1 10 12 1 10 12 1 10 12 1 8 1 8 1 8 1 8 1 8 1 8 1 8 1 8 1 8 1 8 1 8 1 8 1 8 1 10 12 1 10 12 1 10 12 1 10 12 1 10 10 12 1 10 12 1 1 10 10 10 10 10 12 1 1 10 12 1 1 10 10 12 1 1 10 100 12 1 1 10 10 12 1 1 100 1 8 1 10 10 12 1 1 1 3 1 3 1 3 1 3 1 1 3 1 3 1 3 1 3 1 3 1 3 1 3 1 1 3 1 3 1 3 1 3 1 3 1 1 1 1 5 0 1 1 1 1 1 1 1 1 1 1 1 1 1 1 1 1 1 1 1 1 1 1 1 1 1 1 1 1 1 1 1 1 1 1 1 1 100 1 1 1 1 1 1 1 1 1 1 1 1 1 1 1 1 100 1 1 1 1 1 1 1 1 1 1 1 1 1 1 1 1 1 1 1 1 1 100 1 1 1 1 1 1 1 1 1 1 1 1 1 1 1 1 1 1 1 1 1 1 1 1 1 1 1 1 1 1 1 1 1 1 1 1 1 1 1 1 1 1 1 1 1 1 1 1 1 1 1 1 1 1 1 1 1 1 1 1 1 1 1 1 1 1 1 1 1 1 1 100 1 1 1 1 1 1 1 1 1 1 1 1 1 1 100 1 1 1 1 1 1 1 1 1 1 1 1 1 1 1 1 1 1 1 1 1 1 1 1 1 1 1 1 1 1 1 1 1 1 1 1 1 1 1 1 1 1 1 1 1 1 1 1 1 1 1 1 1 1 1 1 1 1 1 1 1 1 1 1 1 1 1 1 1 1 1 1 1 1 1 1 1 1 1 1 1 1 1 1 1 1 1 1 1 1 1 1 1 1 1 1 1 1 100 1 100 1 1 1 1 1 1 15 10 100 12 1 1 1 1 100 1 1 1 1 1 1 1 100 1 100 1 1
staticfield java/text/DecimalFormat $assertionsDisabled Z 1
ciMethod java/text/DecimalFormat getGroupingSize ()I 0 0 1 0 -1
instanceKlass sun/util/locale/provider/NumberFormatProviderImpl
ciInstanceKlass java/text/spi/NumberFormatProvider 1 1 71 10 7 12 1 1 1 100 1 100 1 10 8 1 10 12 1 1 10 100 12 1 1 1 10 100 12 1 1 1 8 1 10 12 1 8 1 8 1 10 12 1 10 12 1 100 1 1 1 1 1 1 1 1 1 1 1 1 1 1 1 1 1 1 1 1 100 1 100 1 1
ciInstanceKlass sun/util/locale/provider/LocaleResources 1 1 1018 10 7 12 1 1 1 7 1 10 9 7 12 1 1 1 7 1 10 9 12 1 1 9 12 1 1 11 7 12 1 1 1 9 12 1 1 7 1 10 12 1 1 9 12 1 1 10 12 1 1 7 1 10 12 1 1 11 7 12 1 1 1 7 1 10 8 1 10 12 1 1 10 12 1 10 12 1 11 12 1 10 12 1 10 7 12 1 1 1 10 7 12 1 1 1 10 12 1 11 12 1 1 10 12 1 100 1 8 1 8 1 7 1 10 12 1 10 12 1 1 10 12 1 1 8 1 8 1 8 1 10 7 12 1 1 10 12 1 1 8 1 10 12 1 8 1 100 1 10 12 1 8 1 7 1 10 12 1 8 1 10 12 1 1 8 1 10 12 1 1 8 1 8 1 9 12 1 1 10 12 1 1 10 12 1 1 10 100 1 10 10 100 12 1 1 8 1 10 12 1 1 8 1 10 8 1 8 1 8 1 8 1 8 1 8 1 10 12 1 8 1 10 7 12 1 1 10 12 1 1 8 1 10 12 1 10 7 1 10 9 12 1 1 100 1 10 8 1 10 12 1 1 10 10 7 12 1 1 1 10 7 12 1 1 8 1 8 1 100 1 10 12 1 1 10 12 1 100 1 10 100 1 10 100 12 1 1 1 10 100 12 1 1 1 10 12 1 11 12 1 1 11 100 12 1 1 11 12 1 11 12 1 11 12 9 100 12 1 1 11 12 1 1 18 12 1 1 11 100 12 1 1 1 18 12 1 1 11 12 1 1 7 1 11 12 1 1 100 1 8 1 10 12 1 10 12 1 1 10 100 12 1 1 1 10 12 1 10 12 1 1 10 100 12 1 1 8 1 8 1 10 12 1 8 1 10 100 12 1 1 1 8 1 10 12 1 8 1 8 1 8 1 8 1 8 1 10 12 1 1 10 100 12 1 1 1 8 1 10 12 1 8 1 8 1 9 100 12 1 1 1 8 1 8 1 8 1 8 1 7 1 10 12 1 1 8 1 10 12 1 10 12 1 10 12 1 9 12 1 1 10 7 12 1 1 1 10 100 12 1 1 8 1 10 12 1 1 8 1 8 1 10 12 1 8 1 10 12 1 8 1 8 1 10 12 1 10 12 1 1 8 1 10 12 1 1 18 12 1 1 11 12 1 1 18 12 1 18 11 12 1 1 9 12 1 1 100 1 10 8 1 10 12 1 1 9 12 1 8 1 8 1 11 12 1 1 18 12 1 9 12 1 1 10 12 1 9 12 1 10 12 1 1 10 12 1 11 100 1 10 12 1 8 1 10 12 1 8 1 8 1 8 1 11 12 1 10 12 1 1 18 12 1 11 100 12 1 1 11 12 1 1 8 1 8 1 8 1 8 1 10 12 1 1 10 12 1 8 1 8 1 10 12 1 1 11 100 1 18 12 1 11 12 1 11 12 1 10 12 1 10 12 1 10 12 1 1 10 12 11 12 1 11 12 1 8 1 10 12 1 8 1 10 12 1 1 8 1 8 1 8 1 10 100 1 10 12 1 1 10 100 1 8 1 8 1 9 12 1 1 10 12 1 1 11 12 1 1 11 11 12 1 11 12 1 1 11 9 12 1 9 7 12 1 1 1 10 100 12 1 1 8 1 8 1 8 1 10 12 1 18 12 1 11 11 100 12 1 10 12 1 10 12 18 12 1 8 1 11 12 1 8 1 8 1 8 1 10 7 12 1 1 8 1 8 1 8 1 10 12 1 10 7 12 1 1 1 1 1 1 1 1 1 1 1 1 1 1 1 1 1 1 1 1 1 1 8 1 1 1 1 1 1 1 1 1 1 1 1 1 1 1 1 1 1 1 1 1 1 1 1 1 1 1 1 1 1 1 1 1 1 1 1 1 1 1 1 1 1 1 1 1 1 1 1 1 1 1 1 1 1 1 1 1 1 1 1 1 1 1 1 1 1 1 1 1 1 1 1 1 1 1 1 1 1 1 1 1 1 1 1 1 1 1 1 1 1 1 1 1 1 1 1 1 1 1 1 1 1 1 1 1 1 1 1 1 1 1 1 1 1 1 1 1 1 1 1 1 1 1 1 1 1 1 1 1 1 1 1 1 1 1 1 1 1 1 1 1 1 1 1 1 1 1 1 1 1 1 1 1 1 1 1 1 1 16 15 10 12 16 16 1 15 10 12 16 16 15 10 12 16 15 10 12 15 10 12 1 15 10 12 16 15 10 12 15 10 12 16 15 10 12 16 1 15 10 12 15 10 100 12 1 1 1 1 1 1 100 1 1 100 1 100 1 100 1 1
staticfield sun/util/locale/provider/LocaleResources NULLOBJECT Ljava/lang/Object; java/lang/Object
staticfield sun/util/locale/provider/LocaleResources VALID_SKELETON_PATTERN Ljava/util/regex/Pattern; java/util/regex/Pattern
staticfield sun/util/locale/provider/LocaleResources TRACE_ON Z 0
staticfield sun/util/locale/provider/LocaleResources $assertionsDisabled Z 1
ciMethod sun/util/locale/provider/LocaleResources getNumberPatterns ()[Ljava/lang/String; 2 0 1 0 -1
instanceKlass sun/util/calendar/ZoneInfo
ciInstanceKlass java/util/TimeZone 1 1 382 7 1 10 7 12 1 1 1 100 1 10 12 1 10 12 1 1 10 12 1 1 10 12 1 9 12 1 1 100 1 10 9 12 1 1 9 100 12 1 1 1 10 100 12 1 1 1 10 12 1 1 100 1 100 1 10 8 1 10 12 1 1 10 12 1 10 12 1 1 10 12 1 10 12 1 10 100 12 1 1 1 8 1 10 7 12 1 1 1 10 12 1 10 12 1 1 10 100 12 1 1 1 10 12 1 1 10 12 1 1 3 10 10 12 1 1 10 7 12 1 1 100 1 10 12 1 7 1 8 1 10 12 1 8 1 10 12 1 1 8 1 8 1 10 12 1 1 10 12 1 1 9 12 1 1 10 12 1 9 12 1 1 10 12 1 1 11 7 12 1 1 9 7 12 1 1 1 8 1 10 100 12 1 1 1 10 12 1 10 12 1 10 12 1 1 10 12 1 10 12 1 1 10 12 1 10 12 1 1 10 12 1 1 10 12 1 9 12 1 1 100 1 10 10 12 1 1 8 1 10 7 12 1 1 1 10 12 1 10 7 12 1 1 10 12 1 10 12 1 10 12 1 1 10 100 1 100 1 10 12 1 10 12 1 1 10 12 1 1 8 1 10 12 1 8 1 10 12 1 1 10 7 12 1 1 9 12 1 100 1 100 1 1 1 1 3 1 3 1 3 1 1 3 1 1 5 0 1 1 3 1 1 1 1 1 1 1 1 1 1 1 1 1 1 1 1 1 1 1 1 1 1 1 1 1 1 1 1 1 1 1 1 1 1 1 1 1 1 1 1 1 1 1 1 1 1 1 1 1 1 1 1 1 1 1 1 1 1 1 1 1 1 1 1 1 1 1 1 1 1 1
staticfield java/util/TimeZone NO_TIMEZONE Ljava/util/TimeZone; 
staticfield java/util/TimeZone $assertionsDisabled Z 1
ciMethod java/util/TimeZone getDisplayName (ZILjava/util/Locale;)Ljava/lang/String; 0 0 1 0 -1
ciMethod java/util/TimeZone getTimeZone (Ljava/lang/String;)Ljava/util/TimeZone; 12 0 36 0 -1
ciInstanceKlass java/time/temporal/ChronoField 1 1 514 7 1 9 12 1 1 9 12 1 9 12 1 9 12 1 9 12 1 9 12 1 9 12 1 9 12 1 9 12 1 9 12 1 9 12 1 9 12 1 9 12 1 9 12 1 9 12 1 9 12 1 9 12 1 9 12 1 9 12 1 9 12 1 9 12 1 9 12 1 9 12 1 9 12 1 9 12 1 9 12 1 9 12 1 9 12 1 9 12 1 9 12 1 9 12 1 1 10 7 12 1 1 10 7 12 1 1 1 10 12 1 1 9 12 1 1 9 12 1 1 9 12 1 9 12 1 1 9 12 1 8 1 10 100 12 1 1 1 10 100 12 1 1 1 10 100 12 1 1 1 10 12 1 1 10 100 12 1 1 1 100 1 10 12 1 8 1 10 12 1 1 10 12 1 1 10 100 12 1 1 1 10 12 1 1 10 12 1 1 10 12 1 10 7 12 1 1 1 10 12 1 1 11 100 12 1 1 1 11 12 1 11 12 1 1 11 100 12 1 1 1 8 8 1 9 7 12 1 1 1 9 12 1 5 0 10 12 1 1 10 12 1 8 8 1 9 12 1 5 0 8 8 1 9 12 1 5 0 8 8 1 5 0 8 8 1 9 12 1 5 0 8 8 1 5 0 8 8 1 9 12 1 5 0 8 1 10 12 1 8 8 1 5 0 8 8 1 9 12 1 8 1 8 8 1 5 0 8 8 1 9 12 1 5 0 8 8 1 5 0 8 8 1 5 0 8 1 8 8 1 5 0 8 8 1 8 1 8 8 1 9 12 1 5 0 8 1 8 8 1 8 8 1 8 8 1 9 12 1 5 0 5 0 10 12 1 8 1 8 8 1 9 12 1 5 0 5 0 8 8 1 9 12 1 5 0 5 0 8 8 1 5 0 5 0 8 8 1 5 0 8 8 1 8 1 8 8 1 100 1 5 0 5 0 8 8 1 5 0 8 8 1 5 0 8 1 8 8 1 9 12 1 8 1 8 8 1 9 7 12 1 1 1 10 12 1 1 9 12 1 8 8 1 5 0 5 0 10 12 1 1 100 1 1 1 1 1 1 1 1 1 1 1 1 1 1 1 1 1 1 1 1 100 1 1 1 1 1 1 1 1 1 1 1 1 1 1 1 1 1 1 1 1 1 1 1 1 1 1 1 1 1 1
staticfield java/time/temporal/ChronoField NANO_OF_SECOND Ljava/time/temporal/ChronoField; java/time/temporal/ChronoField
staticfield java/time/temporal/ChronoField NANO_OF_DAY Ljava/time/temporal/ChronoField; java/time/temporal/ChronoField
staticfield java/time/temporal/ChronoField MICRO_OF_SECOND Ljava/time/temporal/ChronoField; java/time/temporal/ChronoField
staticfield java/time/temporal/ChronoField MICRO_OF_DAY Ljava/time/temporal/ChronoField; java/time/temporal/ChronoField
staticfield java/time/temporal/ChronoField MILLI_OF_SECOND Ljava/time/temporal/ChronoField; java/time/temporal/ChronoField
staticfield java/time/temporal/ChronoField MILLI_OF_DAY Ljava/time/temporal/ChronoField; java/time/temporal/ChronoField
staticfield java/time/temporal/ChronoField SECOND_OF_MINUTE Ljava/time/temporal/ChronoField; java/time/temporal/ChronoField
staticfield java/time/temporal/ChronoField SECOND_OF_DAY Ljava/time/temporal/ChronoField; java/time/temporal/ChronoField
staticfield java/time/temporal/ChronoField MINUTE_OF_HOUR Ljava/time/temporal/ChronoField; java/time/temporal/ChronoField
staticfield java/time/temporal/ChronoField MINUTE_OF_DAY Ljava/time/temporal/ChronoField; java/time/temporal/ChronoField
staticfield java/time/temporal/ChronoField HOUR_OF_AMPM Ljava/time/temporal/ChronoField; java/time/temporal/ChronoField
staticfield java/time/temporal/ChronoField CLOCK_HOUR_OF_AMPM Ljava/time/temporal/ChronoField; java/time/temporal/ChronoField
staticfield java/time/temporal/ChronoField HOUR_OF_DAY Ljava/time/temporal/ChronoField; java/time/temporal/ChronoField
staticfield java/time/temporal/ChronoField CLOCK_HOUR_OF_DAY Ljava/time/temporal/ChronoField; java/time/temporal/ChronoField
staticfield java/time/temporal/ChronoField AMPM_OF_DAY Ljava/time/temporal/ChronoField; java/time/temporal/ChronoField
staticfield java/time/temporal/ChronoField DAY_OF_WEEK Ljava/time/temporal/ChronoField; java/time/temporal/ChronoField
staticfield java/time/temporal/ChronoField ALIGNED_DAY_OF_WEEK_IN_MONTH Ljava/time/temporal/ChronoField; java/time/temporal/ChronoField
staticfield java/time/temporal/ChronoField ALIGNED_DAY_OF_WEEK_IN_YEAR Ljava/time/temporal/ChronoField; java/time/temporal/ChronoField
staticfield java/time/temporal/ChronoField DAY_OF_MONTH Ljava/time/temporal/ChronoField; java/time/temporal/ChronoField
staticfield java/time/temporal/ChronoField DAY_OF_YEAR Ljava/time/temporal/ChronoField; java/time/temporal/ChronoField
staticfield java/time/temporal/ChronoField EPOCH_DAY Ljava/time/temporal/ChronoField; java/time/temporal/ChronoField
staticfield java/time/temporal/ChronoField ALIGNED_WEEK_OF_MONTH Ljava/time/temporal/ChronoField; java/time/temporal/ChronoField
staticfield java/time/temporal/ChronoField ALIGNED_WEEK_OF_YEAR Ljava/time/temporal/ChronoField; java/time/temporal/ChronoField
staticfield java/time/temporal/ChronoField MONTH_OF_YEAR Ljava/time/temporal/ChronoField; java/time/temporal/ChronoField
staticfield java/time/temporal/ChronoField PROLEPTIC_MONTH Ljava/time/temporal/ChronoField; java/time/temporal/ChronoField
staticfield java/time/temporal/ChronoField YEAR_OF_ERA Ljava/time/temporal/ChronoField; java/time/temporal/ChronoField
staticfield java/time/temporal/ChronoField YEAR Ljava/time/temporal/ChronoField; java/time/temporal/ChronoField
staticfield java/time/temporal/ChronoField ERA Ljava/time/temporal/ChronoField; java/time/temporal/ChronoField
staticfield java/time/temporal/ChronoField INSTANT_SECONDS Ljava/time/temporal/ChronoField; java/time/temporal/ChronoField
staticfield java/time/temporal/ChronoField OFFSET_SECONDS Ljava/time/temporal/ChronoField; java/time/temporal/ChronoField
staticfield java/time/temporal/ChronoField $VALUES [Ljava/time/temporal/ChronoField; 30 [Ljava/time/temporal/ChronoField;
ciInstanceKlass java/time/temporal/TemporalField 1 1 56 8 1 10 100 12 1 1 1 11 100 12 1 1 1 100 1 1 1 1 1 1 1 1 1 1 1 1 1 1 1 1 1 1 1 1 1 1 1 1 1 1 1 1 1 1 1 1 1 1 1 1 1 1 1 1
ciInstanceKlass java/time/temporal/TemporalQueries 1 1 83 10 100 12 1 1 1 9 7 12 1 1 1 9 12 1 9 12 1 9 12 1 9 12 1 9 12 1 9 12 1 7 1 10 7 1 10 7 1 10 7 1 10 7 1 10 7 1 10 7 1 10 1 1 1 1 1 1 1 1 1 1 1 1 1 1 1 1 1 1 1 1 1 1 1 1 1 1 1 1 1 1 1
staticfield java/time/temporal/TemporalQueries ZONE_ID Ljava/time/temporal/TemporalQuery; java/time/temporal/TemporalQueries$1
staticfield java/time/temporal/TemporalQueries CHRONO Ljava/time/temporal/TemporalQuery; java/time/temporal/TemporalQueries$2
staticfield java/time/temporal/TemporalQueries PRECISION Ljava/time/temporal/TemporalQuery; java/time/temporal/TemporalQueries$3
staticfield java/time/temporal/TemporalQueries OFFSET Ljava/time/temporal/TemporalQuery; java/time/temporal/TemporalQueries$4
staticfield java/time/temporal/TemporalQueries ZONE Ljava/time/temporal/TemporalQuery; java/time/temporal/TemporalQueries$5
staticfield java/time/temporal/TemporalQueries LOCAL_DATE Ljava/time/temporal/TemporalQuery; java/time/temporal/TemporalQueries$6
staticfield java/time/temporal/TemporalQueries LOCAL_TIME Ljava/time/temporal/TemporalQuery; java/time/temporal/TemporalQueries$7
ciMethod java/time/temporal/TemporalQueries zone ()Ljava/time/temporal/TemporalQuery; 170 0 2227 0 -1
ciMethod java/time/temporal/TemporalQueries chronology ()Ljava/time/temporal/TemporalQuery; 392 0 5194 0 -1
ciInstanceKlass java/time/temporal/TemporalQuery 1 0 14 100 1 100 1 1 1 1 1 1 1 1 1 1
ciInstanceKlass java/time/chrono/IsoChronology 1 1 454 10 7 12 1 1 1 8 1 8 1 10 7 12 1 1 1 10 12 1 1 10 100 12 1 1 10 12 1 1 10 12 1 10 12 1 1 10 12 1 1 9 100 12 1 1 1 10 12 1 1 9 12 1 9 12 1 9 12 1 9 12 1 9 12 1 8 1 10 100 12 1 1 1 10 12 1 1 100 1 100 1 10 8 1 10 12 1 1 10 12 1 8 1 10 12 1 1 10 12 1 8 1 10 100 12 1 1 10 12 1 8 1 8 1 5 0 5 0 5 0 5 0 5 0 5 0 5 0 9 12 1 1 10 12 1 1 5 0 5 0 10 100 12 1 1 1 10 100 12 1 1 1 10 12 1 10 100 12 1 1 10 7 12 1 1 10 12 1 1 10 100 12 1 1 1 10 12 1 1 10 12 1 1 8 1 10 12 1 10 12 10 7 12 1 1 100 1 100 1 8 1 10 9 12 1 1 10 12 1 10 12 1 1 11 100 12 1 1 10 12 1 1 9 12 1 11 100 12 1 1 1 100 1 9 100 12 1 1 1 10 12 1 1 10 12 1 1 10 12 1 1 10 12 1 1 9 12 1 9 12 1 11 12 1 9 12 1 10 12 1 11 12 1 1 8 1 10 12 1 11 12 1 1 10 12 1 1 10 12 1 10 12 1 9 12 1 10 12 1 9 12 1 1 10 12 1 1 10 12 1 1 10 100 12 1 1 10 12 1 1 100 1 8 1 10 10 12 1 1 10 12 1 10 12 10 12 1 10 12 1 10 12 1 10 12 10 12 1 10 12 1 10 12 1 10 12 1 10 12 1 10 12 1 10 100 1 1 1 1 5 0 1 1 1 1 1 1 1 1 1 1 1 1 1 1 1 1 1 1 1 1 1 1 1 1 1 1 1 1 1 1 1 1 1 1 1 1 1 1 1 1 1 1 1 1 1 1 1 1 1 1 1 1 1 1 1 1 1 1 1 1 1 1 1 1 1 1 1 1 1 1 1 1 1 1 1 1 1 1 1 1 1 1
staticfield java/time/chrono/IsoChronology INSTANCE Ljava/time/chrono/IsoChronology; java/time/chrono/IsoChronology
ciInstanceKlass java/time/zone/ZoneRules 1 1 524 7 1 8 1 10 7 12 1 1 1 8 1 8 1 8 1 8 1 10 12 1 1 8 1 10 12 1 10 7 12 1 1 11 7 12 1 1 1 9 12 1 1 7 1 9 12 1 1 11 12 1 1 7 1 10 12 1 1 10 12 1 1 7 1 10 11 12 1 1 11 12 1 1 11 100 12 1 1 1 11 12 1 1 10 12 1 10 12 1 1 10 12 1 7 1 11 12 1 1 7 1 9 12 1 100 9 12 1 9 12 1 11 12 1 100 1 10 7 12 1 1 1 100 1 8 1 10 12 1 9 12 100 1 10 9 12 1 1 9 12 1 9 12 1 10 12 1 9 12 1 100 1 8 1 10 7 1 10 12 1 11 100 12 1 1 1 10 12 1 1 10 12 1 1 11 12 1 10 7 12 1 1 1 11 7 12 1 1 8 1 10 12 1 1 10 12 1 1 8 1 11 12 1 1 10 12 1 1 10 12 1 10 12 1 10 7 12 1 1 10 12 1 1 10 12 1 1 10 12 1 10 12 1 1 10 12 1 1 10 12 1 1 10 100 12 1 1 1 10 12 1 1 10 12 1 10 12 1 1 10 10 12 1 10 10 12 1 10 12 1 10 12 1 10 100 12 1 1 1 11 100 12 1 1 100 1 10 12 1 1 11 12 1 1 10 12 1 9 100 12 1 1 1 10 12 1 1 10 12 1 10 12 1 1 10 12 1 11 12 1 100 1 3 10 12 1 100 1 5 0 3 10 100 12 1 1 1 5 0 5 0 5 0 5 0 5 0 5 0 5 0 5 0 5 0 5 0 10 12 1 1 10 12 1 1 11 12 1 1 10 12 1 10 12 1 10 12 1 1 10 12 1 100 1 10 8 1 10 12 1 1 10 12 1 8 1 10 12 1 1 100 1 1 1 1 5 0 1 1 3 1 1 1 3 1 1 1 1 1 1 1 1 1 1 1 1 1 1 1 1 1 1 1 1 1 1 1 1 1 100 1 1 1 100 1 1 1 1 1 1 1 1 1 1 100 1 1 1 1 1 1 1 1 1 1 1 1 100 1 1 1 1 1 1 1 1 1 1 1 1 1 1 1 1 1 1 1 1 1 1 1 1 1 1 1 1 1 1 1 1 1 1 1 1 1 1 1 1 1 1 1 1 1 1 1 1 1 1 1 1 1 1 1
staticfield java/time/zone/ZoneRules EMPTY_LONG_ARRAY [J 0
staticfield java/time/zone/ZoneRules EMPTY_LASTRULES [Ljava/time/zone/ZoneOffsetTransitionRule; 0 [Ljava/time/zone/ZoneOffsetTransitionRule;
staticfield java/time/zone/ZoneRules EMPTY_LDT_ARRAY [Ljava/time/LocalDateTime; 0 [Ljava/time/LocalDateTime;
ciMethod java/time/zone/ZoneRules isDaylightSavings (Ljava/time/Instant;)Z 56 0 742 0 -1
ciInstanceKlass java/util/Formatter$FormatString 1 0 21 100 1 100 1 1 1 1 1 1 100 1 1 1 1 1 1 100 1 1 1
ciInstanceKlass java/util/Formatter$FormatSpecifier 1 1 1068 10 7 12 1 1 1 9 7 12 1 1 1 100 1 10 12 1 1 100 1 3 10 7 12 1 1 1 9 12 1 10 12 1 1 9 12 1 100 1 10 9 12 1 100 1 10 9 12 1 1 9 12 1 1 10 7 12 1 1 1 100 1 10 7 12 1 1 1 10 12 1 10 7 12 1 1 10 12 1 1 10 12 1 1 10 12 1 10 7 12 1 1 10 12 1 10 12 10 12 10 12 10 12 1 1 10 12 1 10 12 1 10 12 1 10 12 1 10 12 1 10 12 1 10 12 1 10 12 1 10 12 1 10 12 1 10 12 1 10 12 1 1 10 12 1 10 12 1 10 12 1 10 12 1 10 12 1 10 12 1 9 7 12 1 1 1 10 7 12 1 1 1 11 7 12 1 1 1 8 1 10 12 1 1 9 12 1 100 1 10 8 1 7 1 10 12 1 1 10 12 1 7 1 10 12 1 1 10 12 1 10 12 1 1 10 12 1 7 1 10 12 1 1 10 12 1 100 1 10 12 1 10 12 1 1 100 1 10 12 1 1 10 12 1 100 1 10 12 1 1 10 12 1 100 1 10 12 1 9 7 12 1 1 1 10 7 12 1 1 1 10 12 1 1 7 1 10 12 1 1 10 12 1 1 10 12 1 1 7 1 10 12 1 10 12 1 10 12 1 10 12 1 1 10 12 1 1 10 12 1 100 1 10 7 1 10 12 1 1 10 12 1 1 10 12 1 11 12 1 1 10 12 1 1 10 100 1 10 10 12 1 10 12 1 10 12 1 1 10 12 1 10 12 1 1 10 12 1 1 10 12 1 1 9 7 12 1 1 1 10 12 1 1 10 7 12 1 1 1 10 12 1 1 11 7 1 11 12 1 7 1 10 10 12 1 10 12 10 12 1 10 12 1 10 12 1 10 12 10 100 1 10 10 10 12 1 10 7 1 10 8 1 10 12 1 10 12 1 100 1 10 5 0 5 0 10 12 5 0 10 12 1 10 12 1 1 10 12 1 1 10 12 1 1 10 12 1 10 12 1 1 10 12 1 1 10 12 8 1 8 1 10 12 1 10 12 1 1 10 10 10 10 12 1 1 10 12 1 1 10 7 12 1 1 10 12 1 10 12 1 8 1 8 1 8 1 8 1 100 1 10 12 1 10 12 1 1 10 12 1 10 12 1 10 12 1 10 12 1 1 10 12 1 10 12 1 1 10 12 1 1 9 12 1 10 12 1 10 12 1 10 12 1 1 10 12 1 10 12 1 10 12 10 12 1 9 12 1 1 10 100 1 10 12 1 1 5 0 5 0 5 0 10 12 1 1 8 1 10 12 1 8 1 10 10 10 12 1 10 12 1 10 12 1 10 12 100 1 10 10 12 1 10 12 1 100 1 9 100 12 1 1 1 10 12 1 10 12 1 1 10 12 1 1 10 12 1 9 100 12 1 1 1 10 12 1 1 9 12 1 10 10 12 1 1 9 12 1 1 10 12 1 1 10 12 1 10 12 1 1 10 12 1 1 10 12 1 10 12 1 10 12 1 3 10 12 1 8 1 8 1 10 7 12 1 1 10 12 1 1 10 12 5 0 3 10 12 1 1 100 1 10 12 1 1 10 12 1 10 12 1 10 12 1 10 12 1 10 12 1 9 7 12 1 1 1 11 12 1 9 12 1 9 12 1 9 12 1 100 1 9 12 1 9 12 1 11 12 1 1 9 12 1 9 12 1 9 12 1 10 100 12 1 1 1 11 12 1 1 100 1 100 1 11 12 1 1 10 12 1 100 1 11 12 1 1 10 100 12 1 1 1 10 12 1 10 12 1 10 12 1 1 10 100 12 1 1 1 9 12 1 9 12 1 9 12 1 9 12 1 9 12 1 10 12 1 100 1 9 12 1 10 12 1 1 100 1 11 100 1 10 12 1 10 10 12 1 11 10 12 1 10 12 1 10 10 100 12 1 1 1 100 1 100 1 10 100 12 1 1 1 100 1 10 12 1 1 10 12 1 1 10 100 12 1 1 10 12 1 1 10 12 1 10 12 1 10 12 1 10 12 10 12 1 1 10 7 12 1 1 10 12 1 1 100 1 1 1 1 1 1 1 1 1 1 1 1 1 1 1 1 1 1 1 1 1 1 1 1 1 1 1 1 1 1 100 1 1 1 1 1 1 1 1 1 1 1 1 1 1 1 1 1 1 1 1 1 1 1 1 1 1 1 1 1 1 1 1 1 1 100 1 1 1 1 1 1 1 1 1 1 1 1 1 1 1 1 1 1 1 1 1 1 1 1 1 1 1 1 1 1 1 1 1 1 1 100 1 1 1 1 1 1 1 1 1 1 1 1 1 1 1 1 1 1 1 1 1 1 1 1 1 1 1 1 1 1 1 1 1 1 1 1 1 1 1 1
staticfield java/util/Formatter$FormatSpecifier SCALEUP D 4850376798678024192
staticfield java/util/Formatter$FormatSpecifier $assertionsDisabled Z 1
ciMethod java/util/Formatter$FormatSpecifier print (Ljava/util/Formatter;Ljava/lang/StringBuilder;Ljava/time/temporal/TemporalAccessor;CLjava/util/Locale;)Ljava/lang/Appendable; 518 0 5384 0 -1
ciMethod java/util/Formatter$FormatSpecifier toUpperCaseWithLocale (Ljava/lang/String;Ljava/util/Locale;)Ljava/lang/String; 24 0 735 0 -1
ciMethod java/util/Formatter$FormatSpecifier localizedMagnitude (Ljava/util/Formatter;Ljava/lang/StringBuilder;JIILjava/util/Locale;)Ljava/lang/StringBuilder; 370 0 3846 0 0
ciMethod java/util/Formatter$FormatSpecifier localizedMagnitude (Ljava/util/Formatter;Ljava/lang/StringBuilder;Ljava/lang/CharSequence;IIILjava/util/Locale;)Ljava/lang/StringBuilder; 572 4624 2194 0 -1
ciInstanceKlass java/util/Formatter$Flags 1 1 105 10 100 12 1 1 1 10 7 12 1 1 1 10 7 12 1 1 1 10 12 1 1 100 1 10 12 1 1 10 12 1 10 12 1 1 100 1 10 12 1 1 10 100 1 10 10 12 1 1 10 12 1 1 1 1 3 1 3 1 3 1 3 1 3 1 3 1 3 1 3 1 3 1 3 1 1 1 1 1 1 1 1 1 1 1 1 1 1 1 1 1 1 1 1 1 1 1 1 1 1 7 1 1 1
ciMethod java/util/Formatter$Flags contains (II)Z 542 0 59324 0 -1
instanceKlass java/util/ResourceBundle$SingleFormatControl
ciInstanceKlass java/util/ResourceBundle$Control 1 1 552 10 7 12 1 1 1 9 7 12 1 1 1 11 7 12 1 1 1 9 100 12 1 1 1 9 12 1 9 12 1 9 12 1 9 12 1 100 1 10 9 7 12 1 1 9 12 1 9 12 1 100 1 10 7 1 9 12 1 1 10 7 12 1 1 1 18 12 1 1 10 7 12 1 1 1 7 1 10 12 1 10 7 12 1 1 1 10 12 1 10 12 1 10 12 1 8 1 10 7 1 8 1 8 1 8 1 8 1 10 12 1 1 10 11 12 1 1 11 100 12 1 1 1 11 12 1 1 10 10 12 1 10 10 12 1 10 10 12 1 1 11 12 1 8 1 11 12 1 1 10 12 1 11 12 1 8 1 10 12 1 8 1 8 1 8 1 8 1 8 1 8 1 8 1 10 12 1 10 12 1 1 10 12 1 1 9 12 1 1 10 12 1 1 10 10 12 1 1 10 12 1 1 10 7 12 1 1 1 8 1 10 7 12 1 1 1 7 1 10 100 12 1 1 1 10 12 1 1 10 100 12 1 1 10 12 1 10 12 1 1 100 1 7 1 10 8 1 10 12 1 1 10 12 1 8 1 10 12 1 10 10 12 1 10 12 1 1 10 100 12 1 1 10 100 12 1 1 1 8 1 8 1 10 12 1 1 100 1 10 12 1 1 100 1 10 12 1 1 100 1 100 1 8 1 10 100 1 8 1 10 7 1 8 1 8 1 10 12 1 1 10 12 1 1 10 7 12 1 1 1 10 7 12 1 1 10 12 1 1 7 1 10 12 1 10 7 12 1 1 8 1 10 5 0 10 12 1 100 1 10 12 1 1 10 100 12 1 1 1 5 0 10 12 1 100 1 10 10 12 1 10 12 1 10 12 1 1 8 1 10 12 1 1 10 12 1 11 12 1 1 11 12 1 10 18 12 1 1 10 12 1 1 1 1 1 1 1 1 1 1 1 1 1 1 1 1 1 1 1 1 1 1 1 1 1 1 1 1 1 1 1 1 1 1 1 1 1 1 1 1 1 1 1 1 1 1 1 1 1 1 1 1 1 1 1 1 1 1 1 1 1 1 1 1 1 1 1 1 100 1 1 1 1 1 1 1 1 1 1 1 1 1 1 1 1 1 1 1 1 1 100 1 1 1 1 1 1 1 1 1 1 1 1 1 1 1 1 1 1 1 1 1 16 1 15 10 12 16 16 15 10 7 1 16 1 15 10 7 12 1 1 1 1 1 1 1 100 1 100 1 1
staticfield java/util/ResourceBundle$Control FORMAT_DEFAULT Ljava/util/List; java/util/ImmutableCollections$List12
staticfield java/util/ResourceBundle$Control FORMAT_CLASS Ljava/util/List; java/util/ImmutableCollections$List12
staticfield java/util/ResourceBundle$Control FORMAT_PROPERTIES Ljava/util/List; java/util/ImmutableCollections$List12
staticfield java/util/ResourceBundle$Control INSTANCE Ljava/util/ResourceBundle$Control; java/util/ResourceBundle$Control
staticfield java/util/ResourceBundle$Control CANDIDATES_CACHE Ljdk/internal/util/ReferencedKeyMap; jdk/internal/util/ReferencedKeyMap
ciMethod java/util/ResourceBundle$Control getCandidateLocales (Ljava/lang/String;Ljava/util/Locale;)Ljava/util/List; 226 0 115 0 -1
ciMethod java/util/ResourceBundle$Control getControl (Ljava/util/List;)Ljava/util/ResourceBundle$Control; 2 0 1 0 -1
ciInstanceKlass sun/util/locale/BaseLocale 1 1 284 10 7 12 1 1 1 9 7 12 1 1 1 9 12 1 9 12 1 9 12 1 8 1 10 12 1 10 7 12 1 1 1 10 12 1 10 7 12 1 1 1 9 12 1 1 10 12 1 1 10 12 1 9 7 12 1 1 1 10 12 1 1 10 12 1 10 7 12 1 1 10 12 1 1 8 1 8 1 8 1 8 1 8 1 8 1 9 12 1 1 10 12 1 1 100 1 8 1 10 12 1 100 1 10 8 1 10 12 1 1 10 12 1 10 12 1 1 8 1 8 1 8 1 10 9 12 1 1 10 12 1 10 12 1 1 10 12 1 1 10 7 12 1 1 1 8 1 10 12 1 1 8 1 8 1 8 1 8 1 8 1 8 1 8 1 8 1 8 1 8 1 8 1 8 1 8 1 8 1 8 1 8 1 10 7 12 1 1 8 1 10 12 1 1 9 100 12 1 1 1 8 1 10 100 12 1 1 1 1 1 1 1 1 3 1 3 3 1 3 1 3 1 3 1 3 1 3 1 3 1 3 1 3 1 3 1 3 1 3 1 3 1 3 1 3 1 3 1 3 1 3 1 8 1 1 1 1 1 1 1 1 1 1 100 1 1 1 1 1 1 1 1 1 1 1 1 1 1 1 1 1 1 1
staticfield sun/util/locale/BaseLocale OLD_ISO_CODES Z 0
ciMethod sun/util/locale/BaseLocale equals (Ljava/lang/Object;)Z 1024 0 3869 0 -1
ciMethod sun/util/locale/BaseLocale hashCode ()I 584 544 10034 0 992
ciMethod sun/util/locale/BaseLocale getLanguage ()Ljava/lang/String; 260 0 130 0 0
ciInstanceKlass sun/util/locale/LocaleUtils 1 1 117 10 100 12 1 1 1 10 7 12 1 1 1 10 12 1 1 10 7 12 1 1 1 10 12 1 1 10 12 1 1 10 12 1 1 10 12 1 10 12 1 10 12 1 10 12 1 10 12 1 10 12 1 10 12 1 1 11 100 1 11 100 1 11 7 1 1 1 1 1 1 1 1 1 1 1 1 1 1 1 1 1 1 1 1 1 1 1 1 1 100 1 1 1 1 1 1 1 1 1 1 1 1 1 1 1 1 1 1 1 1 1 1 1 1 1 1
ciMethod sun/util/locale/LocaleUtils toLower (C)C 598 0 19637 0 -1
ciInstanceKlass sun/util/locale/provider/LocaleProviderAdapter$Type 1 1 109 7 1 9 12 1 1 9 12 1 9 12 1 9 12 1 9 12 1 9 12 1 1 10 100 12 1 1 10 7 12 1 1 1 10 12 1 1 10 12 1 9 12 1 1 9 12 1 9 12 1 8 8 1 8 1 8 1 8 8 1 8 1 8 1 8 8 1 10 12 1 8 8 1 8 8 1 10 12 1 1 1 1 1 1 1 1 1 1 1 1 1 1 1 1 1 1 1 1 1 1 1 1 1 1 100 1 1 1
staticfield sun/util/locale/provider/LocaleProviderAdapter$Type JRE Lsun/util/locale/provider/LocaleProviderAdapter$Type; sun/util/locale/provider/LocaleProviderAdapter$Type
staticfield sun/util/locale/provider/LocaleProviderAdapter$Type CLDR Lsun/util/locale/provider/LocaleProviderAdapter$Type; sun/util/locale/provider/LocaleProviderAdapter$Type
staticfield sun/util/locale/provider/LocaleProviderAdapter$Type SPI Lsun/util/locale/provider/LocaleProviderAdapter$Type; sun/util/locale/provider/LocaleProviderAdapter$Type
staticfield sun/util/locale/provider/LocaleProviderAdapter$Type HOST Lsun/util/locale/provider/LocaleProviderAdapter$Type; sun/util/locale/provider/LocaleProviderAdapter$Type
staticfield sun/util/locale/provider/LocaleProviderAdapter$Type FALLBACK Lsun/util/locale/provider/LocaleProviderAdapter$Type; sun/util/locale/provider/LocaleProviderAdapter$Type
staticfield sun/util/locale/provider/LocaleProviderAdapter$Type $VALUES [Lsun/util/locale/provider/LocaleProviderAdapter$Type; 5 [Lsun/util/locale/provider/LocaleProviderAdapter$Type;
ciInstanceKlass sun/util/locale/provider/AvailableLanguageTags 1 0 11 100 1 100 1 1 1 1 1 1 1
ciInstanceKlass sun/util/cldr/CLDRLocaleProviderAdapter 1 1 470 10 7 12 1 1 1 7 1 10 7 12 1 1 1 10 12 1 1 11 7 12 1 1 1 11 12 1 1 11 12 1 1 9 7 12 1 1 1 9 7 12 1 1 1 9 12 1 1 7 1 10 12 1 8 1 10 12 1 1 10 12 1 9 12 1 1 7 1 8 1 10 9 12 1 1 7 1 8 1 10 9 12 1 1 8 1 10 12 1 11 7 12 1 1 1 18 12 1 1 11 100 12 1 1 1 18 12 1 11 12 1 1 100 9 12 1 1 18 11 7 12 1 1 1 7 1 9 12 1 1 10 7 12 1 1 1 11 7 1 10 10 12 1 1 8 1 10 12 1 1 8 1 10 7 12 1 1 1 11 12 1 1 10 100 12 1 1 1 10 12 1 1 10 12 1 1 10 12 1 1 11 7 12 1 1 1 11 12 1 1 9 12 1 1 10 12 1 1 10 12 1 11 12 1 1 9 12 1 9 12 1 11 12 1 11 12 1 1 9 12 1 11 12 1 10 12 1 10 12 1 1 11 12 1 11 100 1 11 12 1 100 1 10 100 12 1 1 1 11 12 1 10 12 1 10 12 1 10 12 1 10 12 1 10 12 1 18 12 1 1 11 12 1 1 11 12 1 1 18 10 7 12 1 1 18 12 1 10 12 1 11 12 1 1 10 10 12 1 8 1 10 8 1 8 1 10 12 1 1 10 12 1 1 11 12 1 10 12 1 10 12 1 10 12 1 1 10 12 1 10 12 1 10 7 1 10 11 12 1 9 12 1 9 12 1 1 1 1 1 1 1 1 1 1 1 1 1 1 1 100 1 100 1 100 1 1 1 100 1 1 1 1 1 100 1 1 1 1 1 1 1 1 1 1 1 1 1 1 1 1 1 1 1 1 1 1 1 1 1 1 1 1 1 1 1 1 1 1 1 1 1 1 1 1 1 1 1 1 1 1 1 1 1 1 1 1 1 1 16 15 16 16 15 10 12 16 15 10 12 16 16 15 10 12 16 1 15 16 1 15 10 12 15 10 7 12 1 1 1 1 100 1 1 1 100 1 100 1 1
staticfield sun/util/cldr/CLDRLocaleProviderAdapter baseMetaInfo Lsun/util/cldr/CLDRBaseLocaleDataMetaInfo; sun/util/cldr/CLDRBaseLocaleDataMetaInfo
staticfield sun/util/cldr/CLDRLocaleProviderAdapter parentLocalesMap Ljava/util/Map; java/util/concurrent/ConcurrentHashMap
staticfield sun/util/cldr/CLDRLocaleProviderAdapter langAliasesCache Ljava/util/Map; java/util/concurrent/ConcurrentHashMap
staticfield sun/util/cldr/CLDRLocaleProviderAdapter NB Ljava/util/Locale; java/util/Locale
staticfield sun/util/cldr/CLDRLocaleProviderAdapter NO Ljava/util/Locale; java/util/Locale
instanceKlass sun/util/locale/provider/FallbackLocaleProviderAdapter
instanceKlass sun/util/cldr/CLDRLocaleProviderAdapter
ciInstanceKlass sun/util/locale/provider/JRELocaleProviderAdapter 1 1 556 10 7 12 1 1 1 7 1 10 9 7 12 1 1 1 9 12 1 9 7 12 1 1 1 10 7 12 1 1 1 10 7 12 1 1 1 8 1 10 12 1 1 8 1 8 1 8 1 8 1 8 1 8 1 8 1 8 1 8 1 8 1 8 1 8 1 10 12 1 1 10 12 1 1 10 12 1 1 10 12 1 1 10 12 1 1 10 12 1 1 10 12 1 1 10 12 1 1 10 12 1 1 10 12 1 1 10 12 1 1 10 12 1 1 10 12 1 1 100 1 8 1 10 12 1 9 12 1 1 100 1 10 12 1 1 8 1 10 12 1 1 10 12 1 9 12 1 1 100 1 8 1 10 9 12 1 1 100 1 10 9 12 1 1 7 1 10 9 12 1 1 7 1 10 9 12 1 1 7 1 10 9 12 1 1 100 1 8 1 10 9 12 1 1 100 1 8 1 10 9 12 1 1 7 1 8 1 10 9 12 1 1 100 1 8 1 10 9 12 1 1 7 1 10 9 12 1 1 7 1 10 9 12 1 1 100 1 10 11 7 12 1 1 1 7 1 10 12 1 11 12 1 1 9 12 1 1 7 1 10 12 1 9 7 12 1 1 1 10 12 1 1 10 12 1 1 9 100 12 1 1 1 7 1 10 12 1 10 12 1 1 8 1 10 12 1 1 11 12 1 1 10 100 12 1 1 1 10 7 12 1 1 7 1 10 7 1 10 7 12 1 1 1 10 12 1 1 11 7 12 1 1 1 11 12 1 1 11 12 1 11 12 1 10 12 1 10 12 1 1 10 12 1 10 12 1 8 1 8 1 10 8 1 10 100 12 1 1 1 18 12 1 1 11 100 12 1 1 1 11 12 1 1 18 12 1 11 12 1 1 100 9 7 12 1 1 1 10 10 12 1 1 10 12 1 11 12 1 10 10 12 1 1 8 1 8 1 8 1 9 100 12 1 1 9 12 1 9 12 1 10 12 1 1 100 1 1 1 1 1 1 1 1 1 1 1 1 1 1 1 1 1 1 100 1 100 1 100 1 100 1 100 1 100 1 100 1 100 1 100 1 100 1 100 1 100 1 100 1 100 1 100 1 1 1 1 1 1 1 1 1 1 1 1 1 1 1 1 1 1 1 1 1 1 1 1 1 1 1 1 1 1 1 1 1 1 1 1 1 1 1 1 1 1 1 1 16 15 10 12 16 16 1 15 10 12 16 15 10 100 12 1 1 1 1 1 100 1 1 1 100 1 100 1 1
ciMethod sun/util/locale/provider/JRELocaleProviderAdapter getDateFormatSymbolsProvider ()Ljava/text/spi/DateFormatSymbolsProvider; 512 0 2001 0 0
ciMethod sun/util/locale/provider/JRELocaleProviderAdapter getAdapterType ()Lsun/util/locale/provider/LocaleProviderAdapter$Type; 0 0 1 0 -1
ciMethod sun/util/locale/provider/JRELocaleProviderAdapter getLanguageTagSet (Ljava/lang/String;)Ljava/util/Set; 26 0 14 0 -1
ciInstanceKlass sun/util/locale/provider/DateFormatSymbolsProviderImpl 1 1 69 10 7 12 1 1 1 9 7 12 1 1 1 9 12 1 1 10 7 12 1 1 1 10 12 1 1 10 12 1 1 100 1 10 7 1 10 12 1 100 1 1 1 1 1 1 1 1 1 1 1 1 1 1 1 1 1 1 1 1 1 1 1 1 1 1 100 1 1
ciMethod sun/util/locale/provider/DateFormatSymbolsProviderImpl getInstance (Ljava/util/Locale;)Ljava/text/DateFormatSymbols; 512 0 1999 0 0
ciMethod sun/util/locale/provider/DateFormatSymbolsProviderImpl <init> (Lsun/util/locale/provider/LocaleProviderAdapter$Type;Ljava/util/Set;)V 2 0 1 0 -1
ciMethod java/util/Objects requireNonNull (Ljava/lang/Object;)Ljava/lang/Object; 514 0 1371305 0 -1
ciMethod java/util/concurrent/ConcurrentHashMap <init> ()V 512 0 1753 0 -1
ciMethod java/time/temporal/TemporalAccessor getLong (Ljava/time/temporal/TemporalField;)J 0 0 1 0 -1
ciMethod java/time/temporal/TemporalAccessor isSupported (Ljava/time/temporal/TemporalField;)Z 0 0 1 0 -1
ciMethod java/util/Objects requireNonNullElse (Ljava/lang/Object;Ljava/lang/Object;)Ljava/lang/Object; 96 0 3049 0 0
ciMethod java/util/Objects requireNonNull (Ljava/lang/Object;Ljava/lang/String;)Ljava/lang/Object; 518 0 154114 0 -1
ciMethod java/lang/Enum ordinal ()I 264 0 132 0 -1
ciMethod java/util/concurrent/ConcurrentMap remove (Ljava/lang/Object;Ljava/lang/Object;)Z 0 0 1 0 -1
ciMethod java/util/concurrent/ConcurrentMap get (Ljava/lang/Object;)Ljava/lang/Object; 0 0 1 0 -1
ciMethod java/util/concurrent/ConcurrentMap replace (Ljava/lang/Object;Ljava/lang/Object;Ljava/lang/Object;)Z 0 0 1 0 -1
ciMethod java/util/concurrent/ConcurrentMap putIfAbsent (Ljava/lang/Object;Ljava/lang/Object;)Ljava/lang/Object; 0 0 1 0 -1
ciMethod java/util/concurrent/ConcurrentHashMap tabAt ([Ljava/util/concurrent/ConcurrentHashMap$Node;I)Ljava/util/concurrent/ConcurrentHashMap$Node; 524 0 5427 0 88
ciMethod java/util/concurrent/ConcurrentHashMap spread (I)I 516 0 43069 0 0
ciMethod jdk/internal/misc/Unsafe getReferenceAcquire (Ljava/lang/Object;J)Ljava/lang/Object; 524 0 6162 0 -1
ciMethod jdk/internal/misc/Unsafe putByte (Ljava/lang/Object;JB)V 256 0 128 0 -1
ciMethod java/util/Arrays copyOf ([Ljava/lang/Object;I)[Ljava/lang/Object; 156 0 65158 0 664
ciMethod java/util/Arrays copyOf ([Ljava/lang/Object;ILjava/lang/Class;)[Ljava/lang/Object; 390 0 5455 0 -1
ciMethod java/lang/CharacterDataLatin1 getPropertiesEx (I)I 302 0 12558 0 0
ciMethod java/util/Iterator next ()Ljava/lang/Object; 0 0 1 0 -1
ciMethod java/util/Iterator hasNext ()Z 0 0 1 0 -1
ciMethod java/lang/Appendable append (C)Ljava/lang/Appendable; 0 0 1 0 -1
ciMethod java/lang/CharSequence length ()I 0 0 1 0 -1
ciMethod java/lang/CharSequence charAt (I)C 0 0 1 0 -1
ciMethod java/lang/String repeat (I)Ljava/lang/String; 68 0 2086 0 -1
ciMethod java/lang/String toLowerCase (Ljava/util/Locale;)Ljava/lang/String; 4 0 2749 0 0
ciMethod java/lang/String isLatin1 ()Z 676 0 995903 0 88
ciMethod java/lang/String valueOf (C)Ljava/lang/String; 80 0 2103 0 -1
ciMethod java/lang/String <init> ([BB)V 514 0 147532 0 93
ciMethod java/lang/Object getClass ()Ljava/lang/Class; 256 0 128 0 -1
ciMethod java/lang/Object <init> ()V 784 0 3321426 0 120
ciInstanceKlass java/lang/AssertionError 0 0 79 10 100 12 1 1 1 10 12 1 10 100 12 1 1 1 10 100 1 100 1 10 12 1 1 10 12 1 10 12 1 10 12 1 10 12 1 10 12 1 10 12 1 10 12 1 1 1 1 5 0 1 1 1 1 1 1 1 1 1 1 100 1 1 1 1 1 1 1 1 1 1 1 1 1 1 1 1 1
ciInstanceKlass java/time/chrono/ChronoZonedDateTime 1 1 436 18 12 1 1 100 1 100 1 7 1 8 1 10 100 12 1 1 1 10 7 12 1 1 1 11 100 12 1 1 1 100 1 100 1 100 1 10 12 1 1 8 1 10 12 1 1 11 12 1 1 10 12 1 10 12 1 1 10 12 1 11 12 1 1 100 1 9 12 1 1 9 12 1 11 100 12 1 1 1 11 12 1 1 11 100 12 1 1 11 12 1 1 9 100 12 1 1 1 10 12 1 1 100 1 8 1 10 11 12 1 1 10 7 12 1 1 11 12 1 1 11 100 1 11 12 1 1 11 12 1 1 11 12 1 1 11 12 1 1 11 12 1 1 11 11 7 12 1 1 1 100 1 9 12 1 1 11 100 12 1 1 1 11 11 12 1 1 10 100 12 1 1 1 11 12 1 1 11 12 1 11 12 1 10 12 1 10 12 1 11 12 1 1 10 12 1 10 12 1 11 10 12 1 9 12 1 11 100 12 1 1 1 8 1 10 100 12 1 1 1 10 7 12 1 1 10 100 12 1 1 1 11 12 1 5 0 10 12 1 10 100 12 1 1 11 12 1 1 10 100 12 1 1 10 100 12 1 1 11 12 1 11 12 1 11 12 1 11 12 11 12 11 12 1 11 12 1 11 12 1 10 100 12 1 1 10 12 1 8 1 10 12 1 1 10 12 1 10 12 1 8 10 100 1 10 12 1 8 10 12 1 8 1 10 12 1 8 10 12 1 8 1 100 1 8 1 10 100 1 1 1 1 1 1 1 1 1 1 1 1 1 1 1 1 1 1 1 1 1 1 1 1 1 1 1 1 1 1 1 1 1 1 1 1 1 1 1 1 1 1 1 1 1 1 1 1 1 1 1 1 1 1 1 1 1 1 1 1 1 1 1 1 1 1 1 1 1 1 1 1 1 1 1 1 1 1 1 1 16 15 11 12 16 3 3 15 10 100 12 1 1 1 1 100 1 100 1 1 1 100 1 8 10 1 1
ciInstanceKlass java/time/ZonedDateTime 1 1 810 10 100 12 1 1 1 10 7 12 1 1 1 10 12 1 1 8 1 10 7 12 1 1 1 10 12 1 1 10 12 1 1 10 12 1 1 10 7 12 1 1 1 10 12 1 10 12 1 1 10 12 1 8 1 8 1 100 1 10 12 1 1 10 7 12 1 1 1 10 100 12 1 1 1 11 100 12 1 1 1 11 12 1 1 10 12 1 1 10 100 12 1 1 1 10 100 12 1 1 1 10 12 1 1 10 12 1 1 11 12 1 1 8 1 8 10 7 12 1 1 10 12 1 10 12 1 1 10 12 1 1 10 12 1 1 10 10 12 1 1 10 12 1 1 10 12 1 1 100 1 100 1 10 12 1 8 1 10 12 1 1 10 12 1 8 1 8 1 10 12 1 1 10 12 1 8 1 8 1 8 1 8 1 10 12 1 100 1 8 1 10 10 12 1 1 9 7 12 1 1 1 11 100 12 1 1 1 11 12 1 1 9 12 1 11 12 1 10 100 12 1 1 10 100 12 1 1 10 12 1 8 1 8 1 11 12 1 1 10 100 12 1 1 10 12 1 9 100 12 1 1 1 10 12 1 1 8 1 18 12 1 1 10 12 1 10 7 1 9 12 1 1 9 12 1 9 12 1 10 12 1 11 100 12 1 1 1 11 7 12 1 1 9 12 1 11 12 1 1 10 12 1 11 12 1 1 9 7 12 1 1 1 10 12 1 100 1 8 1 10 10 12 10 12 1 10 11 10 12 10 11 12 1 1 10 10 12 1 10 12 1 10 12 1 1 10 10 12 1 1 10 12 1 10 12 1 10 12 1 1 10 12 1 10 12 1 10 12 1 1 10 12 1 1 10 12 1 10 12 1 10 12 1 10 12 1 1 100 1 10 10 10 12 1 1 11 100 12 1 1 1 10 10 12 1 1 10 12 1 1 10 12 1 1 11 12 1 10 12 1 1 10 12 1 10 12 1 10 12 1 10 12 1 10 12 1 10 12 1 10 12 1 10 12 1 1 100 1 10 12 1 1 8 1 11 100 12 1 1 100 1 11 100 12 1 1 10 12 1 10 12 1 11 12 10 12 1 10 12 1 10 12 1 10 12 1 10 12 1 10 12 1 10 12 1 10 12 1 8 1 11 12 1 100 1 5 0 5 0 10 12 1 10 12 1 10 12 10 12 10 12 10 12 10 12 10 12 10 12 10 7 12 1 1 10 11 12 1 1 10 12 1 10 12 1 1 10 12 1 1 10 12 1 1 10 11 12 1 1 10 12 1 1 10 12 1 10 10 12 1 10 10 10 100 12 1 1 1 10 100 1 10 12 1 10 10 12 1 10 100 12 1 1 1 10 12 1 100 1 10 12 1 100 1 8 1 10 10 12 1 1 10 10 12 1 10 12 1 1 10 12 1 10 12 1 1 10 12 1 10 12 10 12 1 10 12 10 12 1 10 12 1 10 12 1 10 12 1 1 10 12 1 100 1 100 1 1 1 1 5 0 1 1 1 1 1 1 1 1 1 1 1 1 1 1 1 1 1 1 1 1 1 1 1 1 1 1 1 1 1 1 1 1 1 1 1 1 1 1 1 1 1 1 1 1 1 1 1 1 1 1 1 1 1 1 1 1 1 1 1 1 1 1 1 1 1 1 1 1 1 1 1 1 1 1 1 1 1 1 1 1 1 1 1 1 1 1 1 1 1 1 1 1 1 1 1 1 1 1 1 1 1 1 1 1 100 1 1 1 1 100 1 1 1 1 1 1 1 1 1 1 1 1 1 1 1 1 1 1 1 1 1 16 1 15 16 15 10 100 12 1 1 1 1 100 1 100 1 1
ciInstanceKlass java/time/ZonedDateTime$1 1 1 41 10 7 12 1 1 1 9 7 12 1 1 1 9 12 1 1 10 12 1 1 100 1 9 12 1 100 1 1 1 1 1 1 1 1 1 1 100 1 1 1
staticfield java/time/ZonedDateTime$1 $SwitchMap$java$time$temporal$ChronoField [I 30
ciMethodData java/lang/String isLatin1 ()Z 2 995565 orig 80 0 0 0 0 0 0 0 0 0 0 0 0 0 0 0 0 0 0 0 0 0 0 0 0 0 0 0 0 0 0 0 0 0 0 0 0 0 0 0 0 0 0 0 0 0 0 0 0 0 0 0 0 0 0 0 0 0 0 0 0 0 0 0 0 0 0 0 0 0 0 0 0 0 0 0 0 0 0 0 0 data 18 0x30007 0x0 0x58 0xf30ee 0xa0007 0x212d 0x38 0xf0fbe 0xe0003 0xf0fc2 0x18 0x0 0x0 0x0 0x0 0x9 0x1 0x0 oops 0 methods 0
ciMethodData java/lang/Object <init> ()V 2 3321034 orig 80 1 0 0 0 0 0 0 0 0 0 0 0 0 0 0 0 0 0 0 0 0 0 0 0 0 0 0 0 0 0 0 0 0 0 0 0 0 0 0 0 0 0 0 0 0 0 0 0 0 0 0 0 0 0 0 0 0 0 0 0 0 0 0 0 0 0 0 0 0 0 0 0 0 0 0 0 0 0 0 0 data 4 0x0 0x9 0x1 0x0 oops 0 methods 0
ciMethodData java/lang/StringBuilder append (Ljava/lang/String;)Ljava/lang/StringBuilder; 2 195759 orig 80 1 0 0 0 0 0 0 0 0 0 0 0 0 0 0 0 0 0 0 0 0 0 0 0 0 0 0 0 0 0 0 0 0 0 0 0 0 0 0 0 0 0 0 0 0 0 0 0 0 0 0 0 0 0 0 0 0 0 0 0 0 0 0 0 0 0 0 0 0 0 0 0 0 0 0 0 0 0 0 0 data 9 0x20002 0x2fcb0 0x0 0x0 0x0 0x9 0x2 0xffffffffffffffff 0xffffffffffffffff oops 0 methods 0
ciMethodData java/util/concurrent/ConcurrentHashMap tabAt ([Ljava/util/concurrent/ConcurrentHashMap$Node;I)Ljava/util/concurrent/ConcurrentHashMap$Node; 2 5165 orig 80 0 0 0 0 0 0 0 0 0 0 0 0 0 0 0 0 0 0 0 0 0 0 0 0 0 0 0 0 0 0 0 0 0 0 0 0 0 0 0 0 0 0 0 0 0 0 0 0 0 0 0 0 0 0 0 0 0 0 0 0 0 0 0 0 0 0 0 0 0 0 0 0 0 0 0 0 0 0 0 0 data 25 0xe000b 0x0 0x210ff93e8c8 0x142d 0x0 0x0 0x2 0x1 0x2108b06e810 0x110104 0x0 0x2108b06e768 0x9ed 0x2108a559ae8 0x370 0x0 0x0 0x0 0x0 0x0 0x0 0x9 0x2 0x0 0x0 oops 4 2 jdk/internal/misc/Unsafe 8 [Ljava/util/concurrent/ConcurrentHashMap$Node; 11 java/util/concurrent/ConcurrentHashMap$Node 13 java/util/concurrent/ConcurrentHashMap$ForwardingNode methods 0
ciMethodData java/util/concurrent/ConcurrentHashMap spread (I)I 2 42811 orig 80 0 0 0 0 0 0 0 0 0 0 0 0 0 0 0 0 0 0 0 0 0 0 0 0 0 0 0 0 0 0 0 0 0 0 0 0 0 0 0 0 0 0 0 0 0 0 0 0 0 0 0 0 0 0 0 0 0 0 0 0 0 0 0 0 0 0 0 0 0 0 0 0 0 0 0 0 0 0 0 0 data 5 0x0 0x0 0x9 0x1 0x0 oops 0 methods 0
ciMethodData java/lang/String <init> ([BB)V 2 147275 orig 80 0 0 0 0 0 0 0 0 0 0 0 0 0 0 0 0 0 0 0 0 0 0 0 0 0 0 0 0 0 0 0 0 0 0 0 0 0 0 0 0 0 0 0 0 0 0 0 0 0 0 0 0 0 0 0 0 0 0 0 0 0 0 0 0 0 0 0 0 0 0 0 0 0 0 0 0 0 0 0 0 data 11 0x10002 0x23f4b 0x0 0x0 0x0 0x0 0x9 0x3 0xc 0x0 0x0 oops 0 methods 0
ciMethodData java/util/Objects requireNonNull (Ljava/lang/Object;Ljava/lang/String;)Ljava/lang/Object; 2 153855 orig 80 0 0 0 0 0 0 0 0 0 0 0 0 0 0 0 0 0 0 0 0 0 0 0 0 0 0 0 0 0 0 0 0 0 0 0 0 0 0 0 0 0 0 0 0 0 0 0 0 0 0 0 0 0 0 0 0 0 0 0 0 0 0 0 0 0 0 0 0 0 0 0 0 0 0 0 0 0 0 0 0 data 16 0x10007 0x25900 0x30 0x0 0x90002 0x0 0x0 0x0 0x0 0x0 0x0 0x0 0x9 0x2 0x0 0xffffffffffffffff oops 0 methods 0
ciMethodData java/util/concurrent/ConcurrentHashMap get (Ljava/lang/Object;)Ljava/lang/Object; 2 5159 orig 80 0 0 0 0 0 0 0 0 0 0 0 0 0 0 0 0 0 0 0 0 0 0 0 0 0 0 0 0 0 0 0 0 0 0 0 0 0 0 0 0 0 0 0 0 0 0 0 0 0 0 0 0 0 0 0 0 0 0 0 0 0 0 0 0 0 0 0 0 0 0 0 0 0 0 0 0 0 0 0 0 data 97 0x10005 0x1cb 0x210ff93bd88 0xd6b 0x2108b0708e0 0x4f1 0x40002 0x1427 0xf0007 0x28 0x278 0x13ff 0x170007 0x0 0x258 0x13ff 0x220002 0x13ff 0x270007 0x6df 0x228 0xd20 0x330007 0x5be 0xb0 0x762 0x3e0007 0x220 0x90 0x542 0x430007 0x0 0xf8 0x542 0x490005 0x4e 0x210ff93bd88 0x2ec 0x2108b0708e0 0x208 0x4c0007 0x2 0xa8 0x540 0x560007 0x5be 0x88 0x0 0x5d0005 0x0 0x0 0x0 0x0 0x0 0x630007 0x0 0x38 0x0 0x6b0003 0x0 0x18 0x760007 0x291 0xd0 0x5f7 0x7f0007 0x2c8 0xffffffffffffffe0 0x32f 0x8a0007 0x125 0x90 0x20a 0x8f0007 0x0 0xffffffffffffffa0 0x20a 0x950005 0x14 0x210ff93bd88 0x1be 0x2108b0708e0 0x38 0x980007 0x0 0xffffffffffffff50 0x20a 0x0 0x0 0x0 0x0 0x0 0x0 0x9 0x2 0x0 0x0 oops 6 2 java/lang/String 4 jdk/internal/util/StrongReferenceKey 36 java/lang/String 38 jdk/internal/util/StrongReferenceKey 79 java/lang/String 81 jdk/internal/util/StrongReferenceKey methods 0
ciMethodData java/util/Arrays copyOf ([Ljava/lang/Object;I)[Ljava/lang/Object; 2 65080 orig 80 0 0 0 0 0 0 0 0 0 0 0 0 0 0 0 0 0 0 0 0 0 0 0 0 0 0 0 0 0 0 0 0 0 0 0 0 0 0 0 0 0 0 0 0 0 0 0 0 0 0 0 0 0 0 0 0 0 0 0 0 0 0 0 0 0 0 0 0 0 0 0 0 0 0 0 0 0 0 0 0 data 18 0x30005 0xa570 0x21088320e58 0x978 0x2108a54feb0 0x4f53 0x60002 0xfe3a 0x0 0x0 0x0 0x0 0x0 0x0 0x9 0x2 0xffffffffffffffff 0x0 oops 2 2 [Ljava/lang/classfile/Attribute; 4 [Ljava/lang/Object; methods 0
ciMethodData java/lang/Object equals (Ljava/lang/Object;)Z 2 22579 orig 80 0 0 0 0 0 0 0 0 0 0 0 0 0 0 0 0 0 0 0 0 0 0 0 0 0 0 0 0 0 0 0 0 0 0 0 0 0 0 0 0 0 0 0 0 0 0 0 0 0 0 0 0 0 0 0 0 0 0 0 0 0 0 0 0 0 0 0 0 0 0 0 0 0 0 0 0 0 0 0 0 data 17 0x20007 0x9fd 0x38 0x4e36 0x60003 0x4e36 0x18 0x0 0x0 0x0 0x0 0x0 0x0 0x9 0x2 0x0 0x0 oops 0 methods 0
ciMethodData java/lang/String toLowerCase (Ljava/util/Locale;)Ljava/lang/String; 2 2747 orig 80 0 0 0 0 0 0 0 0 0 0 0 0 0 0 0 0 0 0 0 0 0 0 0 0 0 0 0 0 0 0 0 0 0 0 0 0 0 0 0 0 0 0 0 0 0 0 0 0 0 0 0 0 0 0 0 0 0 0 0 0 0 0 0 0 0 0 0 0 0 0 0 0 0 0 0 0 0 0 0 0 data 27 0x10005 0x1e0 0x210ff93bd88 0x8db 0x0 0x0 0x40007 0x0 0x48 0xaba 0xd0002 0xaba 0x100003 0xabb 0x28 0x190002 0x0 0x0 0x0 0x0 0x0 0x0 0x0 0x9 0x2 0xffffffffffffffff 0xffffffffffffffff oops 1 2 java/lang/String methods 0
ciMethodData java/lang/StringLatin1 toLowerCase (Ljava/lang/String;[BLjava/util/Locale;)Ljava/lang/String; 2 2078 orig 80 0 0 0 0 0 0 0 0 0 0 0 0 0 0 0 0 0 0 0 0 0 0 0 0 0 0 0 0 0 0 0 0 0 0 0 0 0 0 0 0 0 0 0 0 0 0 0 0 0 0 0 0 0 0 0 0 0 0 0 0 0 0 0 0 0 0 0 0 0 0 0 0 0 0 0 0 0 0 0 0 data 78 0x10007 0x81e 0x30 0x0 0x80002 0x0 0x150007 0x413 0xa0 0x2460 0x220005 0x89 0x2108dea7018 0x23d8 0x0 0x0 0x250007 0x2056 0x38 0x40a 0x280003 0x40a 0x30 0x2e0003 0x2055 0xffffffffffffff78 0x340007 0x40a 0x20 0x413 0x3a0005 0x84 0x21089544ec8 0x386 0x0 0x0 0x430007 0x0 0x60 0x40a 0x4a0007 0x0 0x40 0x40a 0x510007 0x40a 0x30 0x0 0x590002 0x0 0x690002 0x40a 0x730007 0x40b 0x68 0x217e 0x850005 0x760 0x2108dea7018 0x1a1e 0x0 0x0 0x8d0003 0x217d 0xffffffffffffffb0 0x970002 0x40b 0x0 0x0 0x0 0x0 0x0 0x0 0x9 0x3 0x0 0x0 0x0 oops 3 12 java/lang/CharacterDataLatin1 32 java/util/Locale 58 java/lang/CharacterDataLatin1 methods 0
ciMethodData java/lang/CharacterDataLatin1 toLowerCase (I)I 2 5322 orig 80 0 0 0 0 0 0 0 0 0 0 0 0 0 0 0 0 0 0 0 0 0 0 0 0 0 0 0 0 0 0 0 0 0 0 0 0 0 0 0 0 0 0 0 0 0 0 0 0 0 0 0 0 0 0 0 0 0 0 0 0 0 0 0 0 0 0 0 0 0 0 0 0 0 0 0 0 0 0 0 0 data 27 0x30007 0x13cb 0x20 0xff 0x100007 0x13ca 0x80 0x1 0x170007 0x1 0x60 0x0 0x1e0007 0x0 0x40 0x0 0x250007 0x0 0x20 0x0 0x0 0x0 0x0 0x9 0x2 0x0 0x0 oops 0 methods 0
ciMethodData java/util/Locale getLanguage ()Ljava/lang/String; 2 1461 orig 80 0 0 0 0 0 0 0 0 0 0 0 0 0 0 0 0 0 0 0 0 0 0 0 0 0 0 0 0 0 0 0 0 0 0 0 0 0 0 0 0 0 0 0 0 0 0 0 0 0 0 0 0 0 0 0 0 0 0 0 0 0 0 0 0 0 0 0 0 0 0 0 0 0 0 0 0 0 0 0 0 data 15 0x40005 0x89 0x2108a5f7ac0 0x52c 0x0 0x0 0x0 0x0 0x0 0x0 0x0 0x0 0x9 0x1 0x0 oops 1 2 sun/util/locale/BaseLocale methods 0
ciMethodData java/lang/CharacterDataLatin1 isUpperCase (I)Z 2 12406 orig 80 0 0 0 0 0 0 0 0 0 0 0 0 0 0 0 0 0 0 0 0 0 0 0 0 0 0 0 0 0 0 0 0 0 0 0 0 0 0 0 0 0 0 0 0 0 0 0 0 0 0 0 0 0 0 0 0 0 0 0 0 0 0 0 0 0 0 0 0 0 0 0 0 0 0 0 0 0 0 0 0 data 23 0x20005 0x32 0x2108dea7018 0x3044 0x0 0x0 0x70007 0x2ced 0x38 0x388 0xb0003 0x388 0x18 0x0 0x0 0x0 0x0 0x0 0x0 0x9 0x2 0x0 0x0 oops 1 2 java/lang/CharacterDataLatin1 methods 0
ciMethodData java/lang/CharacterDataLatin1 getPropertiesEx (I)I 2 12407 orig 80 0 0 0 0 0 0 0 0 0 0 0 0 0 0 0 0 0 0 0 0 0 0 0 0 0 0 0 0 0 0 0 0 0 0 0 0 0 0 0 0 0 0 0 0 0 0 0 0 0 0 0 0 0 0 0 0 0 0 0 0 0 0 0 0 0 0 0 0 0 0 0 0 0 0 0 0 0 0 0 0 data 7 0x0 0x0 0x0 0x9 0x2 0x0 0x0 oops 0 methods 0
ciMethodData java/util/Locale getDefault (Ljava/util/Locale$Category;)Ljava/util/Locale; 2 4985 orig 80 0 0 0 0 0 0 0 0 0 0 0 0 0 0 0 0 0 0 0 0 0 0 0 0 0 0 0 0 0 0 0 0 0 0 0 0 0 0 0 0 0 0 0 0 0 0 0 0 0 0 0 0 0 0 0 0 0 0 0 0 0 0 0 0 0 0 0 0 0 0 0 0 0 0 0 0 0 0 0 0 data 37 0x10002 0x1379 0x90007 0x1379 0x50 0x0 0x110007 0x0 0x30 0x0 0x140002 0x0 0x1d0007 0x1379 0x50 0x0 0x240007 0x0 0x30 0x0 0x2d0002 0x0 0x360007 0x1379 0x30 0x0 0x390002 0x0 0x0 0x0 0x0 0x0 0x0 0x0 0x9 0x1 0x0 oops 0 methods 0
ciMethodData jdk/internal/util/DecimalDigits uncheckedPutCharLatin1 ([BII)V 2 7189 orig 80 0 0 0 0 0 0 0 0 0 0 0 0 0 0 0 0 0 0 0 0 0 0 0 0 0 0 0 0 0 0 0 0 0 0 0 0 0 0 0 0 0 0 0 0 0 0 0 0 0 0 0 0 0 0 0 0 0 0 0 0 0 0 0 0 0 0 0 0 0 0 0 0 0 0 0 0 0 0 0 0 data 34 0x30007 0x1c15 0x70 0x0 0x70007 0x0 0x40 0x0 0xd0007 0x0 0x30 0x0 0x140002 0x0 0x24000b 0x0 0x0 0x0 0x0 0x0 0x2 0x1 0x0 0x0 0x0 0x0 0x0 0x0 0x0 0x9 0x3 0xffffffffffffffff 0x0 0x0 oops 0 methods 0
ciMethod java/time/chrono/ChronoZonedDateTime get (Ljava/time/temporal/TemporalField;)I 0 0 1 0 -1
ciMethod java/time/ZonedDateTime get (Ljava/time/temporal/TemporalField;)I 512 0 5382 0 680
ciMethod java/time/ZonedDateTime getOffset ()Ljava/time/ZoneOffset; 256 0 128 0 -1
ciMethodData jdk/internal/util/DecimalDigits uncheckedPutPairLatin1 ([BII)V 2 6155 orig 80 0 0 0 0 0 0 0 0 0 0 0 0 0 0 0 0 0 0 0 0 0 0 0 0 0 0 0 0 0 0 0 0 0 0 0 0 0 0 0 0 0 0 0 0 0 0 0 0 0 0 0 0 0 0 0 0 0 0 0 0 0 0 0 0 0 0 0 0 0 0 0 0 0 0 0 0 0 0 0 0 data 15 0x100002 0x180b 0x1b0002 0x180b 0x0 0x0 0x0 0x0 0x0 0x0 0x9 0x3 0x0 0x0 0x0 oops 0 methods 0
ciMethodData java/lang/Long toString (J)Ljava/lang/String; 2 7208 orig 80 0 0 0 0 0 0 0 0 0 0 0 0 0 0 0 0 0 0 0 0 0 0 0 0 0 0 0 0 0 0 0 0 0 0 0 0 0 0 0 0 0 0 0 0 0 0 0 0 0 0 0 0 0 0 0 0 0 0 0 0 0 0 0 0 0 0 0 0 0 0 0 0 0 0 0 0 0 0 0 0 data 24 0x10002 0x1c28 0x80007 0x0 0x40 0x1c27 0x120002 0x1c27 0x1c0002 0x1c28 0x290002 0x0 0x330002 0x0 0x0 0x0 0x0 0x0 0x0 0x0 0x9 0x2 0x0 0x0 oops 0 methods 0
ciMethodData java/lang/StringBuilder append (Ljava/lang/CharSequence;)Ljava/lang/StringBuilder; 2 10081 orig 80 0 0 0 0 0 0 0 0 0 0 0 0 0 0 0 0 0 0 0 0 0 0 0 0 0 0 0 0 0 0 0 0 0 0 0 0 0 0 0 0 0 0 0 0 0 0 0 0 0 0 0 0 0 0 0 0 0 0 0 0 0 0 0 0 0 0 0 0 0 0 0 0 0 0 0 0 0 0 0 0 data 9 0x20002 0x2761 0x0 0x0 0x0 0x9 0x2 0x0 0x0 oops 0 methods 0
ciMethodData java/lang/AbstractStringBuilder append (Ljava/lang/CharSequence;)Ljava/lang/AbstractStringBuilder; 2 6183 orig 80 0 0 0 0 0 0 0 0 0 0 0 0 0 0 0 0 0 0 0 0 0 0 0 0 0 0 0 0 0 0 0 0 0 0 0 0 0 0 0 0 0 0 0 0 0 0 0 0 0 0 0 0 0 0 0 0 0 0 0 0 0 0 0 0 0 0 0 0 0 0 0 0 0 0 0 0 0 0 0 0 data 76 0x10007 0x1827 0x50 0x0 0x50005 0x0 0x0 0x0 0x0 0x0 0xa0004 0x0 0x210ff93e7b8 0x29a 0x210ff93bd88 0x158d 0xd0007 0x29a 0x80 0x158d 0x110004 0x0 0x210ff93bd88 0x158d 0x0 0x0 0x170005 0x0 0x210ff93e7b8 0x158d 0x0 0x0 0x1c0004 0x0 0x210ff93e7b8 0x29a 0x0 0x0 0x1f0007 0x0 0x80 0x29a 0x230004 0x0 0x210ff93e7b8 0x29a 0x0 0x0 0x290005 0x0 0x210ff93e7b8 0x29a 0x0 0x0 0x310005 0x0 0x0 0x0 0x0 0x0 0x360005 0x0 0x0 0x0 0x0 0x0 0x0 0x0 0x0 0x0 0x0 0x0 0x9 0x2 0xffffffffffffffff 0xffffffffffffffff oops 7 12 java/lang/StringBuilder 14 java/lang/String 22 java/lang/String 28 java/lang/StringBuilder 34 java/lang/StringBuilder 44 java/lang/StringBuilder 50 java/lang/StringBuilder methods 0
ciMethodData sun/util/locale/BaseLocale hashCode ()I 2 9742 orig 80 0 0 0 0 0 0 0 0 0 0 0 0 0 0 0 0 0 0 0 0 0 0 0 0 0 0 0 0 0 0 0 0 0 0 0 0 0 0 0 0 0 0 0 0 0 0 0 0 0 0 0 0 0 0 0 0 0 0 0 0 0 0 0 0 0 0 0 0 0 0 0 0 0 0 0 0 0 0 0 0 data 99 0x60007 0x1dae 0x2d0 0x860 0xd0005 0x9f 0x210ff93bd88 0x7c1 0x0 0x0 0x150007 0x860 0x78 0x132d 0x210005 0x16d 0x210ff93bd88 0x11c0 0x0 0x0 0x240002 0x132d 0x2c0003 0x132d 0xffffffffffffffa0 0x330005 0x9f 0x210ff93bd88 0x7c1 0x0 0x0 0x3b0007 0x860 0x78 0x9f4 0x470005 0xb8 0x210ff93bd88 0x93c 0x0 0x0 0x4a0002 0x9f4 0x520003 0x9f4 0xffffffffffffffa0 0x590005 0x9f 0x210ff93bd88 0x7c1 0x0 0x0 0x610007 0x860 0x78 0xc91 0x6d0005 0x10f 0x210ff93bd88 0xb82 0x0 0x0 0x700002 0xc91 0x780003 0xc91 0xffffffffffffffa0 0x7f0005 0x9f 0x210ff93bd88 0x7c1 0x0 0x0 0x870007 0x860 0x68 0x2f 0x930005 0x7 0x210ff93bd88 0x28 0x0 0x0 0x9b0003 0x2f 0xffffffffffffffb0 0x9f0007 0xd 0x20 0x853 0x0 0x0 0x0 0x0 0x0 0x0 0x9 0x1 0x0 oops 8 6 java/lang/String 16 java/lang/String 27 java/lang/String 37 java/lang/String 48 java/lang/String 58 java/lang/String 69 java/lang/String 79 java/lang/String methods 0
ciMethodData java/util/Locale hashCode ()I 2 7282 orig 80 0 0 0 0 0 0 0 0 0 0 0 0 0 0 0 0 0 0 0 0 0 0 0 0 0 0 0 0 0 0 0 0 0 0 0 0 0 0 0 0 0 0 0 0 0 0 0 0 0 0 0 0 0 0 0 0 0 0 0 0 0 0 0 0 0 0 0 0 0 0 0 0 0 0 0 0 0 0 0 0 data 29 0x60007 0x17a3 0xa0 0x4d0 0xd0005 0x2dd 0x2108a5f7ac0 0x1f3 0x0 0x0 0x150007 0x4d0 0x50 0x0 0x1d0005 0x0 0x0 0x0 0x0 0x0 0x0 0x0 0x0 0x0 0x0 0x0 0x9 0x1 0x0 oops 1 6 sun/util/locale/BaseLocale methods 0
ciMethodData java/util/Locale equals (Ljava/lang/Object;)Z 2 6160 orig 80 0 0 0 0 0 0 0 0 0 0 0 0 0 0 0 0 0 0 0 0 0 0 0 0 0 0 0 0 0 0 0 0 0 0 0 0 0 0 0 0 0 0 0 0 0 0 0 0 0 0 0 0 0 0 0 0 0 0 0 0 0 0 0 0 0 0 0 0 0 0 0 0 0 0 0 0 0 0 0 0 data 69 0x20007 0x8dc 0x20 0xf35 0x80004 0x0 0x21089544ec8 0x8dc 0x0 0x0 0xb0007 0x8dc 0x20 0x0 0x110004 0x0 0x21089544ec8 0x8dc 0x0 0x0 0x1d0005 0x38a 0x2108a5f7ac0 0x552 0x0 0x0 0x200007 0x0 0x20 0x8dc 0x290007 0x0 0x88 0x0 0x2d0004 0x0 0x0 0x0 0x0 0x0 0x330007 0x0 0x38 0x0 0x370003 0x0 0x18 0x410004 0x0 0x0 0x0 0x0 0x0 0x470005 0x0 0x0 0x0 0x0 0x0 0x0 0x0 0x0 0x0 0x0 0x0 0x9 0x2 0x0 0x0 oops 3 6 java/util/Locale 16 java/util/Locale 22 sun/util/locale/BaseLocale methods 0
ciMethodData jdk/internal/util/DecimalDigits stringSize (J)I 2 5141 orig 80 0 0 0 0 0 0 0 0 0 0 0 0 0 0 0 0 0 0 0 0 0 0 0 0 0 0 0 0 0 0 0 0 0 0 0 0 0 0 0 0 0 0 0 0 0 0 0 0 0 0 0 0 0 0 0 0 0 0 0 0 0 0 0 0 0 0 0 0 0 0 0 0 0 0 0 0 0 0 0 0 data 23 0x50007 0x0 0x20 0x1415 0x180007 0x0 0x58 0x53e0 0x1e0007 0x3fcb 0x20 0x1415 0x2f0003 0x3fcb 0xffffffffffffffc0 0x0 0x0 0x0 0x0 0x9 0x2 0x0 0x0 oops 0 methods 0
ciMethodData java/text/DateFormatSymbols getShortMonths ()[Ljava/lang/String; 2 5890 orig 80 0 0 0 0 0 0 0 0 0 0 0 0 0 0 0 0 0 0 0 0 0 0 0 0 0 0 0 0 0 0 0 0 0 0 0 0 0 0 0 0 0 0 0 0 0 0 0 0 0 0 0 0 0 0 0 0 0 0 0 0 0 0 0 0 0 0 0 0 0 0 0 0 0 0 0 0 0 0 0 0 data 17 0x90002 0x1703 0xc0004 0x0 0x2108a93d130 0x1704 0x0 0x0 0x0 0x0 0x0 0x0 0x0 0x0 0x9 0x1 0x0 oops 1 4 [Ljava/lang/String; methods 0
ciMethodData java/text/DateFormatSymbols getInstance (Ljava/util/Locale;)Ljava/text/DateFormatSymbols; 2 1887 orig 80 0 0 0 0 0 0 0 0 0 0 0 0 0 0 0 0 0 0 0 0 0 0 0 0 0 0 0 0 0 0 0 0 0 0 0 0 0 0 0 0 0 0 0 0 0 0 0 0 0 0 0 0 0 0 0 0 0 0 0 0 0 0 0 0 0 0 0 0 0 0 0 0 0 0 0 0 0 0 0 0 data 17 0x10002 0x760 0x60007 0x0 0x20 0x764 0x110002 0x0 0x0 0x0 0x0 0x0 0x0 0x0 0x9 0x1 0x0 oops 0 methods 0
ciMethodData java/text/DateFormatSymbols getProviderInstance (Ljava/util/Locale;)Ljava/text/DateFormatSymbols; 2 1890 orig 80 0 0 0 0 0 0 0 0 0 0 0 0 0 0 0 0 0 0 0 0 0 0 0 0 0 0 0 0 0 0 0 0 0 0 0 0 0 0 0 0 0 0 0 0 0 0 0 0 0 0 0 0 0 0 0 0 0 0 0 0 0 0 0 0 0 0 0 0 0 0 0 0 0 0 0 0 0 0 0 0 data 41 0x30002 0x762 0x80005 0x0 0x2108a4b2af0 0x760 0x0 0x0 0xe0005 0x0 0x2108a4b2b98 0x761 0x0 0x0 0x130007 0x764 0x90 0x0 0x160002 0x0 0x190005 0x0 0x0 0x0 0x0 0x0 0x1f0005 0x0 0x0 0x0 0x0 0x0 0x0 0x0 0x0 0x0 0x0 0x0 0x9 0x1 0x0 oops 2 4 sun/util/cldr/CLDRLocaleProviderAdapter 10 sun/util/locale/provider/DateFormatSymbolsProviderImpl methods 0
ciMethodData jdk/internal/util/DecimalDigits uncheckedGetCharsLatin1 (JI[B)I 2 7172 orig 80 0 0 0 0 0 0 0 0 0 0 0 0 0 0 0 0 0 0 0 0 0 0 0 0 0 0 0 0 0 0 0 0 0 0 0 0 0 0 0 0 0 0 0 0 0 0 0 0 0 0 0 0 0 0 0 0 0 0 0 0 0 0 0 0 0 0 0 0 0 0 0 0 0 0 0 0 0 0 0 0 data 58 0x60007 0x1c04 0x38 0x0 0xa0003 0x0 0x18 0x120007 0x0 0x20 0x1c04 0x1d0007 0x1c04 0x48 0x0 0x360002 0x0 0x3c0003 0x0 0xffffffffffffffd0 0x470007 0x1c04 0x48 0x24e1 0x5f0002 0x24e1 0x660003 0x24e1 0xffffffffffffffd0 0x6d0007 0xc9d 0x48 0xf67 0x790002 0xf67 0x7c0003 0xf67 0x28 0x8a0002 0xc9d 0x8f0007 0x1c04 0x30 0x0 0x9a0002 0x0 0x0 0x0 0x0 0x0 0x0 0x0 0x9 0x4 0x0 0x0 0x0 0x0 oops 0 methods 0
ciMethodData sun/util/locale/provider/LocaleProviderAdapter getAdapter (Ljava/lang/Class;Ljava/util/Locale;)Lsun/util/locale/provider/LocaleProviderAdapter; 2 2614 orig 80 0 0 0 0 0 0 0 0 0 0 0 0 0 0 0 0 0 0 0 0 0 0 0 0 0 0 0 0 0 0 0 0 0 0 0 0 0 0 0 0 0 0 0 0 0 0 0 0 0 0 0 0 0 0 0 0 0 0 0 0 0 0 0 0 0 0 0 0 0 0 0 0 0 0 0 0 0 0 0 0 data 136 0x40005 0x0 0x210ff93ef48 0xa37 0x0 0x0 0x90004 0x0 0x210ff93ef48 0xa36 0x0 0x0 0xe0007 0x0 0xa0 0xa37 0x130005 0x0 0x210ff93ef48 0xa37 0x0 0x0 0x180004 0x0 0x2108a4b2af0 0xa37 0x0 0x0 0x1d0007 0x0 0x60 0xa34 0x260002 0x0 0x2f0005 0x0 0x0 0x0 0x0 0x0 0x370002 0x0 0x3c0007 0x0 0x50 0x0 0x420005 0x0 0x0 0x0 0x0 0x0 0x4d0002 0x0 0x530005 0x0 0x0 0x0 0x0 0x0 0x5a0005 0x0 0x0 0x0 0x0 0x0 0x630005 0x0 0x0 0x0 0x0 0x0 0x680007 0x0 0x160 0x0 0x6d0005 0x0 0x0 0x0 0x0 0x0 0x720004 0x0 0x0 0x0 0x0 0x0 0x7a0005 0x0 0x0 0x0 0x0 0x0 0x7d0007 0x0 0x38 0x0 0x800003 0x0 0xffffffffffffff00 0x860002 0x0 0x8b0007 0x0 0x50 0x0 0x910005 0x0 0x0 0x0 0x0 0x0 0x990003 0x0 0xfffffffffffffe88 0xa10002 0x0 0xa40005 0x0 0x0 0x0 0x0 0x0 0xad0002 0x0 0x0 0x0 0x0 0x0 0x0 0x0 0x9 0x2 0x0 0x0 oops 4 2 java/util/concurrent/ConcurrentHashMap 8 java/util/concurrent/ConcurrentHashMap 18 java/util/concurrent/ConcurrentHashMap 24 sun/util/cldr/CLDRLocaleProviderAdapter methods 0
ciMethodData java/lang/Long toString (JI)Ljava/lang/String; 2 5121 orig 80 0 0 0 0 0 0 0 0 0 0 0 0 0 0 0 0 0 0 0 0 0 0 0 0 0 0 0 0 0 0 0 0 0 0 0 0 0 0 0 0 0 0 0 0 0 0 0 0 0 0 0 0 0 0 0 0 0 0 0 0 0 0 0 0 0 0 0 0 0 0 0 0 0 0 0 0 0 0 0 0 data 55 0x20007 0x0 0x40 0x1401 0x80007 0x1401 0x20 0x0 0x110007 0x0 0x30 0x1401 0x150002 0x1401 0x1c0007 0x0 0xe0 0x0 0x2b0007 0x0 0x38 0x0 0x2f0003 0x0 0x18 0x370007 0x0 0x20 0x0 0x420007 0x0 0x38 0x0 0x5b0003 0x0 0xffffffffffffffe0 0x6b0007 0x0 0x20 0x0 0x7f0002 0x0 0x850002 0x0 0x0 0x0 0x0 0x0 0x0 0x0 0x9 0x3 0x0 0x0 0x0 oops 0 methods 0
ciMethodData java/util/Formatter$FormatSpecifier localizedMagnitude (Ljava/util/Formatter;Ljava/lang/StringBuilder;Ljava/lang/CharSequence;IIILjava/util/Locale;)Ljava/lang/StringBuilder; 2 1908 orig 80 0 0 0 0 0 0 0 0 0 0 0 0 0 0 0 0 0 0 0 0 0 0 0 0 0 0 0 0 0 0 0 0 0 0 0 0 0 0 0 0 0 0 0 0 0 0 0 0 0 0 0 0 0 0 0 0 0 0 0 0 0 0 0 0 0 0 0 0 0 0 0 0 0 0 0 0 0 0 0 0 data 244 0x10007 0x661 0x30 0x113 0x80002 0x113 0xd0005 0x67 0x210ff93e7b8 0x70d 0x0 0x0 0x140002 0x774 0x230005 0x0 0x210ff93bd88 0x774 0x0 0x0 0x360007 0x774 0xa0 0x20e1 0x3c0005 0x0 0x210ff93bd88 0x20e1 0x0 0x0 0x430007 0x20e1 0x38 0x0 0x4a0003 0x0 0x30 0x500003 0x20e1 0xffffffffffffff78 0x570007 0x774 0x30 0x0 0x5c0002 0x0 0x650002 0x774 0x680007 0x774 0x2f0 0x0 0x6d0002 0x0 0x740007 0x0 0x70 0x0 0x7c0005 0x0 0x0 0x0 0x0 0x0 0x7f0007 0x0 0x38 0x0 0x850003 0x0 0x250 0x8d0002 0x0 0x940004 0x0 0x0 0x0 0x0 0x0 0x970007 0x0 0x68 0x0 0x9c0004 0x0 0x0 0x0 0x0 0x0 0xa10003 0x0 0x108 0xa90002 0x0 0xb00004 0x0 0x0 0x0 0x0 0x0 0xb30007 0x0 0x30 0x0 0xb60002 0x0 0xbf0005 0x0 0x0 0x0 0x0 0x0 0xc20005 0x0 0x0 0x0 0x0 0x0 0xd10002 0x0 0xd40002 0x0 0xdb0005 0x0 0x0 0x0 0x0 0x0 0xe20005 0x0 0x0 0x0 0x0 0x0 0xe50007 0x0 0x40 0x0 0xea0007 0x0 0x20 0x0 0xf80007 0x774 0x190 0x20e1 0xff0007 0x20e1 0x68 0x0 0x1050005 0x0 0x0 0x0 0x0 0x0 0x10c0003 0x0 0x108 0x1120005 0x0 0x210ff93bd88 0x20e1 0x0 0x0 0x1230005 0x206 0x210ff93e7b8 0x1edb 0x0 0x0 0x1290007 0x20e1 0x90 0x0 0x1320007 0x0 0x70 0x0 0x13e0007 0x0 0x50 0x0 0x1440005 0x0 0x0 0x0 0x0 0x0 0x14b0003 0x20e1 0xfffffffffffffe88 0x1510005 0x67 0x210ff93e7b8 0x70d 0x0 0x0 0x1540007 0x67c 0xf0 0xf8 0x15b0002 0xf8 0x15e0007 0x37 0xc0 0xc1 0x1630002 0xc1 0x1690005 0x1 0x210ff93e7b8 0xc0 0x0 0x0 0x16d0005 0x1 0x210ff93bd88 0xc0 0x0 0x0 0x1770005 0x1 0x210ff93e7b8 0xc0 0x0 0x0 0x0 0x0 0x0 0x0 0x0 0x0 0x9 0x8 0x0 0x0 0x0 0x0 0x0 0x0 0x0 0x0 oops 9 8 java/lang/StringBuilder 16 java/lang/String 26 java/lang/String 161 java/lang/String 167 java/lang/StringBuilder 194 java/lang/StringBuilder 212 java/lang/StringBuilder 218 java/lang/String 224 java/lang/StringBuilder methods 0
ciMethodData java/util/Objects requireNonNullElse (Ljava/lang/Object;Ljava/lang/Object;)Ljava/lang/Object; 2 3001 orig 80 0 0 0 0 0 0 0 0 0 0 0 0 0 0 0 0 0 0 0 0 0 0 0 0 0 0 0 0 0 0 0 0 0 0 0 0 0 0 0 0 0 0 0 0 0 0 0 0 0 0 0 0 0 0 0 0 0 0 0 0 0 0 0 0 0 0 0 0 0 0 0 0 0 0 0 0 0 0 0 0 data 19 0x10007 0x2df 0x38 0x8da 0x50003 0x8da 0x28 0xb0002 0x2df 0x0 0x0 0x0 0x0 0x0 0x0 0x9 0x2 0x0 0x0 oops 0 methods 0
ciMethodData sun/util/locale/provider/JRELocaleProviderAdapter getDateFormatSymbolsProvider ()Ljava/text/spi/DateFormatSymbolsProvider; 2 1745 orig 80 0 0 0 0 0 0 0 0 0 0 0 0 0 0 0 0 0 0 0 0 0 0 0 0 0 0 0 0 0 0 0 0 0 0 0 0 0 0 0 0 0 0 0 0 0 0 0 0 0 0 0 0 0 0 0 0 0 0 0 0 0 0 0 0 0 0 0 0 0 0 0 0 0 0 0 0 0 0 0 0 data 36 0x40007 0x6d1 0xc8 0x0 0xc0005 0x0 0x0 0x0 0x0 0x0 0x120005 0x0 0x0 0x0 0x0 0x0 0x150002 0x0 0x210007 0x0 0x20 0x0 0x2b0003 0x0 0x18 0x0 0x0 0x0 0x0 0x0 0x0 0x9 0x1 0x0 0x2e0001 0x2e0001 oops 0 methods 0
ciMethodData sun/util/locale/provider/DateFormatSymbolsProviderImpl getInstance (Ljava/util/Locale;)Ljava/text/DateFormatSymbols; 2 1743 orig 80 0 0 0 0 0 0 0 0 0 0 0 0 0 0 0 0 0 0 0 0 0 0 0 0 0 0 0 0 0 0 0 0 0 0 0 0 0 0 0 0 0 0 0 0 0 0 0 0 0 0 0 0 0 0 0 0 0 0 0 0 0 0 0 0 0 0 0 0 0 0 0 0 0 0 0 0 0 0 0 0 data 18 0x10007 0x6d0 0x30 0x0 0x80002 0x0 0x110002 0x6cf 0x0 0x0 0x0 0x0 0x0 0x0 0x9 0x2 0x0 0x0 oops 0 methods 0
ciMethodData java/text/DateFormatSymbols <init> (Ljava/util/Locale;)V 2 1744 orig 80 0 0 0 0 0 0 0 0 0 0 0 0 0 0 0 0 0 0 0 0 0 0 0 0 0 0 0 0 0 0 0 0 0 0 0 0 0 0 0 0 0 0 0 0 0 0 0 0 0 0 0 0 0 0 0 0 0 0 0 0 0 0 0 0 0 0 0 0 0 0 0 0 0 0 0 0 0 0 0 0 data 18 0x10002 0x6d0 0x380005 0x6d1 0x0 0x0 0x0 0x0 0x0 0x0 0x0 0x0 0x0 0x0 0x9 0x2 0x0 0x0 oops 0 methods 0
ciMethodData java/text/DateFormatSymbols initializeData (Ljava/util/Locale;)V 2 5153 orig 80 0 0 0 0 0 0 0 0 0 0 0 0 0 0 0 0 0 0 0 0 0 0 0 0 0 0 0 0 0 0 0 0 0 0 0 0 0 0 0 0 0 0 0 0 0 0 0 0 0 0 0 0 0 0 0 0 0 0 0 0 0 0 0 0 0 0 0 0 0 0 0 0 0 0 0 0 0 0 0 0 data 247 0x40005 0x0 0x210ff93ef48 0x1420 0x0 0x0 0x90004 0x0 0x210ff93cb78 0x1421 0x0 0x0 0xe0007 0x0 0xa0 0x1421 0x120005 0x0 0x210ff93cb78 0x1421 0x0 0x0 0x150004 0x0 0x210895473d0 0x1420 0x0 0x0 0x1a0007 0x1420 0x638 0x0 0x1e0007 0x0 0x50 0x0 0x260005 0x0 0x0 0x0 0x0 0x0 0x310002 0x0 0x360002 0x0 0x3f0002 0x0 0x460004 0x0 0x0 0x0 0x0 0x0 0x490007 0x0 0x30 0x0 0x4c0002 0x0 0x530004 0x0 0x0 0x0 0x0 0x0 0x560005 0x0 0x0 0x0 0x0 0x0 0x5d0005 0x0 0x0 0x0 0x0 0x0 0x6b0005 0x0 0x0 0x0 0x0 0x0 0x6e0007 0x0 0x68 0x0 0x760005 0x0 0x0 0x0 0x0 0x0 0x7c0003 0x0 0x130 0x830005 0x0 0x0 0x0 0x0 0x0 0x860007 0x0 0x68 0x0 0x8e0005 0x0 0x0 0x0 0x0 0x0 0x940003 0x0 0x98 0x9b0005 0x0 0x0 0x0 0x0 0x0 0x9e0007 0x0 0x50 0x0 0xa60005 0x0 0x0 0x0 0x0 0x0 0xb10005 0x0 0x0 0x0 0x0 0x0 0xbc0005 0x0 0x0 0x0 0x0 0x0 0xc70005 0x0 0x0 0x0 0x0 0x0 0xd30007 0x0 0x60 0x0 0xdc0002 0x0 0xdf0004 0x0 0x0 0x0 0x0 0x0 0xea0005 0x0 0x0 0x0 0x0 0x0 0xf50005 0x0 0x0 0x0 0x0 0x0 0xf80002 0x0 0x1040005 0x0 0x0 0x0 0x0 0x0 0x1070002 0x0 0x1120002 0x0 0x11b0005 0x0 0x0 0x0 0x0 0x0 0x1200004 0x0 0x0 0x0 0x0 0x0 0x1270007 0x0 0xe8 0x0 0x12c0005 0x0 0x0 0x0 0x0 0x0 0x12f0004 0x0 0x0 0x0 0x0 0x0 0x1360007 0x0 0x68 0x0 0x1400005 0x0 0x0 0x0 0x0 0x0 0x1460003 0x0 0x18 0x1520005 0x1420 0x0 0x0 0x0 0x0 0x0 0x0 0x0 0x0 0x0 0x0 0x0 0x0 0x0 0x0 0x9 0x2 0x0 0x0 oops 4 2 java/util/concurrent/ConcurrentHashMap 8 java/lang/ref/SoftReference 18 java/lang/ref/SoftReference 24 java/text/DateFormatSymbols methods 0
ciMethodData java/time/ZonedDateTime get (Ljava/time/temporal/TemporalField;)I 2 5126 orig 80 0 0 0 0 0 0 0 0 0 0 0 0 0 0 0 0 0 0 0 0 0 0 0 0 0 0 0 0 0 0 0 0 0 0 0 0 0 0 0 0 0 0 0 0 0 0 0 0 0 0 0 0 0 0 0 0 0 0 0 0 0 0 0 0 0 0 0 0 0 0 0 0 0 0 0 0 0 0 0 0 data 65 0x10004 0x0 0x2108a936eb8 0x1406 0x0 0x0 0x40007 0x0 0x178 0x1406 0x80004 0x0 0x2108a936eb8 0x1406 0x0 0x0 0x100005 0x0 0x2108a936eb8 0x1406 0x0 0x0 0x140008 0x6 0x1407 0xc8 0x0 0x40 0x0 0x50 0x370002 0x0 0x3c0005 0x0 0x0 0x0 0x0 0x0 0x3f0005 0x0 0x0 0x0 0x0 0x0 0x420003 0x0 0x48 0x4a0005 0x0 0x2108a9fd710 0x1407 0x0 0x0 0x500002 0x0 0x0 0x0 0x0 0x0 0x0 0x0 0x9 0x2 0xffffffffffffffff 0xffffffffffffffff oops 4 2 java/time/temporal/ChronoField 12 java/time/temporal/ChronoField 18 java/time/temporal/ChronoField 49 java/time/LocalDateTime methods 0
ciMethodData java/util/Formatter$FormatSpecifier print (Ljava/util/Formatter;Ljava/lang/StringBuilder;Ljava/time/temporal/TemporalAccessor;CLjava/util/Locale;)Ljava/lang/Appendable; 2 5125 orig 80 0 0 0 0 0 0 0 0 0 0 0 0 0 0 0 0 0 0 0 0 0 0 0 0 0 0 0 0 0 0 0 0 0 0 0 0 0 0 0 0 0 0 0 0 0 0 0 0 0 0 0 0 0 0 0 0 0 0 0 0 0 0 0 0 0 0 0 0 0 0 0 0 0 0 0 0 0 0 0 0 data 1117 0x10007 0x1405 0x30 0x0 0x80002 0x0 0xe0008 0x76 0x0 0x2108 0x0 0x1158 0x0 0x12e8 0x0 0x1478 0x0 0x1d28 0x0 0x2108 0x0 0x1e30 0x0 0x2108 0x0 0x3c0 0x0 0x510 0x0 0x2108 0x0 0x2108 0x0 0x7f8 0x2dc 0x660 0x0 0x708 0x0 0x2108 0x0 0x2108 0x0 0x8a0 0x0 0x17d0 0x2dd 0xbf8 0x0 0x17d0 0x0 0x2108 0x0 0x2108 0x0 0x2108 0x0 0x2108 0x2dc 0x1478 0x0 0xe08 0x0 0x2108 0x0 0x2108 0x0 0x2108 0x0 0x2108 0x0 0x2108 0x0 0x2108 0x0 0x1158 0x2db 0x12e8 0x0 0x1b00 0x2dc 0x15a0 0x0 0x15a0 0x0 0x2108 0x0 0x2108 0x0 0x12e8 0x0 0x2108 0x0 0x1680 0x0 0x468 0x2dd 0x5b8 0x0 0x1728 0x0 0x2108 0x0 0x2108 0x2dd 0x978 0x0 0x2108 0x0 0x18f8 0x0 0xb50 0x0 0x2108 0x0 0x2108 0x0 0x2108 0x0 0x2108 0x0 0x2108 0x0 0x1478 0x0 0xca0 0x1080005 0x0 0x0 0x0 0x0 0x0 0x11b0005 0x0 0x0 0x0 0x0 0x0 0x11e0005 0x0 0x0 0x0 0x0 0x0 0x1220003 0x0 0x1ce8 0x1290005 0x0 0x0 0x0 0x0 0x0 0x13b0005 0x0 0x0 0x0 0x0 0x0 0x13e0005 0x0 0x0 0x0 0x0 0x0 0x1420003 0x0 0x1c40 0x1490005 0x0 0x0 0x0 0x0 0x0 0x15c0005 0x0 0x0 0x0 0x0 0x0 0x15f0005 0x0 0x0 0x0 0x0 0x0 0x1630003 0x0 0x1b98 0x16a0005 0x0 0x21089547328 0x2dd 0x0 0x0 0x17c0005 0x2dd 0x0 0x0 0x0 0x0 0x17f0005 0x0 0x210ff93e7b8 0x2dc 0x0 0x0 0x1830003 0x2dc 0x1af0 0x18a0005 0x0 0x21089547328 0x2dc 0x0 0x0 0x19d0005 0x2dc 0x0 0x0 0x0 0x0 0x1a00005 0x0 0x210ff93e7b8 0x2dd 0x0 0x0 0x1a40003 0x2dd 0x1a48 0x1ab0005 0x0 0x0 0x0 0x0 0x0 0x1b20003 0x0 0x48 0x1bb0005 0x0 0x0 0x0 0x0 0x0 0x1d30005 0x0 0x0 0x0 0x0 0x0 0x1d60005 0x0 0x0 0x0 0x0 0x0 0x1da0003 0x0 0x1958 0x1e10005 0x0 0x0 0x0 0x0 0x0 0x1f40005 0x0 0x0 0x0 0x0 0x0 0x1f70005 0x0 0x0 0x0 0x0 0x0 0x1fb0003 0x0 0x18b0 0x2020005 0x0 0x0 0x0 0x0 0x0 0x20f0005 0x0 0x0 0x0 0x0 0x0 0x2240005 0x0 0x0 0x0 0x0 0x0 0x2270005 0x0 0x0 0x0 0x0 0x0 0x22b0003 0x0 0x17d8 0x2370004 0x0 0x210ff93bd88 0x2dd 0x0 0x0 0x23d0004 0x0 0x210ff93bd88 0x2dd 0x0 0x0 0x2420007 0x0 0x80 0x2dc 0x24a0007 0x2dc 0x60 0x0 0x24f0002 0x0 0x2560005 0x0 0x0 0x0 0x0 0x0 0x2610005 0x0 0x21089547328 0x2dc 0x0 0x0 0x2710002 0x2dc 0x2740002 0x2dc 0x2770004 0x0 0x21089544ec8 0x2dc 0x0 0x0 0x27a0005 0x0 0x210ff93bd88 0x2dc 0x0 0x0 0x27d0005 0x0 0x210ff93e7b8 0x2dc 0x0 0x0 0x2810003 0x2dd 0x1600 0x2880005 0x0 0x0 0x0 0x0 0x0 0x29c0005 0x0 0x0 0x0 0x0 0x0 0x29f0005 0x0 0x0 0x0 0x0 0x0 0x2a30003 0x0 0x1558 0x2aa0005 0x0 0x21089547328 0x2dc 0x0 0x0 0x2bd0005 0x2dd 0x0 0x0 0x0 0x0 0x2c00005 0x0 0x210ff93e7b8 0x2dd 0x0 0x0 0x2c40003 0x2dd 0x14b0 0x2cb0005 0x0 0x0 0x0 0x0 0x0 0x2d40007 0x0 0x38 0x0 0x2d80003 0x0 0x18 0x2e10007 0x0 0x38 0x0 0x2e60003 0x0 0x18 0x2eb0005 0x0 0x0 0x0 0x0 0x0 0x2f10007 0x0 0x20 0x0 0x31c0005 0x0 0x0 0x0 0x0 0x0 0x31f0005 0x0 0x0 0x0 0x0 0x0 0x3230003 0x0 0x1348 0x3270002 0x0 0x32a0005 0x0 0x0 0x0 0x0 0x0 0x32f0004 0x0 0x0 0x0 0x0 0x0 0x3360007 0x0 0x60 0x0 0x3400005 0x0 0x0 0x0 0x0 0x0 0x3450002 0x0 0x34b0004 0x0 0x0 0x0 0x0 0x0 0x34e0007 0x0 0x1d8 0x0 0x3550005 0x0 0x0 0x0 0x0 0x0 0x35a0007 0x0 0x188 0x0 0x35e0002 0x0 0x3660005 0x0 0x0 0x0 0x0 0x0 0x3690002 0x0 0x36e0005 0x0 0x0 0x0 0x0 0x0 0x3730005 0x0 0x0 0x0 0x0 0x0 0x37c0002 0x0 0x37f0004 0x0 0x0 0x0 0x0 0x0 0x3820005 0x0 0x0 0x0 0x0 0x0 0x3850005 0x0 0x0 0x0 0x0 0x0 0x3890003 0x0 0x1070 0x38f0005 0x0 0x0 0x0 0x0 0x0 0x3920005 0x0 0x0 0x0 0x0 0x0 0x3960003 0x0 0xff8 0x39d0005 0x0 0x0 0x0 0x0 0x0 0x3ae0002 0x0 0x3b10004 0x0 0x0 0x0 0x0 0x0 0x3b80002 0x0 0x3c10007 0x0 0x98 0x0 0x3c70005 0x0 0x0 0x0 0x0 0x0 0x3cd0005 0x0 0x0 0x0 0x0 0x0 0x3d10003 0x0 0xee0 0x3d70005 0x0 0x0 0x0 0x0 0x0 0x3dd0005 0x0 0x0 0x0 0x0 0x0 0x3e10003 0x0 0xe68 0x3e80005 0x0 0x21089547328 0x2dc 0x0 0x0 0x3f60002 0x2d8 0x3f90004 0x0 0x21089544ec8 0x2d9 0x0 0x0 0x4000002 0x2d9 0x4090007 0x2dd 0x98 0x0 0x40f0005 0x0 0x0 0x0 0x0 0x0 0x4150005 0x0 0x0 0x0 0x0 0x0 0x4190003 0x0 0xd50 0x41f0005 0x0 0x210895473d0 0x2dd 0x0 0x0 0x4250005 0x0 0x210ff93e7b8 0x2dd 0x0 0x0 0x4290003 0x2dc 0xcd8 0x4300005 0x0 0x21089547328 0x2dc 0x0 0x0 0x43c0008 0x8 0x0 0x80 0x0 0x50 0x2dc 0x80 0x0 0x68 0x4670003 0x0 0x30 0x4710003 0x0 0x18 0x4840005 0x2dc 0x0 0x0 0x0 0x0 0x4870005 0x0 0x210ff93e7b8 0x2dd 0x0 0x0 0x48b0003 0x2dc 0xbb0 0x4920005 0x0 0x21089547328 0x2da 0x0 0x0 0x49d0007 0x0 0x38 0x2dc 0x4a20003 0x2dc 0x18 0x4b40005 0x2dc 0x0 0x0 0x0 0x0 0x4b70005 0x0 0x210ff93e7b8 0x2dc 0x0 0x0 0x4bb0003 0x2dd 0xad0 0x4c20005 0x0 0x0 0x0 0x0 0x0 0x4d50005 0x0 0x0 0x0 0x0 0x0 0x4d80005 0x0 0x0 0x0 0x0 0x0 0x4dc0003 0x0 0xa28 0x4e30005 0x0 0x0 0x0 0x0 0x0 0x4f60005 0x0 0x0 0x0 0x0 0x0 0x4f90005 0x0 0x0 0x0 0x0 0x0 0x4fd0003 0x0 0x980 0x50c0005 0x0 0x0 0x0 0x0 0x0 0x5110005 0x0 0x0 0x0 0x0 0x0 0x51f0005 0x0 0x0 0x0 0x0 0x0 0x5270007 0x0 0x8d8 0x0 0x52d0005 0x0 0x0 0x0 0x0 0x0 0x5390005 0x0 0x0 0x0 0x0 0x0 0x53d0003 0x0 0x858 0x54c0005 0x0 0x0 0x0 0x0 0x0 0x5510005 0x0 0x0 0x0 0x0 0x0 0x55f0005 0x0 0x0 0x0 0x0 0x0 0x5640005 0x0 0x0 0x0 0x0 0x0 0x5720005 0x0 0x0 0x0 0x0 0x0 0x5770005 0x0 0x0 0x0 0x0 0x0 0x5810002 0x0 0x58f0005 0x0 0x0 0x0 0x0 0x0 0x5970005 0x0 0x0 0x0 0x0 0x0 0x59c0005 0x0 0x0 0x0 0x0 0x0 0x59f0005 0x0 0x0 0x0 0x0 0x0 0x5a30003 0x0 0x650 0x5b20005 0x0 0x0 0x0 0x0 0x0 0x5b70005 0x0 0x0 0x0 0x0 0x0 0x5c50005 0x0 0x0 0x0 0x0 0x0 0x5ca0005 0x0 0x0 0x0 0x0 0x0 0x5d80005 0x0 0x0 0x0 0x0 0x0 0x5dd0005 0x0 0x0 0x0 0x0 0x0 0x5eb0005 0x0 0x0 0x0 0x0 0x0 0x5f00005 0x0 0x0 0x0 0x0 0x0 0x5fe0005 0x0 0x0 0x0 0x0 0x0 0x6030005 0x0 0x0 0x0 0x0 0x0 0x6110005 0x0 0x0 0x0 0x0 0x0 0x6150003 0x0 0x428 0x6240005 0x0 0x0 0x0 0x0 0x0 0x6290005 0x0 0x0 0x0 0x0 0x0 0x6370005 0x0 0x0 0x0 0x0 0x0 0x63c0005 0x0 0x0 0x0 0x0 0x0 0x64a0005 0x0 0x0 0x0 0x0 0x0 0x64e0003 0x0 0x320 0x6560002 0x0 0x6590005 0x0 0x0 0x0 0x0 0x0 0x65e0004 0x0 0x0 0x0 0x0 0x0 0x6610007 0x0 0x38 0x0 0x6690003 0x0 0x18 0x6740005 0x0 0x0 0x0 0x0 0x0 0x67d0007 0x0 0x78 0x0 0x6830002 0x0 0x6860005 0x0 0x0 0x0 0x0 0x0 0x68f0003 0x0 0x68 0x6970007 0x0 0x50 0x0 0x69d0005 0x0 0x0 0x0 0x0 0x0 0x6ad0005 0x0 0x0 0x0 0x0 0x0 0x6b00005 0x0 0x0 0x0 0x0 0x0 0x6b50005 0x0 0x0 0x0 0x0 0x0 0x6c10005 0x0 0x0 0x0 0x0 0x0 0x6c60005 0x0 0x0 0x0 0x0 0x0 0x6d40005 0x0 0x0 0x0 0x0 0x0 0x6d80003 0x0 0x48 0x6de0007 0x0 0x30 0x0 0x6e50002 0x0 0x6e90003 0x1408 0x58 0x6f50005 0x0 0x0 0x0 0x0 0x0 0x6fa0002 0x0 0x0 0x0 0x0 0x0 0x0 0x0 0x0 0x0 0x0 0x0 0x0 0x0 0x0 0x0 0x0 0x0 0x0 0x0 0x0 0x0 0x0 0x0 0x0 0x0 0x0 0x0 0x0 0x9 0x6 0x0 0x0 0x0 0x0 0x0 0x0 0x1b50001 0x6ec0001 oops 20 191 java/time/ZonedDateTime 203 java/lang/StringBuilder 212 java/time/ZonedDateTime 224 java/lang/StringBuilder 311 java/lang/String 317 java/lang/String 339 java/time/ZonedDateTime 349 java/util/Locale 355 java/lang/String 361 java/lang/StringBuilder 391 java/time/ZonedDateTime 403 java/lang/StringBuilder 613 java/time/ZonedDateTime 621 java/util/Locale 648 java/text/DateFormatSymbols 654 java/lang/StringBuilder 663 java/time/ZonedDateTime 691 java/lang/StringBuilder 700 java/time/ZonedDateTime 719 java/lang/StringBuilder methods 0
ciMethodData java/util/Formatter$FormatSpecifier localizedMagnitude (Ljava/util/Formatter;Ljava/lang/StringBuilder;JIILjava/util/Locale;)Ljava/lang/StringBuilder; 2 3661 orig 80 0 0 0 0 0 0 0 0 0 0 0 0 0 0 0 0 0 0 0 0 0 0 0 0 0 0 0 0 0 0 0 0 0 0 0 0 0 0 0 0 0 0 0 0 0 0 0 0 0 0 0 0 0 0 0 0 0 0 0 0 0 0 0 0 0 0 0 0 0 0 0 0 0 0 0 0 0 0 0 0 data 24 0x60002 0xe4e 0x100005 0xe4e 0x0 0x0 0x0 0x0 0x0 0x0 0x0 0x0 0x0 0x0 0x9 0x8 0x0 0x0 0x0 0x0 0x0 0x0 0x0 0x0 oops 0 methods 0
compile java/util/Formatter$FormatSpecifier print (Ljava/util/Formatter;Ljava/lang/StringBuilder;Ljava/time/temporal/TemporalAccessor;CLjava/util/Locale;)Ljava/lang/Appendable; -1 4 inline 107 0 -1 0 java/util/Formatter$FormatSpecifier print (Ljava/util/Formatter;Ljava/lang/StringBuilder;Ljava/time/temporal/TemporalAccessor;CLjava/util/Locale;)Ljava/lang/Appendable; 1 1156 0 java/util/Formatter$FormatSpecifier localizedMagnitude (Ljava/util/Formatter;Ljava/lang/StringBuilder;JIILjava/util/Locale;)Ljava/lang/StringBuilder; 2 6 0 java/lang/Long toString (JI)Ljava/lang/String; 3 21 0 java/lang/Long toString (J)Ljava/lang/String; 4 1 0 jdk/internal/util/DecimalDigits stringSize (J)I 4 18 0 jdk/internal/util/DecimalDigits uncheckedGetCharsLatin1 (JI[B)I 5 95 0 jdk/internal/util/DecimalDigits uncheckedPutPairLatin1 ([BII)V 6 16 0 jdk/internal/util/DecimalDigits uncheckedPutCharLatin1 ([BII)V 6 27 0 jdk/internal/util/DecimalDigits uncheckedPutCharLatin1 ([BII)V 5 121 0 jdk/internal/util/DecimalDigits uncheckedPutPairLatin1 ([BII)V 6 16 0 jdk/internal/util/DecimalDigits uncheckedPutCharLatin1 ([BII)V 6 27 0 jdk/internal/util/DecimalDigits uncheckedPutCharLatin1 ([BII)V 5 138 0 jdk/internal/util/DecimalDigits uncheckedPutCharLatin1 ([BII)V 4 28 0 java/lang/String <init> ([BB)V 5 1 0 java/lang/Object <init> ()V 1 1159 0 java/lang/StringBuilder append (Ljava/lang/CharSequence;)Ljava/lang/StringBuilder; 1 628 0 java/util/Objects requireNonNullElse (Ljava/lang/Object;Ljava/lang/Object;)Ljava/lang/Object; 1 634 0 java/lang/String toLowerCase (Ljava/util/Locale;)Ljava/lang/String; 2 1 0 java/lang/String isLatin1 ()Z 2 13 0 java/lang/StringLatin1 toLowerCase (Ljava/lang/String;[BLjava/util/Locale;)Ljava/lang/String; 3 34 0 java/lang/CharacterDataLatin1 isUpperCase (I)Z 4 2 0 java/lang/CharacterDataLatin1 getPropertiesEx (I)I 3 58 0 java/util/Locale getLanguage ()Ljava/lang/String; 4 4 0 sun/util/locale/BaseLocale getLanguage ()Ljava/lang/String; 3 133 0 java/lang/CharacterDataLatin1 toLowerCase (I)I 3 151 0 java/lang/String <init> ([BB)V 4 1 0 java/lang/Object <init> ()V 1 380 0 java/util/Formatter$FormatSpecifier localizedMagnitude (Ljava/util/Formatter;Ljava/lang/StringBuilder;JIILjava/util/Locale;)Ljava/lang/StringBuilder; 2 6 0 java/lang/Long toString (JI)Ljava/lang/String; 3 21 0 java/lang/Long toString (J)Ljava/lang/String; 4 1 0 jdk/internal/util/DecimalDigits stringSize (J)I 4 18 0 jdk/internal/util/DecimalDigits uncheckedGetCharsLatin1 (JI[B)I 5 95 0 jdk/internal/util/DecimalDigits uncheckedPutPairLatin1 ([BII)V 6 16 0 jdk/internal/util/DecimalDigits uncheckedPutCharLatin1 ([BII)V 6 27 0 jdk/internal/util/DecimalDigits uncheckedPutCharLatin1 ([BII)V 5 121 0 jdk/internal/util/DecimalDigits uncheckedPutPairLatin1 ([BII)V 6 16 0 jdk/internal/util/DecimalDigits uncheckedPutCharLatin1 ([BII)V 6 27 0 jdk/internal/util/DecimalDigits uncheckedPutCharLatin1 ([BII)V 5 138 0 jdk/internal/util/DecimalDigits uncheckedPutCharLatin1 ([BII)V 4 28 0 java/lang/String <init> ([BB)V 5 1 0 java/lang/Object <init> ()V 1 383 0 java/lang/StringBuilder append (Ljava/lang/CharSequence;)Ljava/lang/StringBuilder; 1 1014 0 java/util/Objects requireNonNullElse (Ljava/lang/Object;Ljava/lang/Object;)Ljava/lang/Object; 2 11 0 java/util/Objects requireNonNull (Ljava/lang/Object;Ljava/lang/String;)Ljava/lang/Object; 1 1024 0 java/text/DateFormatSymbols getInstance (Ljava/util/Locale;)Ljava/text/DateFormatSymbols; 2 1 0 java/text/DateFormatSymbols getProviderInstance (Ljava/util/Locale;)Ljava/text/DateFormatSymbols; 3 3 0 sun/util/locale/provider/LocaleProviderAdapter getAdapter (Ljava/lang/Class;Ljava/util/Locale;)Lsun/util/locale/provider/LocaleProviderAdapter; 4 4 0 java/util/concurrent/ConcurrentHashMap get (Ljava/lang/Object;)Ljava/lang/Object; 5 4 0 java/util/concurrent/ConcurrentHashMap spread (I)I 5 34 0 java/util/concurrent/ConcurrentHashMap tabAt ([Ljava/util/concurrent/ConcurrentHashMap$Node;I)Ljava/util/concurrent/ConcurrentHashMap$Node; 5 73 0 java/lang/Object equals (Ljava/lang/Object;)Z 5 149 0 java/lang/Object equals (Ljava/lang/Object;)Z 4 19 0 java/util/concurrent/ConcurrentHashMap get (Ljava/lang/Object;)Ljava/lang/Object; 5 1 0 java/util/Locale hashCode ()I 5 4 0 java/util/concurrent/ConcurrentHashMap spread (I)I 5 34 0 java/util/concurrent/ConcurrentHashMap tabAt ([Ljava/util/concurrent/ConcurrentHashMap$Node;I)Ljava/util/concurrent/ConcurrentHashMap$Node; 3 8 0 sun/util/locale/provider/JRELocaleProviderAdapter getDateFormatSymbolsProvider ()Ljava/text/spi/DateFormatSymbolsProvider; 3 14 0 sun/util/locale/provider/DateFormatSymbolsProviderImpl getInstance (Ljava/util/Locale;)Ljava/text/DateFormatSymbols; 4 17 0 java/text/DateFormatSymbols <init> (Ljava/util/Locale;)V 5 1 0 java/lang/Object <init> ()V 1 1055 0 java/text/DateFormatSymbols getShortMonths ()[Ljava/lang/String; 2 9 0 java/util/Arrays copyOf ([Ljava/lang/Object;I)[Ljava/lang/Object; 1 1204 0 java/util/Formatter$FormatSpecifier localizedMagnitude (Ljava/util/Formatter;Ljava/lang/StringBuilder;JIILjava/util/Locale;)Ljava/lang/StringBuilder; 2 6 0 java/lang/Long toString (JI)Ljava/lang/String; 3 21 0 java/lang/Long toString (J)Ljava/lang/String; 4 1 0 jdk/internal/util/DecimalDigits stringSize (J)I 4 18 0 jdk/internal/util/DecimalDigits uncheckedGetCharsLatin1 (JI[B)I 5 95 0 jdk/internal/util/DecimalDigits uncheckedPutPairLatin1 ([BII)V 6 16 0 jdk/internal/util/DecimalDigits uncheckedPutCharLatin1 ([BII)V 6 27 0 jdk/internal/util/DecimalDigits uncheckedPutCharLatin1 ([BII)V 5 121 0 jdk/internal/util/DecimalDigits uncheckedPutPairLatin1 ([BII)V 6 16 0 jdk/internal/util/DecimalDigits uncheckedPutCharLatin1 ([BII)V 6 27 0 jdk/internal/util/DecimalDigits uncheckedPutCharLatin1 ([BII)V 5 138 0 jdk/internal/util/DecimalDigits uncheckedPutCharLatin1 ([BII)V 4 28 0 java/lang/String <init> ([BB)V 5 1 0 java/lang/Object <init> ()V 1 1207 0 java/lang/StringBuilder append (Ljava/lang/CharSequence;)Ljava/lang/StringBuilder; 1 701 0 java/util/Formatter$FormatSpecifier localizedMagnitude (Ljava/util/Formatter;Ljava/lang/StringBuilder;JIILjava/util/Locale;)Ljava/lang/StringBuilder; 2 6 0 java/lang/Long toString (JI)Ljava/lang/String; 3 21 0 java/lang/Long toString (J)Ljava/lang/String; 4 1 0 jdk/internal/util/DecimalDigits stringSize (J)I 4 18 0 jdk/internal/util/DecimalDigits uncheckedGetCharsLatin1 (JI[B)I 5 95 0 jdk/internal/util/DecimalDigits uncheckedPutPairLatin1 ([BII)V 6 16 0 jdk/internal/util/DecimalDigits uncheckedPutCharLatin1 ([BII)V 6 27 0 jdk/internal/util/DecimalDigits uncheckedPutCharLatin1 ([BII)V 5 121 0 jdk/internal/util/DecimalDigits uncheckedPutPairLatin1 ([BII)V 6 16 0 jdk/internal/util/DecimalDigits uncheckedPutCharLatin1 ([BII)V 6 27 0 jdk/internal/util/DecimalDigits uncheckedPutCharLatin1 ([BII)V 5 138 0 jdk/internal/util/DecimalDigits uncheckedPutCharLatin1 ([BII)V 4 28 0 java/lang/String <init> ([BB)V 5 1 0 java/lang/Object <init> ()V 1 704 0 java/lang/StringBuilder append (Ljava/lang/CharSequence;)Ljava/lang/StringBuilder; 1 413 0 java/util/Formatter$FormatSpecifier localizedMagnitude (Ljava/util/Formatter;Ljava/lang/StringBuilder;JIILjava/util/Locale;)Ljava/lang/StringBuilder; 2 6 0 java/lang/Long toString (JI)Ljava/lang/String; 3 21 0 java/lang/Long toString (J)Ljava/lang/String; 4 1 0 jdk/internal/util/DecimalDigits stringSize (J)I 4 18 0 jdk/internal/util/DecimalDigits uncheckedGetCharsLatin1 (JI[B)I 5 95 0 jdk/internal/util/DecimalDigits uncheckedPutPairLatin1 ([BII)V 6 16 0 jdk/internal/util/DecimalDigits uncheckedPutCharLatin1 ([BII)V 6 27 0 jdk/internal/util/DecimalDigits uncheckedPutCharLatin1 ([BII)V 5 121 0 jdk/internal/util/DecimalDigits uncheckedPutPairLatin1 ([BII)V 6 16 0 jdk/internal/util/DecimalDigits uncheckedPutCharLatin1 ([BII)V 6 27 0 jdk/internal/util/DecimalDigits uncheckedPutCharLatin1 ([BII)V 5 138 0 jdk/internal/util/DecimalDigits uncheckedPutCharLatin1 ([BII)V 4 28 0 java/lang/String <init> ([BB)V 5 1 0 java/lang/Object <init> ()V 1 416 0 java/lang/StringBuilder append (Ljava/lang/CharSequence;)Ljava/lang/StringBuilder;
